drug_id,selected_cid,candidate_cids_with_counts,mapping_status,smiles,smiles_sha256
DB00002,,{},missing,,
DB00003,,{},missing,,
DB00004,,{},missing,,
DB00005,,{},missing,,
DB00006,16129704,"{""16129704"": 8}",unique,CC[C@H](C)[C@@H](C(=O)N1CCC[C@H]1C(=O)N[C@@H](CCC(=O)O)C(=O)N[C@@H](CCC(=O)O)C(=O)N[C@@H](CC2=CC=C(C=C2)O)C(=O)N[C@@H](CC(C)C)C(=O)O)NC(=O)[C@H](CCC(=O)O)NC(=O)[C@H](CCC(=O)O)NC(=O)[C@H](CC3=CC=CC=C3)NC(=O)[C@H](CC(=O)O)NC(=O)CNC(=O)[C@H](CC(=O)N)NC(=O)CNC(=O)CNC(=O)CNC(=O)CNC(=O)[C@@H]4CCCN4C(=O)[C@H](CCCNC(=N)N)NC(=O)[C@@H]5CCCN5C(=O)[C@@H](CC6=CC=CC=C6)N,68b9eb26eaf5a32cd72e75cdb78cc8afa1a8f4a9c5636acdd668ac9d3450795b
DB00007,657181,"{""657181"": 67, ""657180"": 47}",ambiguous_resolved_by_frequency,CCNC(=O)[C@@H]1CCCN1C(=O)[C@H](CCCN=C(N)N)NC(=O)[C@H](CC(C)C)NC(=O)[C@@H](CC(C)C)NC(=O)[C@H](CC2=CC=C(C=C2)O)NC(=O)[C@H](CO)NC(=O)[C@H](CC3=CNC4=CC=CC=C43)NC(=O)[C@H](CC5=CN=CN5)NC(=O)[C@@H]6CCC(=O)N6,d5bbd817b84c39c12ddcb40912c21b91f8fc26e80a37aa3321f7bf89c466ebf7
DB00008,,{},missing,,
DB00009,,{},missing,,
DB00012,,{},missing,,
DB00014,5311128,"{""5311128"": 120}",unique,CC(C)C[C@@H](C(=O)N[C@@H](CCCN=C(N)N)C(=O)N1CCC[C@H]1C(=O)NNC(=O)N)NC(=O)[C@@H](COC(C)(C)C)NC(=O)[C@H](CC2=CC=C(C=C2)O)NC(=O)[C@H](CO)NC(=O)[C@H](CC3=CNC4=CC=CC=C43)NC(=O)[C@H](CC5=CN=CN5)NC(=O)[C@@H]6CCC(=O)N6,966bf3b8b5b55c562921f1b34bd1595dbc4bea7740c1800b219050d8d94110e2
DB00016,,{},missing,,
DB00019,,{},missing,,
DB00020,9941306,"{""9941306"": 1}",unique,CC[C@H](C)[C@@H](C(=O)N[C@@H](CC1=CC=CC=C1)C(=O)NCC(=O)N[C@@H](CO)C(=O)N[C@@H](CC(C)C)C(=O)N[C@@H](C)C(=O)N[C@@H](CC2=CC=CC=C2)C(=O)N[C@@H](CC(C)C)C(=O)O)NC(=O)[C@H](CCCCN)N,40d43163c1a4abf900af0ff9dc5c46b5bcd2eb146302a43de7470c881f3916b4
DB00022,,{},missing,,
DB00023,,{},missing,,
DB00025,,{},missing,,
DB00026,,{},missing,,
DB00028,,{},missing,,
DB00030,,{},missing,,
DB00031,,{},missing,,
DB00032,,{},missing,,
DB00033,,{},missing,,
DB00034,,{},missing,,
DB00039,,{},missing,,
DB00040,16186314,"{""16186314"": 3}",unique,C[C@H]([C@@H](C(=O)N[C@@H](CC1=CC=CC=C1)C(=O)N[C@@H]([C@@H](C)O)C(=O)N[C@@H](CO)C(=O)N[C@@H](CC(=O)O)C(=O)N[C@@H](CC2=CC=C(C=C2)O)C(=O)N[C@@H](CO)C(=O)N[C@@H](CCCCN)C(=O)N[C@@H](CC3=CC=C(C=C3)O)C(=O)N[C@@H](CC(C)C)C(=O)N[C@@H](CC(=O)O)C(=O)N[C@@H](CO)C(=O)N[C@@H](CCCNC(=N)N)C(=O)N[C@@H](CCCNC(=N)N)C(=O)N[C@@H](C)C(=O)N[C@@H](CCC(=O)N)C(=O)N[C@@H](CC(=O)O)C(=O)N[C@@H](CC4=CC=CC=C4)C(=O)N[C@@H](C(C)C)C(=O)N[C@@H](CCC(=O)N)C(=O)N[C@@H](CC5=CNC6=CC=CC=C65)C(=O)N[C@@H](CC(C)C)C(=O)N[C@@H](CCSC)C(=O)N[C@@H](CC(=O)N)C(=O)N[C@@H](C(C)O)C(=O)O)NC(=O)CNC(=O)[C@H](CCC(=O)N)NC(=O)[C@H](CO)NC(=O)[C@H](CC7=CNC=N7)N)O,98bfbf4abe000f507d2b77b413d8805f2e0983d2e9dc1a47f53014abdb2a134c
DB00041,,{},missing,,
DB00043,,{},missing,,
DB00046,16132438,"{""16132438"": 32}",unique,CC[C@H](C)[C@@H](C(=O)N[C@@H](C(C)C)C(=O)N[C@@H](CCC(=O)O)C(=O)N[C@@H](CCC(=O)N)C(=O)N[C@@H](CS)C(=O)N[C@@H](CS)C(=O)N[C@@H]([C@@H](C)O)C(=O)N[C@@H](CO)C(=O)N[C@@H]([C@@H](C)CC)C(=O)N[C@@H](CS)C(=O)N[C@@H](CO)C(=O)N[C@@H](CC(C)C)C(=O)N[C@@H](CC1=CC=C(C=C1)O)C(=O)N[C@@H](CCC(=O)N)C(=O)N[C@@H](CC(C)C)C(=O)N[C@@H](CCC(=O)O)C(=O)N[C@@H](CC(=O)N)C(=O)N[C@@H](CC2=CC=C(C=C2)O)C(=O)N[C@@H](CS)C(=O)N[C@@H](CC(=O)N)C(=O)O)NC(=O)CN.C[C@H]([C@@H](C(=O)N[C@@H](CCCCN)C(=O)N1CCC[C@H]1C(=O)N[C@@H]([C@@H](C)O)C(=O)O)NC(=O)[C@H](CC2=CC=C(C=C2)O)NC(=O)[C@H](CC3=CC=CC=C3)NC(=O)[C@H](CC4=CC=CC=C4)NC(=O)CNC(=O)[C@H](CCCNC(=N)N)NC(=O)[C@H](CCC(=O)O)NC(=O)CNC(=O)[C@H](CS)NC(=O)[C@H](C(C)C)NC(=O)[C@H](CC(C)C)NC(=O)[C@H](CC5=CC=C(C=C5)O)NC(=O)[C@H](CC(C)C)NC(=O)[C@H](C)NC(=O)[C@H](CCC(=O)O)NC(=O)[C@H](C(C)C)NC(=O)[C@H](CC(C)C)NC(=O)[C@H](CC6=CN=CN6)NC(=O)[C@H](CO)NC(=O)CNC(=O)[C@H](CS)NC(=O)[C@H](CC(C)C)NC(=O)[C@H](CC7=CN=CN7)NC(=O)[C@H](CCC(=O)N)NC(=O)[C@H](CC(=O)N)NC(=O)[C@H](C(C)C)NC(=O)[C@H](CC8=CC=CC=C8)N)O,e70ed2c7122f8ea75d48712b262d07d27e2d91806717f1d5a556541ac03441be
DB00047,118984454,"{""118984454"": 16}",unique,CC[C@H](C)[C@H]1C(=O)N[C@H]2CSSC[C@@H](C(=O)N[C@@H](CSSC[C@@H](C(=O)NCC(=O)N[C@H](C(=O)N[C@H](C(=O)N[C@H](C(=O)N[C@H](C(=O)N[C@H](C(=O)N[C@H](C(=O)N[C@H](C(=O)N[C@H](C(=O)N[C@H](C(=O)N[C@H](C(=O)N[C@@H](CSSC[C@H](NC(=O)[C@@H](NC(=O)[C@@H](NC(=O)[C@@H](NC(=O)[C@@H](NC(=O)[C@@H](NC(=O)[C@@H](NC(=O)[C@@H](NC(=O)[C@@H](NC2=O)CO)CC(C)C)CC3=CC=C(C=C3)O)CCC(=O)N)CC(C)C)CCC(=O)O)CC(=O)N)CC4=CC=C(C=C4)O)C(=O)NCC(=O)O)C(=O)NCC(=O)N[C@@H](CCC(=O)O)C(=O)N[C@@H](CCCNC(=N)N)C(=O)NCC(=O)N[C@@H](CC5=CC=CC=C5)C(=O)N[C@@H](CC6=CC=CC=C6)C(=O)N[C@@H](CC7=CC=C(C=C7)O)C(=O)N[C@@H]([C@@H](C)O)C(=O)N8CCC[C@H]8C(=O)N[C@@H](CCCCN)C(=O)N[C@@H]([C@@H](C)O)C(=O)N[C@@H](CCCNC(=N)N)C(=O)N[C@@H](CCCNC(=N)N)C(=O)O)C(C)C)CC(C)C)CC9=CC=C(C=C9)O)CC(C)C)C)CCC(=O)O)C(C)C)CC(C)C)CC2=CNC=N2)CO)NC(=O)[C@H](CC(C)C)NC(=O)[C@H](CC2=CNC=N2)NC(=O)[C@H](CCC(=O)N)NC(=O)[C@H](CC(=O)N)NC(=O)[C@H](C(C)C)NC(=O)[C@H](CC2=CC=CC=C2)N)C(=O)N[C@H](C(=O)N[C@H](C(=O)N1)CO)[C@@H](C)O)NC(=O)[C@H](CCC(=O)N)NC(=O)[C@H](CCC(=O)O)NC(=O)[C@H](C(C)C)NC(=O)[C@H]([C@@H](C)CC)NC(=O)CN,0d24a34f5d407aeacb5791d750fc3eeceaf75f9a8fdc3e664973665f85131d62
DB00049,,{},missing,,
DB00050,25074887,"{""25074887"": 2}",unique,C[C@H](C(=O)N)NC(=O)[C@@H]1CCCN1C(=O)[C@H](CCCN=C(N)N)NC(=O)[C@H](CC(C)C)NC(=O)[C@@H](CCCNC(=O)N)NC(=O)[C@H](CC2=CC=C(C=C2)O)NC(=O)[C@H](CO)NC(=O)[C@@H](CC3=CN=CC=C3)NC(=O)[C@@H](CC4=CC=C(C=C4)Cl)NC(=O)[C@@H](CC5=CC6=CC=CC=C6C=C5)NC(=O)C,1a8e9ea3795505aac403a63d104305e6c00afc8b77b9f357c3a4454556da0090
DB00051,,{},missing,,
DB00052,,{},missing,,
DB00054,3815015,"{""3815015"": 3}",unique,CC1=CC(=C(C=C1Cl)C)S(=O)(=O)N2CCC(CC2)C3=NC=CN3CC4=C(ON=C4C)C,c9a56c3165ad6290bea21e22c6053818711ea38e19ba9f8e5883bb818c80d7b0
DB00056,,{},missing,,
DB00058,,{},missing,,
DB00059,,{},missing,,
DB00060,,{},missing,,
DB00061,,{},missing,,
DB00063,448812,"{""448812"": 7}",unique,C1C[C@H]2C(=O)N[C@@H](CSSCCC(=O)N[C@H](C(=O)NCC(=O)N[C@H](C(=O)N[C@H](C(=O)N2C1)CC3=CNC4=CC=CC=C43)CC(=O)O)CCCCN=C(N)N)C(=O)N,c7d9236ec62ee6caa4603bc51f89005bda1f87a413cf0e677cdc3be8ef20e3c4
DB00065,,{},missing,,
DB00068,,{},missing,,
DB00072,,{},missing,,
DB00073,,{},missing,,
DB00074,,{},missing,,
DB00078,74890578,"{""74890578"": 2}",unique,CC(CN(C[C@H](CC1=CC=C(C=C1)NC(=O)NC)N(CC(=O)O)CC(=O)O)CC(=O)O)N(CC(=O)O)CC(=O)O,72e337d1e917b3be20867251c4b26ac24740c3cf20e87bfbd6173ae4d8134cc3
DB00080,21585658,"{""21585658"": 8}",unique,CCCCCCCCCC(=O)N[C@@H](CC1=CNC2=CC=CC=C21)C(=O)N[C@H](CC(=O)N)C(=O)N[C@@H](CC(=O)O)C(=O)N[C@H]3[C@H](OC(=O)[C@@H](NC(=O)[C@@H](NC(=O)[C@H](NC(=O)CNC(=O)[C@@H](NC(=O)[C@H](NC(=O)[C@@H](NC(=O)[C@@H](NC(=O)CNC3=O)CCCN)CC(=O)O)C)CC(=O)O)CO)[C@H](C)CC(=O)O)CC(=O)C4=CC=CC=C4N)C,bdedf2d7f510489d4babcb5fef8abf9d7510bdfebb0b2cc9d0949480414cd758
DB00082,,{},missing,,
DB00083,,{},missing,,
DB00085,,{},missing,,
DB00087,,{},missing,,
DB00091,5284373,"{""5284373"": 290}",unique,CC[C@H]1C(=O)N(CC(=O)N([C@H](C(=O)N[C@H](C(=O)N([C@H](C(=O)N[C@H](C(=O)N[C@@H](C(=O)N([C@H](C(=O)N([C@H](C(=O)N([C@H](C(=O)N([C@H](C(=O)N1)[C@@H]([C@H](C)C/C=C/C)O)C)C(C)C)C)CC(C)C)C)CC(C)C)C)C)C)CC(C)C)C)C(C)C)CC(C)C)C)C,be85e841c2bc437d9ca5c1b81235448159ff94c7488662a5d5b75b4a90869136
DB00092,,{},missing,,
DB00094,62819,"{""62819"": 2}",unique,CCC(C)C1C(=O)NC(C(=O)NC(C(=O)NC(CSSCC(C(=O)NC(C(=O)N1)CC2=CC=C(C=C2)O)N)C(=O)N3CCCC3C(=O)NC(CC(C)C)C(=O)NCC(=O)N)CC(=O)N)C(C)O,7203ad8ef4f40149d2a5eadac30aff8b3559b7fead5e3430120e3e2ea3395ac9
DB00095,,{},missing,,
DB00098,,{},missing,,
DB00099,,{},missing,,
DB00103,,{},missing,,
DB00104,448601,"{""6917964"": 1, ""448601"": 19}",ambiguous_resolved_by_frequency,C[C@H]([C@H]1C(=O)N[C@@H](CSSC[C@@H](C(=O)N[C@H](C(=O)N[C@@H](C(=O)N[C@H](C(=O)N1)CCCCN)CC2=CNC3=CC=CC=C32)CC4=CC=CC=C4)NC(=O)[C@@H](CC5=CC=CC=C5)N)C(=O)N[C@H](CO)[C@@H](C)O)O,3866b76a8695e7a8835a8c0d26bc29bcdf4b083f93c526c9066d42178b96765c
DB00105,71306834,"{""71306834"": 15}",unique,CCCN(CCOC1=C(C=C(C=C1Cl)Cl)Cl)C(=O)N2C=CN=C2.C(S(=O)(=O)[O-])(I)I.[Na+],d18bfe50f96188135763ea42c149781f9467370db747f41226b03a1b1195df7a
DB00108,,{},missing,,
DB00111,,{},missing,,
DB00112,,{},missing,,
DB00175,54687,"{""54687"": 29}",unique,CC[C@H](C)C(=O)O[C@H]1C[C@@H](C=C2[C@H]1[C@H]([C@H](C=C2)C)CC[C@H](C[C@H](CC(=O)O)O)O)O,e105dca18788f154b1de21d6da684148701687bb6af34d4caa0630792181152e
DB00176,5324346,"{""5324346"": 18}",unique,COCCCC/C(=N\OCCN)/C1=CC=C(C=C1)C(F)(F)F,e309987b3963e6b829d414177ce86dbf1005296808629b048ea824e7f29591ef
DB00177,60846,"{""60846"": 64}",unique,CCCCC(=O)N(CC1=CC=C(C=C1)C2=CC=CC=C2C3=NNN=N3)[C@@H](C(C)C)C(=O)O,9a585a8ee64bf57288c1764549894f1ea8271093dd0d8e6a11d3a0d23abc947a
DB00178,5362129,"{""5362129"": 38}",unique,CCOC(=O)[C@H](CCC1=CC=CC=C1)N[C@@H](C)C(=O)N2[C@H]3CCC[C@H]3C[C@H]2C(=O)O,52ef442b47de1478ee7ef26092ba9d0816dfde24edbe0b7b25bf6f8734f9380c
DB00181,2284,"{""2284"": 22}",unique,C1=CC(=CC=C1C(CC(=O)O)CN)Cl,980f425f4fc3ccf2c570383bf82298be6b7b649c20fb5f1f63b0a4d5d7884130
DB00184,89594,"{""89594"": 40}",unique,CN1CCC[C@H]1C2=CN=CC=C2,29e74b2246ca721f8ee4bbc668d50f5a50dbce2ff529248276e4eb39a7e324bf
DB00186,3958,"{""3958"": 30}",unique,C1=CC=C(C(=C1)C2=NC(C(=O)NC3=C2C=C(C=C3)Cl)O)Cl,f895b15055384db2bcc6f453af7a1426a62e65ad05abef959d6b10061bf9fb14
DB00187,59768,"{""59768"": 14}",unique,CC(C)NCC(COC1=CC=C(C=C1)CCC(=O)OC)O,00785a05d6e513d1020fa33a84edb6f638c5bc800effb6eb9265501e87839336
DB00188,387447,"{""387447"": 451}",unique,B([C@H](CC(C)C)NC(=O)[C@H](CC1=CC=CC=C1)NC(=O)C2=NC=CN=C2)(O)O,f3d7bf414f92d4a2da7e743ac3eb1400743ba63a528ee6df56a2649f271693d0
DB00190,38101,"{""38101"": 6}",unique,C[C@](CC1=CC(=C(C=C1)O)O)(C(=O)O)NN.O,a449d0e46a7efbb2dd4320acdc4d3085e916e0b9441ffa93fd4ed3a25414bb68
DB00193,33741,"{""63013"": 3, ""33741"": 48}",ambiguous_resolved_by_frequency,CN(C)C[C@H]1CCCC[C@@]1(C2=CC(=CC=C2)OC)O,64a28ef3bb533def76cddc4efa26d0642292c1f93720318660d5221a76a1c686
DB00196,3365,"{""3365"": 46}",unique,C1=CC(=C(C=C1F)F)C(CN2C=NC=N2)(CN3C=NC=N3)O,a99eeb998de87d8c4e0d55a385a67d383007839b6f35d86e693190a81193b8c8
DB00198,65028,"{""65028"": 37}",unique,CCC(CC)O[C@@H]1C=C(C[C@@H]([C@H]1NC(=O)C)N)C(=O)OCC,a47118a109d795691d2ef148217be292455e267156324f453afbb5c4be52c4f9
DB00199,12560,"{""12560"": 13, ""443953"": 1, ""441371"": 1}",ambiguous_resolved_by_frequency,CC[C@@H]1[C@@]([C@@H]([C@H](C(=O)[C@@H](C[C@@]([C@@H]([C@H]([C@@H]([C@H](C(=O)O1)C)O[C@H]2C[C@@]([C@H]([C@@H](O2)C)O)(C)OC)C)O[C@H]3[C@@H]([C@H](C[C@H](O3)C)N(C)C)O)(C)O)C)C)O)(C)O,7c4cd90a7ea96728fe2f795c9214659b3a026ab6598fcc761329f885e63377d3
DB00200,44475014,"{""44475014"": 1}",unique,CC1=CC2=C(C=C1C)N(C=N2)[C@@H]3[C@@H]([C@@H]([C@H](O3)CO)OP(=O)([O-])O[C@H](C)CNC(=O)CC[C@@]\4([C@H]([C@@H]5[C@]6([C@@]([C@@H](C(=N6)/C(=C\7/[C@@]([C@@H](C(=N7)/C=C\8/C([C@@H](C(=N8)/C(=C4\[N-]5)/C)CCC(=O)N)(C)C)CCC(=O)N)(C)CC(=O)N)/C)CCC(=O)N)(C)CC(=O)N)C)CC(=O)N)C)O.[OH-].[Co+3],63c5eabfec2bbd92eb64727796f2df2f4e99c345f4f8f54b32de5d77651f7934
DB00201,2519,"{""2519"": 73}",unique,CN1C=NC2=C1C(=O)N(C(=O)N2C)C,d1afa1cb69ce0ea6794c6d0ff85d4ecb5d359c4c7a0446dce74971e1146620b0
DB00202,5314,"{""5314"": 7}",unique,C[N+](C)(C)CCOC(=O)CCC(=O)OCC[N+](C)(C)C,168122ab36303795cd3be42abcb877822f79fbe84b0d42505e86a89cf28db147
DB00203,5212,"{""5212"": 38}",unique,CCCC1=NN(C2=C1NC(=NC2=O)C3=C(C=CC(=C3)S(=O)(=O)N4CCN(CC4)C)OCC)C,e28ffe1f73627c9a5e9db593a45f05035856fd44ab642b51dbb9880b65557de9
DB00204,71329,"{""71329"": 4}",unique,CN(CCC1=CC=C(C=C1)NS(=O)(=O)C)CCOC2=CC=C(C=C2)NS(=O)(=O)C,a53b4c535dd75a8e4037d5ff0a276aad17b226ac3d87a8d5535c323576512001
DB00205,4993,"{""4993"": 19}",unique,CCC1=C(C(=NC(=N1)N)N)C2=CC=C(C=C2)Cl,eabdf0802aeade5d7c3f63d548c9b69f60b398a5414c2e7b4e6c8383f43825a2
DB00207,447043,"{""447043"": 112, ""3033819"": 1}",ambiguous_resolved_by_frequency,CC[C@@H]1[C@@]([C@@H]([C@H](N(C[C@@H](C[C@@]([C@@H]([C@H]([C@@H]([C@H](C(=O)O1)C)O[C@H]2C[C@@]([C@H]([C@@H](O2)C)O)(C)OC)C)O[C@H]3[C@@H]([C@H](C[C@H](O3)C)N(C)C)O)(C)O)C)C)C)O)(C)O,12fa97500b7c8c8a682a13e68f57bcc198429fa87877bba372bbfd9499c3472a
DB00208,5472,"{""5472"": 2}",unique,C1CN(CC2=C1SC=C2)CC3=CC=CC=C3Cl,be2f28479e70e3f0bfdfe10430ad1c13080e6e30b25c8a0dee0671789b0eef70
DB00209,5596,"{""107979"": 2, ""5596"": 2}",ambiguous_resolved_by_frequency,C1CC[N+]2(C1)C3CCC2CC(C3)OC(=O)C(C4=CC=CC=C4)(C5=CC=CC=C5)O,bb5b5f4d9dbb58598a486a12399d8b6da2ba91afd9cfc829e5645dbfb3e1e1c0
DB00210,60164,"{""60164"": 3}",unique,COC1=C(C=C(C=C1)C2=CC3=C(C=C2)C=C(C=C3)C(=O)O)C45CC6CC(C4)CC(C6)C5,463c8cedcdefa6a186418a3211a107e09b849735758a5b6556bbe2bfd61dd8e9
DB00211,4195,"{""4195"": 6}",unique,COC1=CC(=C(C=C1)OC)C(CNC(=O)CN)O,210fd7e831b2b2ba5f35bde391a4f25146daf87a2ad83d80238b0d3d3b018d72
DB00213,4679,"{""4679"": 47}",unique,COC1=C(C(=NC=C1)CS(=O)C2=NC3=C(N2)C=C(C=C3)OC(F)F)OC,3eb5bb4c6c472fd24a6648d7e63d7f9ca9b8483f5931f52f39e774509ecddfba
DB00214,41781,"{""41781"": 4}",unique,CC1=CC(=CC=C1)NC2=C(C=NC=C2)S(=O)(=O)NC(=O)NC(C)C,bca66cf70ab6c85cb0af1c06d53d039928fd27196e93a3c0f0a515390aef0c10
DB00215,2771,"{""2771"": 43}",unique,CN(C)CCCC1(C2=C(CO1)C=C(C=C2)C#N)C3=CC=C(C=C3)F,740ff507f1a4bf64bd76e3ad57e475644a09d43e8286eb3ca2fe2e7542d88deb
DB00218,152946,"{""152946"": 185}",unique,COC1=C2C(=CC(=C1N3C[C@@H]4CCCN[C@@H]4C3)F)C(=O)C(=CN2C5CC5)C(=O)O,aa3b2932f70295b322e1017792c17a39d59a4bd05f4bfe64b090b94680e308e1
DB00220,,{},missing,,
DB00222,3476,"{""3476"": 105}",unique,CCC1=C(CN(C1=O)C(=O)NCCC2=CC=C(C=C2)S(=O)(=O)NC(=O)NC3CCC(CC3)C)C,e0936a4a6ebfee21f0e11cd2c2d6e462dbc92b9fd4f0f39b54b68a6772db9600
DB00227,53232,"{""53232"": 9}",unique,CC[C@H](C)C(=O)O[C@H]1C[C@H](C=C2[C@H]1[C@H]([C@H](C=C2)C)CC[C@@H]3C[C@H](CC(=O)O3)O)C,a34842312833ae30cbc764e38e9ca23214095f6dcc174904ad5287ab4e26f3f0
DB00230,5486971,"{""5486971"": 32}",unique,CC(C)C[C@@H](CC(=O)O)CN,be927ec4e18a56b546a70f4f9f287b6b2609c04e3deeaf6e4d2136c0ce77ce87
DB00234,65856,"{""65856"": 7}",unique,CCOC1=CC=CC=C1O[C@H]([C@@H]2CNCCO2)C3=CC=CC=C3,efe472240cba591d626ef0d32a3577ab09968e94981501c87c84521a4b43daf2
DB00235,4197,"{""4197"": 5}",unique,CC1=C(C=C(C(=O)N1)C#N)C2=CC=NC=C2,a0f822de9d8c6157d24f7fdca718be0c9c4a54bfcc181f5b8035e586a50d23a5
DB00238,4463,"{""4463"": 43}",unique,CC1=C2C(=NC=C1)N(C3=C(C=CC=N3)C(=O)N2)C4CC4,ace435b716eac4c2693ab93de34df08ef3ac5d24d22dc59ca160cce252ea92dc
DB00242,20279,"{""20279"": 40}",unique,C1[C@@H]([C@H](O[C@H]1N2C=NC3=C(N=C(N=C32)Cl)N)CO)O,32eefc72be84902157a400e5ac7c79ef4b92e5d63fc0c52e5a233fd34b6c61c6
DB00243,56959,"{""56959"": 8}",unique,CC1=C(C(=CC=C1)C)NC(=O)CN2CCN(CC2)CC(COC3=CC=CC=C3OC)O,682015931e55e34133f5e006049571faa3b890f247dcd3b5c844bc46e965e19a
DB00244,4075,"{""4075"": 8}",unique,C1=CC(=C(C=C1N)C(=O)O)O,b42d13da323ab8f5a16abaf1a070eaa40849b89dfcd868b3e16071755ff7aa5c
DB00245,1201549,"{""1201549"": 3}",unique,CN1[C@@H]2CC[C@H]1CC(C2)OC(C3=CC=CC=C3)C4=CC=CC=C4,da6dde6e0c8abc959cd4b8a67d112e71606ecb083419510ed9a1246c2a3c1392
DB00246,60854,"{""60854"": 17}",unique,C1CN(CCN1CCC2=C(C=C3C(=C2)CC(=O)N3)Cl)C4=NSC5=CC=CC=C54,6dd7a8b3fdf93d4af56f9ce65adbc99808fd709ac3732a12db905135bf826915
DB00248,54746,"{""54746"": 3}",unique,CCNC(=O)N(CCCN(C)C)C(=O)[C@@H]1C[C@H]2[C@@H](CC3=CNC4=CC=CC2=C34)N(C1)CC=C,f5a35e00ac9c355b1d88922488a9c179f7f0e5d89de178efd5867e15dd186848
DB00250,2955,"{""2955"": 6}",unique,C1=CC(=CC=C1N)S(=O)(=O)C2=CC=C(C=C2)N,fd88eeb6641a1f8ec4cbf8388d2ca818bdc7ca3b4eb48a84f38cf4c8712f1ff8
DB00252,1775,"{""1775"": 14}",unique,C1=CC=C(C=C1)C2(C(=O)NC(=O)N2)C3=CC=CC=C3,dd802b4c37945443d7db7eb7316b03ce024f3aa5e45ba2aa12ade906ae7b975f
DB00254,54671203,"{""54671203"": 51}",unique,C[C@@H]1[C@H]2[C@@H]([C@H]3[C@@H](C(=O)C(=C([C@]3(C(=O)C2=C(C4=C1C=CC=C4O)O)O)O)C(=O)N)N(C)C)O,7a5d26af30dca29ce4aefc0de9e6bdba7c3cf3cbcc32570fa2510cf0322b83ad
DB00256,24757945,"{""24757945"": 1}",unique,C[C@@]1([C@H]2C[C@H]3[C@@H](C(=O)/C(=C(\NCNCCCC[C@@H](C(=O)O)N)/O)/C(=O)[C@]3(C(=O)C2=C(C4=C1C=CC=C4O)O)O)N(C)C)O,24d65aeb96f57cfb0b9e7558e79c62ce9d503511d38e4488ebd5d4b4fb3c3189
DB00257,2812,"{""2812"": 3}",unique,C1=CC=C(C=C1)C(C2=CC=CC=C2)(C3=CC=CC=C3Cl)N4C=CN=C4,8d1646ccedc0d0ac16d6a32dbb457f5b8d59353f03d41ef3a795716f7d0dbe55
DB00258,6116,"{""6116"": 5}",unique,CC(=O)[O-].CC(=O)[O-].[Ca+2],6caad2dfeab47cdb110bd85cc887717eca7df1f22ee51fd796023a5ae33f6f2b
DB00260,6234,"{""6234"": 8}",unique,C1[C@H](C(=O)NO1)N,89f38ef8cb4226212501e8562125ac1b3a560f2d8fc22262194388c62f1878f0
DB00262,2578,"{""2578"": 75}",unique,C(CCl)NC(=O)N(CCCl)N=O,38a3e139046a91f7cf68a446711c4efebbcf849d1753f8c68f1dd3758672738a
DB00264,62937,"{""62937"": 12, ""4171"": 2, ""441308"": 4}",ambiguous_resolved_by_frequency,CC(C)NCC(COC1=CC=C(C=C1)CCOC)O.CC(C)NCC(COC1=CC=C(C=C1)CCOC)O.C(CC(=O)O)C(=O)O,b482a38c2abb9f529d1664329c4e2db2b2f3080c7b69b3c285cc201fd832f86b
DB00268,5095,"{""5095"": 3}",unique,CCCN(CCC)CCC1=C2CC(=O)NC2=CC=C1,774e1e26d782376b0eb3c9af4fc54be7475f09d5837462d4caf894511864893e
DB00270,3784,"{""3784"": 1}",unique,CC1=C(C(C(=C(N1)C)C(=O)OC(C)C)C2=CC=CC3=NON=C32)C(=O)OC,8450fadcae79db549be484c0e92fac3f7d81a2119580905ab50abf71791a08cd
DB00273,5284627,"{""5284627"": 23}",unique,CC1(O[C@@H]2CO[C@@]3([C@H]([C@@H]2O1)OC(O3)(C)C)COS(=O)(=O)N)C,a4ab5d1f64b515e7ca897c79e8d6e931260cd9d53b0ab3e2f17ff98ceccff5c5
DB00275,158781,"{""158781"": 4, ""130881"": 3}",ambiguous_resolved_by_frequency,CCCC1=NC(=C(N1CC2=CC=C(C=C2)C3=CC=CC=C3C4=NNN=N4)C(=O)O)C(C)(C)O,43c4777ef297488af46baba3c85759b9d201e544c2a48da32c23ec75cba979d4
DB00276,2179,"{""2179"": 4}",unique,COC1=C(C=CC(=C1)NS(=O)(=O)C)NC2=C3C=CC=CC3=NC4=CC=CC=C42,013b809679d84b123d2becf5353f51d5a2da0b3a5bd987cd5a265e090ffbefdd
DB00277,2153,"{""2153"": 14}",unique,CN1C2=C(C(=O)N(C1=O)C)NC=N2,c82c0479902a8cd7fd32e08d94fa10d7f73d23b6a77643b257c4ac5261922123
DB00278,152951,"{""152951"": 3}",unique,C[C@@H]1CCN([C@H](C1)C(=O)O)C(=O)[C@H](CCCN=C(N)N)NS(=O)(=O)C2=CC=CC3=C2NC[C@@H](C3)C,543432c58c9063af6a6c289fe222fb58b6f0a8b94991017f3e926c6881859ae6
DB00279,5920,"{""5920"": 9}",unique,C1=CC(=C(C=C1OC2=C(C=C(C=C2I)C[C@@H](C(=O)O)N)I)I)O,5ac59421e640c7620ebe73924079d3023b61b854351000fb2fbb4cbf77fd6c68
DB00280,3114,"{""3114"": 1}",unique,CC(C)N(CCC(C1=CC=CC=C1)(C2=CC=CC=N2)C(=O)N)C(C)C,a5fce1857b60abe8792851b237b2c9fe9e942efaa4e6d56b982012104c71a0b7
DB00281,3676,"{""3676"": 172, ""6314"": 6}",ambiguous_resolved_by_frequency,CCN(CC)CC(=O)NC1=C(C=CC=C1C)C,ed17522d6c19db37fc4a935a922ef51bae86328f3d7e995ebb06a2387ebe8d9a
DB00282,4674,"{""4674"": 6}",unique,C(CN)C(O)(P(=O)(O)O)P(=O)(O)O,1fb059cb763062d65f8b2b760e4db2d051fa565ad13e926d23b87dbb7da6bc87
DB00284,444254,"{""444254"": 18}",unique,C[C@@H]1[C@H]([C@@H]([C@H]([C@H](O1)O[C@@H]2[C@H](O[C@@H]([C@@H]([C@H]2O)O)O[C@@H]3[C@H](O[C@H]([C@@H]([C@H]3O)O)O)CO)CO)O)O)N[C@H]4C=C([C@H]([C@@H]([C@H]4O)O)O)CO,47fd6f652e8bb627d0e7a66053e74db3cc5eb8dda7ee939e299d139470243094
DB00285,5656,"{""5656"": 23}",unique,CN(C)CC(C1=CC=C(C=C1)OC)C2(CCCCC2)O,8578917390478008b31b1b29a721e9a1dfe6bb0fe7afd088fc7214e4b9c958d3
DB00286,23667301,"{""23667301"": 5}",unique,C[C@]12CC[C@H]3[C@H]([C@@H]1CCC2=O)CCC4=C3C=CC(=C4)OS(=O)(=O)[O-].[Na+],e49f3565bc95506a3660cdf03aed9f396650f3220bed73977b85b4efeb236ac3
DB00287,5282226,"{""5282226"": 3}",unique,CC(C)OC(=O)CCC/C=C\C[C@H]1[C@H](C[C@H]([C@@H]1/C=C/[C@H](COC2=CC=CC(=C2)C(F)(F)F)O)O)O,86805458b0d274bacb09196d5b7ae07c7be42cac564cd1f6411919f60840328f
DB00289,54841,"{""54841"": 12}",unique,CC1=CC=CC=C1O[C@H](CCNC)C2=CC=CC=C2,5badc1e8c45fb0c3f3ae5381db903bdabd53b4ae2c24e46524513df7a5889f4b
DB00290,72466,"{""72466"": 2}",unique,CC1=C(N=C(N=C1N)C(CC(=O)N)NCC(C(=O)N)N)C(=O)NC(C(C2=CN=CN2)O[C@H]3[C@H]([C@H]([C@@H]([C@@H](O3)CO)O)O)O[C@@H]4[C@H]([C@H]([C@@H]([C@H](O4)CO)O)OC(=O)N)O)C(=O)NC(C)C(C(C)C(=O)NC(C(C)O)C(=O)NCCC5=NC(=CS5)C6=NC(=CS6)C(=O)NCCC[S+](C)C)O.OS(=O)(=O)[O-],767a3e1b86dc1ee50f4095c16a06ff0da551fabf7817500b43b10d99873c1cf4
DB00291,2708,"{""2708"": 3}",unique,C1=CC(=CC=C1CCCC(=O)O)N(CCCl)CCCl,ef91f5f1b9efa1c22f0319c93e22ae3aecf9ea6c60d3ccfb95f9123587f33ee2
DB00292,667484,"{""667484"": 17}",unique,CCOC(=O)C1=CN=CN1[C@H](C)C2=CC=CC=C2,51e5f58dca13976e0cd0e35c8afe1fb2457490955de70065fa9f4c365f361241
DB00293,104758,"{""104758"": 15}",unique,CC1=NC(=O)C2=C(N1)C=CC(=C2)CN(C)C3=CC=C(S3)C(=O)N[C@@H](CCC(=O)O)C(=O)O,8719dd99e32e46df4515240dbb5e2427d455ec1f889beced31b9a16324210477
DB00295,5288826,"{""5288826"": 155, ""5464110"": 2}",ambiguous_resolved_by_frequency,CN1CC[C@]23[C@@H]4[C@H]1CC5=C2C(=C(C=C5)O)O[C@H]3[C@H](C=C4)O,638741a7733cadeb8ea998bec13f3992c7e95b80519cfed78eff6041e0f0c66d
DB00296,175805,"{""175805"": 157}",unique,CCCN1CCCC[C@H]1C(=O)NC2=C(C=CC=C2C)C,5c855734bfc3c06d05a1d24eefbc8374e1b849971f67015383713e11ab752a9c
DB00297,64737,"{""64737"": 4}",unique,CCCCN1CCCCC1C(=O)NC2=C(C=CC=C2C)C.Cl,4fedc6cb1b154730b4d4bb7bf76753b8b01f76ee6b54fa3118eb51c2aa0e494e
DB00300,6398764,"{""6398764"": 44, ""464205"": 10, ""11954236"": 1}",ambiguous_resolved_by_frequency,C[C@H](CN1C=NC2=C(N=CN=C21)N)OCP(=O)(OCOC(=O)OC(C)C)OCOC(=O)OC(C)C.C(=C/C(=O)O)\C(=O)O,daa9a9aa697b644e237f256ca703a0d325dd741fb406b15bf035128ba515ed95
DB00301,21319,"{""21319"": 2}",unique,CC1=C(C(=NO1)C2=C(C=CC=C2Cl)F)C(=O)N[C@H]3[C@@H]4N(C3=O)[C@H](C(S4)(C)C)C(=O)O,9b602ba760aa54f8fc0a34a23108dc0608a61263d69d2c1c3cd52488eef9eabd
DB00302,5526,"{""5526"": 27}",unique,C1CC(CCC1CN)C(=O)O,f998e42b46a007ccf8d250b0c1026e16d621daa785a1c5abd375a9084a1e749a
DB00303,150610,"{""150610"": 7}",unique,C[C@@H]1[C@@H]2[C@H](C(=O)N2C(=C1S[C@H]3C[C@H](NC3)C(=O)NC4=CC=CC(=C4)C(=O)O)C(=O)O)[C@@H](C)O,9eb5d603922aea2c65d8ce49a074d5fcb33df07a667b6a22ea55a60ec9ffd27b
DB00305,5746,"{""5746"": 40}",unique,CC1=C(C(=O)C2=C(C1=O)N3C[C@H]4[C@@H]([C@@]3([C@@H]2COC(=O)N)OC)N4)N,cdf3d3f38cb914142a493dc430766eba158d51dc51146517d9e3a2eee7bb942c
DB00307,82146,"{""82146"": 13}",unique,CC1=CC2=C(C=C1C(=C)C3=CC=C(C=C3)C(=O)O)C(CCC2(C)C)(C)C,907e910b20458d78161e4b05be8b23f9a2ac4c6de2f9fe2a265db98569c4037c
DB00308,60753,"{""60753"": 11}",unique,CCCCCCCN(CC)CCCC(C1=CC=C(C=C1)NS(=O)(=O)C)O,7731fd6f3aa1de4190c15b9f8e19d865043508564c3209071f49c49f67884bbb
DB00309,40839,"{""40839"": 22, ""76958180"": 1}",ambiguous_resolved_by_frequency,CC[C@@]1(C[C@@H]2C[C@@](C3=C(CCN(C2)C1)C4=CC=CC=C4N3)(C5=C(C=C6C(=C5)[C@]78CCN9[C@H]7[C@@](C=CC9)([C@H]([C@@]([C@@H]8N6C)(C(=O)N)O)O)CC)OC)C(=O)OC)O,b43f576e59d3bbcde550a01bcab405f15b262da54acbd2d0b5990fb6a1ef01f5
DB00310,2732,"{""2732"": 20}",unique,C1=CC=C2C(=C1)C(=O)NC2(C3=CC(=C(C=C3)Cl)S(=O)(=O)N)O,93d1c5e97d75f1d2b3e9af1c9ed6b7c90c100e5d9704138bd32e0a459cae6c41
DB00313,3121,"{""3121"": 58, ""23663956"": 1, ""16760703"": 1}",ambiguous_resolved_by_frequency,CCCC(CCC)C(=O)O,d104b6fa2b82b460575abb566f110a7db490591183fcd7e1724c919c37b7c321
DB00316,1983,"{""1983"": 380}",unique,CC(=O)NC1=CC=C(C=C1)O,96fd4c44a82b494e9c47bb4b05d23c46c7f1aa8b49cc18451c9454dc22525b89
DB00317,123631,"{""123631"": 82}",unique,COC1=C(C=C2C(=C1)N=CN=C2NC3=CC(=C(C=C3)F)Cl)OCCCN4CCOCC4,08ffd192b4b60327ed08061f644f38c621feb78874da7cb27572436f566d77da
DB00318,5359227,"{""5362471"": 7, ""5359227"": 10}",ambiguous_resolved_by_frequency,CN1CC[C@]23[C@@H]4[C@H]1CC5=C2C(=C(C=C5)OC)O[C@H]3[C@H](C=C4)O.OP(=O)(O)O,dc8d53685ac08a5a2cca48b62f7515fa96b88fa3a15d7e918bf36560711250ac
DB00319,43672,"{""43672"": 2, ""23666879"": 1}",ambiguous_resolved_by_frequency,CCN1CCN(C(=O)C1=O)C(=O)N[C@H](C2=CC=CC=C2)C(=O)N[C@H]3[C@@H]4N(C3=O)[C@H](C(S4)(C)C)C(=O)O,93856286aeb6750fce59eff2ac1a3425e5a0c04ae68f31044e74da887600c9d3
DB00321,2160,"{""2160"": 11, ""11065"": 2}",ambiguous_resolved_by_frequency,CN(C)CCC=C1C2=CC=CC=C2CCC3=CC=CC=C31,a6cd4682b6380c3c0b40f94b0d3516cc6dee1db57a6c1cf0fbfb1ae474bdfaf8
DB00322,5790,"{""5790"": 20}",unique,C1[C@@H]([C@H](O[C@H]1N2C=C(C(=O)NC2=O)F)CO)O,4ef7322778cb1b8850e903eedcfdaf8fa89faed1aebf6f306503eba3b972a802
DB00323,4659569,"{""4659569"": 1}",unique,CC1=CC=C(C=C1)C(=O)C2=CC(=C(C(=C2)O)O)[N+](=O)[O-],cf5bd80c72839c3acd21861a707602a3797b1249d601402e78ea989924d4dcdf
DB00324,9878,"{""9878"": 3, ""240767"": 1}",ambiguous_resolved_by_frequency,C[C@H]1C[C@H]2[C@@H]3CC[C@@]([C@]3(C[C@@H]([C@@]2([C@@]4(C1=CC(=O)C=C4)C)F)O)C)(C(=O)C)O,93906a7862cbec9efa8c6f075b62e0df6b9649daf0688a7c9f72a8df2ea37059
DB00325,11963622,"{""11963622"": 2}",unique,[C-]#N.[C-]#N.[C-]#N.[C-]#N.[C-]#N.[N-]=O.[Fe+4],0a43364b76b7caa99f400617c92205b33ce9e41a2d7fc3e70285c0dc5a4b9794
DB00327,5284570,"{""5284570"": 23}",unique,CN1CC[C@]23[C@@H]4[C@H]1CC5=C2C(=C(C=C5)O)O[C@H]3C(=O)CC4,5e8bd644eec6c326ab703762166099b305471132d971898bf216392797acc739
DB00328,3715,"{""3715"": 21}",unique,CC1=C(C2=C(N1C(=O)C3=CC=C(C=C3)Cl)C=CC(=C2)OC)CC(=O)O,ad2039892fced2f3a4122536eeed920695ccf1929df207827f3d62ce52949bec
DB00330,14052,"{""14052"": 56}",unique,CC[C@@H](CO)NCCN[C@@H](CC)CO,44538686d351bc3d9504f6c6a12db34c036dc4d0b77c423d0a62f5c76d4e22e7
DB00331,4091,"{""4091"": 118, ""14219"": 28}",ambiguous_resolved_by_frequency,CN(C)C(=N)N=C(N)N,3dcaf9f64188c763b0cec226df7ac8da3d94d7eb42d75c5bc547e9edcc76f1eb
DB00332,657308,"{""657308"": 6}",unique,CC(C)[N+]1([C@@H]2CC[C@H]1CC(C2)OC(=O)C(CO)C3=CC=CC=C3)C.[Br-],210340d0ca49ce21e1da2361e5e468e7c5e6a952eef67cb1b0fad0d539beef3d
DB00333,4095,"{""4095"": 30}",unique,CCC(=O)C(CC(C)N(C)C)(C1=CC=CC=C1)C2=CC=CC=C2,a94e2f1b4e112de937fc7fa578d4de48b5e0371b86dbad758f5e3dd7ba5b7fa1
DB00334,4585,"{""4585"": 70}",unique,CC1=CC2=C(NC3=CC=CC=C3N=C2S1)N4CCN(CC4)C,237f26eec8e26d937c82a1eaf02247ac73d982c21b8bb361f4510d9a6878d7b4
DB00335,2249,"{""2249"": 19}",unique,CC(C)NCC(COC1=CC=C(C=C1)CC(=O)N)O,80e9730d87614bbe43df8cb088c82197b88387676b9279a08bac933429173743
DB00338,4594,"{""4594"": 119, ""130564"": 1}",ambiguous_resolved_by_frequency,CC1=CN=C(C(=C1OC)C)CS(=O)C2=NC3=C(N2)C=C(C=C3)OC,5b33cbd9fa34cbbd0f7635aa3bcbf2805dcf256962a5ef80c3ac53d7b26d92fe
DB00339,1046,"{""1046"": 90}",unique,C1=CN=C(C=N1)C(=O)N,f3164f70c07988948bd415b1d0f74d5e7c0562298c2877b7d30d4be9c859ab87
DB00341,2678,"{""2678"": 10, ""55182"": 1}",ambiguous_resolved_by_frequency,C1CN(CCN1CCOCC(=O)O)C(C2=CC=CC=C2)C3=CC=C(C=C3)Cl,6b15ec07fd23cf51dca75a4d447704d330d527853f4b24a6af1cd3b0bb6adb7e
DB00343,39186,"{""39186"": 20, ""3037122"": 1}",ambiguous_resolved_by_frequency,CC(=O)O[C@@H]1[C@@H](SC2=CC=CC=C2N(C1=O)CCN(C)C)C3=CC=C(C=C3)OC,800227df5b02341b6fd2f5c5d47e66103595aa5b4063354906074f77ea5e3a8e
DB00345,2148,"{""2148"": 10, ""443971"": 3}",ambiguous_resolved_by_frequency,C1=CC(=CC=C1C(=O)NCC(=O)O)N,ea9a8a7c32c4439232f7c5a340471df0971d9e05500227c515b11c929d74349e
DB00349,2789,"{""2789"": 8}",unique,CN1C(=O)CC(=O)N(C2=C1C=CC(=C2)Cl)C3=CC=CC=C3,f4929b50fbf4eb95e3468ec3d496ea0a542ad6c167131eefbc575b7cfe056262
DB00350,4201,"{""4201"": 2}",unique,C1CCN(CC1)C2=NC(=N)N(C(=C2)N)O,a2918a5972e02eaaed6d7e10dfe562e2ec2813d05a5701b93be0162866cdacd4
DB00351,19090,"{""19090"": 2}",unique,CC1=C[C@@H]2[C@H](CC[C@]3([C@H]2CC[C@@]3(C(=O)C)O)C)[C@@]4(C1=CC(=O)CC4)C,8a9b15cfce5fa98d13c6999e0ccb59ad8cf93e5b21ba104b4f8e0231b4e26d99
DB00352,2723601,"{""2723601"": 28}",unique,C1=NC2=C(N1)C(=S)N=C(N2)N,98ab50393215d9819d5b4dc89e7e1229d55fb17d0358b44a2337223986360c0c
DB00355,5742832,"{""5742832"": 9}",unique,C[C@H]1[C@@H](C(=O)N1S(=O)(=O)O)NC(=O)/C(=N\OC(C)(C)C(=O)O)/C2=CSC(=N2)N,ad1399d5ca973aba8e897179a64bcd6f54fb9541135cb7399a229dfd92d1b693
DB00358,4046,"{""4046"": 4}",unique,C1CCNC(C1)C(C2=CC(=NC3=C2C=CC=C3C(F)(F)F)C(F)(F)F)O,911cfc2dade06b0f70f9f8750b2b1880488646070ab87f2c30b81f004b25e527
DB00359,5215,"{""5215"": 3}",unique,C1=CN=C(N=C1)NS(=O)(=O)C2=CC=C(C=C2)N,ade3c8c29bceba2133f42c9e3e559c543ac5bd2ab155c8c33168a3bd8c33a491
DB00361,60780,"{""60780"": 173}",unique,CCC1=CC2C[C@@](C3=C(CN(C2)C1)C4=CC=CC=C4N3)(C5=C(C=C6C(=C5)[C@]78CCN9[C@H]7[C@@](C=CC9)([C@H]([C@@]([C@@H]8N6C)(C(=O)OC)O)OC(=O)C)CC)OC)C(=O)OC,3a6bae3fd2131af02279d9de4279e057fdaa5bf8684a605f33e9958ad7bb1ff1
DB00362,166548,"{""166548"": 10}",unique,CCCCCOC1=CC=C(C=C1)C2=CC=C(C=C2)C3=CC=C(C=C3)C(=O)N[C@H]4C[C@H]([C@H](NC(=O)[C@@H]5[C@H]([C@H](CN5C(=O)[C@@H](NC(=O)[C@@H](NC(=O)[C@@H]6C[C@H](CN6C(=O)[C@@H](NC4=O)[C@@H](C)O)O)[C@@H]([C@H](C7=CC=C(C=C7)O)O)O)[C@@H](C)O)C)O)O)O,9ff58b6a92ed5184a59baad9c51304ecf2d646ad3c9b36b951aad598c036002b
DB00363,2818,"{""2818"": 8}",unique,CN1CCN(CC1)C2=C3C=CC=CC3=NC4=C(N2)C=C(C=C4)Cl,148a2ed36eeb6785792dc5f0307dd0a35f6ec35dacb453bea1bf8b2c83a97846
DB00364,121494085,"{""121494085"": 1}",unique,C([C@@H]1[C@H]([C@@H]([C@H]([C@H](O1)O[C@]2([C@H]([C@@H]([C@H](O2)COS(=O)(=O)O[Al])OS(=O)(=O)O[Al])OS(=O)(=O)O[Al])COS(=O)(=O)O[Al])OS(=O)(=O)O[Al])OS(=O)(=O)O[Al])OS(=O)(=O)O[Al])OS(=O)(=O)O[Al].O.O.O.O.O.O.O.O.O.O.O.O.O.O.O.O.O.O.O.O.[Al],5931233007b141cfce97307bc6c82e3b36e50ca6acf2505e58657c0847cdce41
DB00367,13109,"{""13109"": 19}",unique,CC[C@]12CC[C@H]3[C@H]([C@@H]1CC[C@]2(C#C)O)CCC4=CC(=O)CC[C@H]34,708bc00324263b18f31e629add5eae29f0c7f0ed62663a8c1296fbe3eefbfb92
DB00368,439260,"{""439260"": 21}",unique,C1=CC(=C(C=C1[C@H](CN)O)O)O,cfa954d0ca6a10ef4c0d9936af2c85f8f69e48c57945f67d85c5cf05300f2446
DB00369,60613,"{""60613"": 2}",unique,C1=CN(C(=O)N=C1N)C[C@@H](CO)OCP(=O)(O)O,827f3d2d3bddd92c7f03e130cdc742e6cb89058e247f57035c85ad1f2615642f
DB00370,4205,"{""4205"": 18}",unique,CN1CCN2C(C1)C3=CC=CC=C3CC4=C2N=CC=C4,eb0e1fd6feb6639d26e4f0636de4d9362a941147921b6c7410254efa2a076b29
DB00373,5281056,"{""5281056"": 3}",unique,CC(C)(C)NC[C@@H](COC1=NSN=C1N2CCOCC2)O.C(=C\C(=O)O)\C(=O)O,4ce7829870e7997f646fcfc6dae53e3cc5a11bf0cc1639c5defed48d2d3bb942
DB00374,6918140,"{""6918140"": 1}",unique,CCCCC[C@@H](CC[C@H]1[C@@H](C[C@H]2[C@@H]1CC3=C(C2)C(=CC=C3)OCC(=O)O)O)O,9168928cdbb8bc9b30a1c27241ac09a3e86acf9531b05e7051fee27b9b512ba7
DB00375,62816,"{""62816"": 4}",unique,C1C(O1)CCl.C(CNCCNCCNCCN)N,9ac90c9fc4a8000e2f90f69166e1a23410822217768bce605db4becb9d99ae05
DB00377,6337614,"{""6337614"": 39}",unique,C1C[C@@H]2CN(C(=O)C3=CC=CC(=C23)C1)[C@@H]4CN5CCC4CC5,1e8d68383cdf44b1dc5063a243958dc99b0a9064b8ef30b135d6d1900b4d73c2
DB00380,71384,"{""71384"": 7}",unique,C[C@@H](CN1CC(=O)NC(=O)C1)N2CC(=O)NC(=O)C2,a9cb57f7be756ace55e2305448a249d9bc16afa44324117b71509a64a0d09600
DB00381,2162,"{""2162"": 118, ""60496"": 11}",ambiguous_resolved_by_frequency,CCOC(=O)C1=C(NC(=C(C1C2=CC=CC=C2Cl)C(=O)OC)C)COCCN,52f9c541ab2c83bd7a2a89dacf324c51d4004c9c16c769807e75ba8ec3de460a
DB00388,6041,"{""6041"": 41, ""46174134"": 1}",ambiguous_resolved_by_frequency,CNC[C@@H](C1=CC(=CC=C1)O)O,1cf8c54f895b7cbc3273878f428677b9564ef38bbe46936e30e665470d205c84
DB00390,2724385,"{""2724385"": 67}",unique,C[C@@H]1[C@H]([C@H](C[C@@H](O1)O[C@@H]2[C@H](O[C@H](C[C@@H]2O)O[C@@H]3[C@H](O[C@H](C[C@@H]3O)O[C@H]4CC[C@]5([C@@H](C4)CC[C@@H]6[C@@H]5C[C@H]([C@]7([C@@]6(CC[C@@H]7C8=CC(=O)OC8)O)C)O)C)C)C)O)O,9fca7c49f721b939ffb12d3455b7edfb11b79da43d2f702ec0232c67a995c1da
DB00391,5355,"{""5355"": 7}",unique,CCN1CCCC1CNC(=O)C2=C(C=CC(=C2)S(=O)(=O)N)OC,baf91df9d0cea1cdaa8e33bfd26efa6932e31bc38aeafbde2aa995f36c45c492
DB00393,4497,"{""4497"": 3}",unique,CC1=C(C(C(=C(N1)C)C(=O)OC(C)C)C2=CC(=CC=C2)[N+](=O)[O-])C(=O)OCCOC,86e11eb65ade944d1795f1faab019c16cf452026099196f40779ac3339a6f72d
DB00394,20469,"{""20469"": 10}",unique,C[C@H]1C[C@H]2[C@@H]3CCC4=CC(=O)C=C[C@@]4([C@]3([C@H](C[C@@]2([C@]1(C(=O)CO)O)C)O)Cl)C,64bbeaa969434eb241524b8fb22b5e740ebf7f69228f52ee2034a1c1ff79a5fc
DB00396,5994,"{""5994"": 43}",unique,CC(=O)[C@H]1CC[C@@H]2[C@@]1(CC[C@H]3[C@H]2CCC4=CC(=O)CC[C@]34C)C,8db23abbfa28fe1e297dc2b4a05fb123dd361203ef22ba2dc7c7b39c6f6efa0b
DB00398,,{},missing,,
DB00399,68740,"{""68740"": 70}",unique,C1=CN(C=N1)CC(O)(P(=O)(O)O)P(=O)(O)O,35d25264c623c1f77338b3509d2998e73ac8d8b53b8ace4143d54b27c21f0818
DB00402,969472,"{""969472"": 7}",unique,CN1CCN(CC1)C(=O)O[C@H]2C3=NC=CN=C3C(=O)N2C4=NC=C(C=C4)Cl,3eefafe986118a91adf4690dca286c582f2a012434d509d32a710f833c469a65
DB00404,2118,"{""2118"": 22}",unique,CC1=NN=C2N1C3=C(C=C(C=C3)Cl)C(=NC2)C4=CC=CC=C4,29e1de6121f0db2af7fcb16edc632beffc032b02d18502c1a81fc3c8acc48cfc
DB00408,3964,"{""3964"": 2}",unique,CN1CCN(CC1)C2=NC3=CC=CC=C3OC4=C2C=C(C=C4)Cl,83da984d462c82f978df2da86f50cb420e2d88ff43ec88e276d56c67949dc249
DB00410,446596,"{""446596"": 7}",unique,C[C@H]([C@H]1[C@@H](O1)C[C@H]2CO[C@H]([C@@H]([C@@H]2O)O)C/C(=C/C(=O)OCCCCCCCCC(=O)O)/C)[C@H](C)O,633d18f74485bd9a0b869d54dd72a0e2426b05758f6802dae0f675b419935a82
DB00412,77999,"{""77999"": 31, ""5281055"": 2}",ambiguous_resolved_by_frequency,CN(CCOC1=CC=C(C=C1)CC2C(=O)NC(=O)S2)C3=CC=CC=N3,acc30e1c97f557da033e07f75d168d94d3c614fa7e4f574a95c61a781d2baea0
DB00413,119570,"{""119570"": 2}",unique,CCCN[C@H]1CCC2=C(C1)SC(=N2)N,cbf21b8b3a5d11e23d8a5e568c66f6a05b4c7a9254593a0e9f46285c0861e648
DB00415,6249,"{""6249"": 16, ""23663979"": 1}",ambiguous_resolved_by_frequency,CC1([C@@H](N2[C@H](S1)[C@@H](C2=O)NC(=O)[C@@H](C3=CC=CC=C3)N)C(=O)O)C,fafd159c6b71aa0de76a9b40ed2d98aedd376502dc777dbaf21a539d16a7a837
DB00419,51634,"{""51634"": 1}",unique,CCCCN1C[C@@H]([C@H]([C@@H]([C@H]1CO)O)O)O,b2b6a9cdfa20b11e4427ba7f51c1a4b258cf7cfe19dd14c757ed4d308c87a880
DB00421,5833,"{""5833"": 35}",unique,CC(=O)S[C@@H]1CC2=CC(=O)CC[C@@]2([C@@H]3[C@@H]1[C@@H]4CC[C@]5([C@]4(CC3)C)CCC(=O)O5)C,e73c5b2cbfa7e361ee1183bd89bd4552cf9c41063a35c75250059d06b0d35ee0
DB00422,9280,"{""9280"": 2}",unique,COC(=O)C(C1CCCCN1)C2=CC=CC=C2.Cl,22c541619085b7a14c99fd3725a35bee393b9271b93ee7152b3630f14508253d
DB00425,5732,"{""5732"": 45}",unique,CC1=CC=C(C=C1)C2=C(N3C=C(C=CC3=N2)C)CC(=O)N(C)C,3fff6aad81c8f465a39b1b554fb2c5091a201f65928fe506812bff44b7ecaa0e
DB00426,3324,"{""3324"": 2}",unique,CC(=O)OCC(CCN1C=NC2=CN=C(N=C21)N)COC(=O)C,0b09a5aea3948ef019428b8bc8f6597c9c375a528b250a84e0c7eb3dda683f67
DB00428,29327,"{""29327"": 3}",unique,CN(C(=O)N[C@@H]1[C@H]([C@@H]([C@H](O[C@@H]1O)CO)O)O)N=O,d10ad5c0421d8af621b43ddb9313e5de6b5eff2d53b174fcfa201556995b0666
DB00433,4917,"{""4917"": 18}",unique,CN1CCN(CC1)CCCN2C3=CC=CC=C3SC4=C2C=C(C=C4)Cl,76f89f61f7f233804ccc4a62a7464eda0a3ff38c625d7704ecbd1324e3ef8df9
DB00437,2094,"{""2094"": 52}",unique,C1=C2C(=NC=NC2=O)NN1,04d0559f7c0d81977c8d78bfb9f363bc9a7e963e5f16c5bff0da3c416fffa9db
DB00438,5481173,"{""5481173"": 12}",unique,CC(C)(C(=O)O)O/N=C(/C1=CSC(=N1)N)\C(=O)N[C@H]2[C@@H]3N(C2=O)C(=C(CS3)C[N+]4=CC=CC=C4)C(=O)[O-],2ec1c556df19a88fc0a3424b954473dccef08717924ce0ce11508352c834218f
DB00440,5578,"{""5578"": 7, ""64936"": 1}",ambiguous_resolved_by_frequency,COC1=CC(=CC(=C1OC)OC)CC2=CN=C(N=C2N)N,fc0a42037a72e472a95a75cb11696cb95552f968d7c89050a9fb6ad813b11ee5
DB00441,60750,"{""60750"": 1119}",unique,C1=CN(C(=O)N=C1N)[C@H]2C([C@@H]([C@H](O2)CO)O)(F)F,c9fd1a88c7c69a19a8b189c0f9a497ee02f6fe2a700d675f963e2665dbf433f6
DB00442,153941,"{""153941"": 45}",unique,C=C1[C@H](C[C@@H]([C@H]1CO)O)N2C=NC3=C2NC(=NC3=O)N,f1c5e2b787104d6918b57ffaffaf66fbba536ce25f3281afda0515f0b1a74605
DB00443,9782,"{""16533"": 3, ""9782"": 14, ""65478"": 2, ""21800"": 2, ""443967"": 1}",ambiguous_resolved_by_frequency,C[C@H]1C[C@H]2[C@@H]3CCC4=CC(=O)C=C[C@@]4([C@]3([C@H](C[C@@]2([C@]1(C(=O)CO)O)C)O)F)C,1e91df0bd0e290edb4aeb39146e7bdbf01c500e9a854b9ca4f4076ce25704cee
DB00444,452548,"{""452548"": 1}",unique,COC1=CC(=CC(=C1O)OC)[C@H]2[C@@H]3[C@H](COC3=O)[C@@H](C4=CC5=C(C=C24)OCO5)O[C@H]6[C@@H]([C@H]([C@H]7[C@H](O6)CO[C@H](O7)C8=CC=CS8)O)O,765b171eaa5359341abb530701d88ca906da6f190b0361354ba60b2ce9f86247
DB00445,41867,"{""41867"": 196}",unique,C[C@H]1[C@@H]([C@H](C[C@@H](O1)O[C@H]2C[C@@](CC3=C2C(=C4C(=C3O)C(=O)C5=C(C4=O)C(=CC=C5)OC)O)(C(=O)CO)O)N)O,126f639dde7055cdf387c9ae8784aadf64d1706eafb0e5cd83393e37c979ae47
DB00448,3883,"{""3883"": 48}",unique,CC1=C(C=CN=C1CS(=O)C2=NC3=CC=CC=C3N2)OCC(F)(F)F,65f46de72f8eaf2c2e7f6eb166247a80e84c1a537a77f74575c926c2d84b05c4
DB00450,3168,"{""3168"": 6}",unique,C1CN(CC=C1N2C3=CC=CC=C3NC2=O)CCCC(=O)C4=CC=C(C=C4)F,3947bcf7a8094491551654f7e77ee9cd086dcd92fa18ec752742c22eda805fb1
DB00451,5819,"{""5819"": 11}",unique,C1=C(C=C(C(=C1I)OC2=CC(=C(C(=C2)I)O)I)I)C[C@@H](C(=O)O)N,bb6b588fb6646cd7caf8a80a81d0a0832e08a35a7312515d359f1c36a7de4f6e
DB00454,4058,"{""4058"": 22, ""5750"": 2}",ambiguous_resolved_by_frequency,CCOC(=O)C1(CCN(CC1)C)C2=CC=CC=C2,791be226cda0e33ec9852cc5b80f428d5b35e5db9656dc27e3ec2831c077550d
DB00455,3957,"{""3957"": 16}",unique,CCOC(=O)N1CCC(=C2C3=C(CCC4=C2N=CC=C4)C=C(C=C3)Cl)CC1,2520292645d10f60b555b3a239ee847bfd205b9367b951ed54c529a6c7e70b2d
DB00457,4893,"{""4893"": 6, ""68546"": 1}",ambiguous_resolved_by_frequency,COC1=C(C=C2C(=C1)C(=NC(=N2)N3CCN(CC3)C(=O)C4=CC=CO4)N)OC,184f7a95e1bdce4a171b62466ed71c89e0d1d3341621dce6af08322f7193d8e0
DB00458,3696,"{""3696"": 5}",unique,CN(C)CCCN1C2=CC=CC=C2CCC3=CC=CC=C31,803ccaabfd3ae5a41dc639726d2763eed8f8740f2e4cd3678c21a36afa8b4652
DB00459,5284513,"{""5284513"": 3}",unique,CC1=CC(=C(C(=C1/C=C/C(=C/C=C/C(=C/C(=O)O)/C)/C)C)C)OC,17e6b034c18790852e432f187372d9ff2e2f3d078202afbc8d16084fa8efcf96
DB00460,5362420,"{""5362420"": 13}",unique,CC1=C(C2=CC3=NC(=CC4=C(C(=C(N4)C=C5[C@@]6([C@@H](C(=CC=C6C(=N5)C=C1N2)C(=O)OC)C(=O)OC)C)C)CCC(=O)OC)C(=C3C)CCC(=O)O)C=C,a2ff51fbae383063da53d1598dc961149b1c785de816b7fa997d198f48409933
DB00464,24477,"{""24477"": 3}",unique,[O-]S(=O)(=S)[O-].[Na+].[Na+],0f7538e74f70da8ecb9ace3c2ab06377e907664489777b6903a43ba4f43da07d
DB00465,3826,"{""3826"": 63, ""84003"": 3}",ambiguous_resolved_by_frequency,C1CN2C(=CC=C2C(=O)C3=CC=CC=C3)C1C(=O)O,19701ae6962f9b4e52fa21daf950a7ddb07354702e07d9db63c6d9955808cbe3
DB00468,3034034,"{""3034034"": 4}",unique,COC1=CC2=C(C=CN=C2C=C1)[C@H]([C@@H]3C[C@@H]4CCN3C[C@@H]4C=C)O,d5928b765a9368a4c17e1347459f41baa0730c91ec2453fb063fcc3a69be2657
DB00470,16078,"{""16078"": 57, ""34180"": 2}",ambiguous_resolved_by_frequency,CCCCCC1=CC(=C2[C@@H]3C=C(CC[C@H]3C(OC2=C1)(C)C)C)O,207b6cc98dbd1ea56c0dcf11951892990f485aaf88f6597c7495c8fb9c47a87e
DB00471,5281040,"{""5281040"": 28, ""9797017"": 6, ""23663996"": 1}",ambiguous_resolved_by_frequency,CC(C)(C1=CC=CC=C1CC[C@H](C2=CC=CC(=C2)/C=C/C3=NC4=C(C=CC(=C4)Cl)C=C3)SCC5(CC5)CC(=O)O)O,4426609d3db25f6639e7c57eefb3c46fe429be3dc5e81afbf97ebd9e2ddc8cd1
DB00472,3386,"{""3386"": 22, ""62857"": 1}",ambiguous_resolved_by_frequency,CNCCC(C1=CC=CC=C1)OC2=CC=C(C=C2)C(F)(F)F,f485bc2f4cd19a1cb90c91c3c9f8e9c5e123aa5ae4991a82b1523d1a707b44d4
DB00474,9034,"{""9034"": 4}",unique,CCC#CC(C)C1(C(=O)NC(=O)N(C1=O)C)CC=C,53d271d33d83c70dfd5a54629757deb4d21d1abcbfabd4889eddfb0919d7f112
DB00476,60835,"{""60835"": 33}",unique,CNCC[C@@H](C1=CC=CS1)OC2=CC=CC3=CC=CC=C32,3575aa06db522b9a3d9069b4856ea5442ce3ce94f08be7033e4e5cca81f9bf41
DB00477,2726,"{""2726"": 5}",unique,CN(C)CCCN1C2=CC=CC=C2SC3=C1C=C(C=C3)Cl,592ec03048e3d7870f8047ca01e192937e4e590fe7248d51ee95d1b03291a594
DB00479,37768,"{""37768"": 9}",unique,C1[C@@H]([C@H]([C@@H]([C@H]([C@@H]1NC(=O)[C@H](CCN)O)O[C@@H]2[C@@H]([C@H]([C@@H]([C@H](O2)CO)O)N)O)O)O[C@@H]3[C@@H]([C@H]([C@@H]([C@H](O3)CN)O)O)O)N,12aa5e32954bf153f7341d0e5cf66a3f4c6d98db4305367ed40024bcac81a170
DB00480,216326,"{""216326"": 483}",unique,C1CC(=O)NC(=O)C1N2CC3=C(C2=O)C=CC=C3N,b9948a90ce744503dac522285c6f3f6fd70f559c1692df1572c3ddc6fc86672c
DB00481,5035,"{""5035"": 7, ""54900"": 2}",ambiguous_resolved_by_frequency,C1CCN(CC1)CCOC2=CC=C(C=C2)C(=O)C3=C(SC4=C3C=CC(=C4)O)C5=CC=C(C=C5)O,4c4a5e89b20db7ffbf9d5eb276549d9bdafc74169a3c19b200a8e981cd797c37
DB00482,2662,"{""2662"": 114}",unique,CC1=CC=C(C=C1)C2=CC(=NN2C3=CC=C(C=C3)S(=O)(=O)N)C(F)(F)F,b0ab6800b855e00c71382c0deaa1275ce36d8a7f6074b5ad0dbbee680caa2098
DB00484,2435,"{""2435"": 12, ""11387895"": 1, ""6917831"": 2}",ambiguous_resolved_by_frequency,C1CN=C(N1)NC2=C(C3=NC=CN=C3C=C2)Br,d7cd27658aefee92e7571943cac2d028794c8445602b3165c6c40512a8166486
DB00489,5253,"{""5253"": 7}",unique,CC(C)NCC(C1=CC=C(C=C1)NS(=O)(=O)C)O,efb3d5cd7710893accb2430306e29f3291f39c1992b09b12faca296ee9025309
DB00490,2477,"{""2477"": 10}",unique,C1CCC2(C1)CC(=O)N(C(=O)C2)CCCCN3CCN(CC3)C4=NC=CC=N4,1e047f1934c8288912618ab897180e63a65b7650cd8ea1dd4433f6f0b7dfc8b8
DB00491,441314,"{""441314"": 2}",unique,C1[C@@H]([C@H]([C@@H]([C@H](N1CCO)CO)O)O)O,95f29ca3a6cb3f5c3983c0603c4bb343fdd1b3a2b77586f49c373eb9b3b2acd1
DB00492,55891,"{""55891"": 1, ""49800050"": 1}",ambiguous_resolved_by_frequency,CCC(=O)OC(C(C)C)OP(=O)(CCCCC1=CC=CC=C1)CC(=O)N2C[C@@H](C[C@H]2C(=O)O)C3CCCCC3,0e36f275ff48458c4afc27687bdd56a2fde02e8d84364a16ab8804a8ec631ec1
DB00493,5742673,"{""5742673"": 2}",unique,CC(=O)OCC1=C(N2[C@@H]([C@@H](C2=O)NC(=O)/C(=N\OC)/C3=CSC(=N3)N)SC1)C(=O)O,9e3451b5509f6e0b2eb55adf5a2e8792c172f8704d029274e8ce0d3b285d7f48
DB00494,5281081,"{""5281081"": 14}",unique,CCN(CC)C(=O)/C(=C/C1=CC(=C(C(=C1)O)O)[N+](=O)[O-])/C#N,fa702449ba2b5d08ccdcc40864b45eff5aa2be304697dc8e95cdfc944cfcbf8f
DB00495,35370,"{""35370"": 41}",unique,CC1=CN(C(=O)NC1=O)[C@H]2C[C@@H]([C@H](O2)CO)N=[N+]=[N-],4730e4084fc881db3e2ee2dc3722b8ec3aad8377be4c7365dd582aff7abfa655
DB00497,5284603,"{""5284603"": 122, ""23724882"": 2}",ambiguous_resolved_by_frequency,CN1CC[C@]23[C@@H]4C(=O)CC[C@]2([C@H]1CC5=C3C(=C(C=C5)OC)O4)O,09cd0549785e06d5fce4f677b830e1778e4197985a47cff342575d1862b08b7e
DB00498,4760,"{""4760"": 3}",unique,C1=CC=C(C=C1)C2C(=O)C3=CC=CC=C3C2=O,0eed4e9a0ca43d3996db7cafe2d9f4da4ded312a6aa2429bf6e56fc8b15ed703
DB00499,3397,"{""3397"": 41}",unique,CC(C)C(=O)NC1=CC(=C(C=C1)[N+](=O)[O-])C(F)(F)F,ccbed9fdade017256116f391d248e9c2147b8efbc12ba72cbfde1d195aeea3cc
DB00501,2756,"{""2756"": 6}",unique,CC1=C(N=CN1)CSCCNC(=NC)NC#N,44ea7eca5e7e97ef7633d3490fc97c16d922778ff23e6f3bebe3cf1d4e8f2017
DB00502,3559,"{""3559"": 22, ""52919"": 1}",ambiguous_resolved_by_frequency,C1CN(CCC1(C2=CC=C(C=C2)Cl)O)CCCC(=O)C3=CC=C(C=C3)F,a0b4bba1387da605626e889fd9242dcaacd469d7186344eeb0409db41847e41c
DB00503,392622,"{""392622"": 312}",unique,CC(C)C1=NC(=CS1)CN(C)C(=O)N[C@@H](C(C)C)C(=O)N[C@@H](CC2=CC=CC=C2)C[C@@H]([C@H](CC3=CC=CC=C3)NC(=O)OCC4=CN=CS4)O,6ff78395c09546bf3ac67346a92b4272f5bfa8f2b55efda07627054d1ccf9e5d
DB00507,41684,"{""41684"": 14}",unique,CC(=O)OC1=CC=CC=C1C(=O)NC2=NC=C(S2)[N+](=O)[O-],ace11da9e6353233945e29dab567420b636042bc1dcec3af8d69c9964fdba809
DB00512,14969,"{""14969"": 55}",unique,C[C@H]1[C@H]([C@@](C[C@@H](O1)O[C@@H]2[C@H]([C@@H]([C@H](O[C@H]2OC3=C4C=C5C=C3OC6=C(C=C(C=C6)[C@H]([C@H](C(=O)N[C@H](C(=O)N[C@H]5C(=O)N[C@@H]7C8=CC(=C(C=C8)O)C9=C(C=C(C=C9O)O)[C@H](NC(=O)[C@H]([C@@H](C1=CC(=C(O4)C=C1)Cl)O)NC7=O)C(=O)O)CC(=O)N)NC(=O)[C@@H](CC(C)C)NC)O)Cl)CO)O)O)(C)N)O,8691a44422dd2144347151dd3bf2d9f1a949fc52e8a555cafa4e2caae5a63008
DB00514,5464025,"{""5464025"": 5}",unique,CN1CC[C@@]23CCCC[C@@H]2[C@@H]1CC4=C3C=C(C=C4)OC.Br,47e008e015f948f065f211a2363828c41525e4f9f637ab16f4abc1d8f2eb3b2d
DB00515,6917890,"{""6917890"": 1}",unique,C(C(=O)O)O.N.N.[Pt],954359fafefb03bedab52d22962404f4b003d9d8b754e560ebf84408ad8d99cd
DB00518,2082,"{""2082"": 35}",unique,CCCSC1=CC2=C(C=C1)N=C(N2)NC(=O)OC,7e241330c2cd3c01139dfd146599470925a7584bc46397e65d33fe27e5a82ac9
DB00519,5484727,"{""5484727"": 3}",unique,CCOC(=O)[C@H](CCC1=CC=CC=C1)N[C@@H](C)C(=O)N2[C@H]3CCCC[C@@H]3C[C@H]2C(=O)O,e5b08e1637dfb1059dbd71b7cb4a762fcbc216a40db01af531e50cbe84be2a65
DB00520,2826718,"{""2826718"": 10}",unique,CCC(C)CC(C)CCCCCCCCC(=O)N[C@H]1C[C@H]([C@H](NC(=O)[C@@H]2[C@H](CCN2C(=O)[C@@H](NC(=O)[C@@H](NC(=O)[C@@H]3C[C@H](CN3C(=O)[C@@H](NC1=O)[C@@H](C)O)O)[C@@H]([C@H](C4=CC=C(C=C4)O)O)O)[C@@H](CCN)O)O)NCCN)O,d674df784b2f912518054663538d3a824c1715a2e63972cc4e5e31fa9b936263
DB00526,11947679,"{""11947679"": 834}",unique,C1CC[C@H]([C@@H](C1)[NH-])[NH-].C(=O)(C(=O)[O-])[O-].[Pt+4],02e3d4105cafe208c3f56d531c0bd028555ea809553203244cd54e4279386c23
DB00528,65866,"{""65866"": 2}",unique,CC1=C(C(C(=C(N1)C)C(=O)OC(C)(C)CN(C)CCC(C2=CC=CC=C2)C3=CC=CC=C3)C4=CC(=CC=C4)[N+](=O)[O-])C(=O)OC,c9100a02b9746c3a409051f2967db1668dfc66a47b978750dab10d4a965e94e3
DB00529,44561,"{""44561"": 1}",unique,C(=O)([O-])P(=O)([O-])[O-].[Na+].[Na+].[Na+],c41eb3e5f8f595e5043af08e0d0132f505103fa890b7ac65b8d3ef0d3b1e7d4e
DB00530,176870,"{""176870"": 298, ""176871"": 1}",ambiguous_resolved_by_frequency,COCCOC1=C(C=C2C(=C1)C(=NC=N2)NC3=CC=CC(=C3)C#C)OCCOC,3683d9f6fa99791de3f2cc167960c0f906a5b2b47f20038b27f3c8ed69670c5f
DB00531,2907,"{""2907"": 728, ""22420"": 13}",ambiguous_resolved_by_frequency,C1CNP(=O)(OC1)N(CCCl)CCCl,d1ce8cc049644cef2d785d7d963a14b428e17f591f4ad1970c3b71558af09ed2
DB00535,6915944,"{""6915944"": 2}",unique,C=CC1=C(N2[C@@H]([C@@H](C2=O)NC(=O)/C(=N\O)/C3=CSC(=N3)N)SC1)C(=O)O,4f797c7f94d7fb26fa2c672e012aeee4982bb64f5865d093eb57b6f8a757c29e
DB00537,2764,"{""2764"": 39, ""62999"": 3}",ambiguous_resolved_by_frequency,C1CC1N2C=C(C(=O)C3=CC(=C(C=C32)N4CCNCC4)F)C(=O)O,032ecd940280e2f45857d6cd08205b20975e35d37d94a71e4868114805fe2f0d
DB00539,3005573,"{""3005573"": 5}",unique,CN(C)CCOC1=CC=C(C=C1)/C(=C(/CCCl)\C2=CC=CC=C2)/C3=CC=CC=C3,473c5dad0a34a7a45d3d656ee8de27a06df3e8d5b9ae85d584c6363cb840c1c9
DB00540,4543,"{""4543"": 8}",unique,CNCCC=C1C2=CC=CC=C2CCC3=CC=CC=C31,a4ad3841e7fb0954c1840a316152b16688fea79c95de136d11e1052fa049ef2b
DB00541,5978,"{""5388992"": 45, ""5978"": 325, ""5388983"": 1}",ambiguous_resolved_by_frequency,CC[C@@]1(C[C@@H]2C[C@@](C3=C(CCN(C2)C1)C4=CC=CC=C4N3)(C5=C(C=C6C(=C5)[C@]78CCN9[C@H]7[C@@](C=CC9)([C@H]([C@@]([C@@H]8N6C=O)(C(=O)OC)O)OC(=O)C)CC)OC)C(=O)OC)O,d04b21bf9ce9f1ade13d709c9f329b53b65f8dd5f234b2023454172596b841ea
DB00542,5362123,"{""5362123"": 3}",unique,CCOC(=O)[C@H](CCC1=CC=CC=C1)N[C@H]2CCC3=CC=CC=C3N(C2=O)CC(=O)O.Cl,1ff7b1816ddaaa727685e71aec37dadfc6532b29cce0c7d6423034ae3d2fd334
DB00544,,{},missing,,
DB00545,4991,"{""4991"": 1}",unique,C[N+]1=CC=CC(=C1)OC(=O)N(C)C,b262e3f04ebe86ba17f048e3c10ca29b49e3e06e92ec0a3294b02964651e19de
DB00548,2266,"{""2266"": 4}",unique,C(CCCC(=O)O)CCCC(=O)O,0cc7ad18c24ff4bf5281c561d4d7b839034cc3039218328c725796ec6b172816
DB00552,439693,"{""439693"": 34}",unique,C1[C@@H]([C@H](O[C@H]1N2C=NC3=C2NC=NC[C@H]3O)CO)O,21b3411a20a716754feaa62cf414b9384d5a530919ca272beba636388dd30955
DB00553,4114,"{""4114"": 3}",unique,COC1=C2C(=CC3=C1OC=C3)C=CC(=O)O2,20a493680a82cbb4c06e4b16501c475fb3e914ce112339a12d26a0c346aaf942
DB00554,54676228,"{""54676228"": 4}",unique,CN1C(=C(C2=CC=CC=C2S1(=O)=O)O)C(=O)NC3=CC=CC=N3,0117f907595c04d06f232542232bdaf83501f9483ce91ac52c63f322f4a9b02f
DB00555,3878,"{""3878"": 43}",unique,C1=CC(=C(C(=C1)Cl)Cl)C2=C(N=C(N=N2)N)N,1374010ac3df3d2de3940b8c353833218547660a90d96201d326e4cd05a126f6
DB00558,60855,"{""60855"": 5}",unique,CC(=O)N[C@@H]1[C@H](C=C(O[C@H]1[C@@H]([C@@H](CO)O)O)C(=O)O)N=C(N)N,e2a32422bc5722307d75d946d812b700e84b754a221321024d4d864d971d7366
DB00559,104865,"{""104865"": 14}",unique,CC(C)(C)C1=CC=C(C=C1)S(=O)(=O)NC2=C(C(=NC(=N2)C3=NC=CC=N3)OCCO)OC4=CC=CC=C4OC,9c184959925faed7d8a31b1504e816b88fded66eb8610eb5f66ebaaaa3517485
DB00563,126941,"{""126941"": 612}",unique,CN(CC1=CN=C2C(=N1)C(=NC(=N2)N)N)C3=CC=C(C=C3)C(=O)N[C@@H](CCC(=O)O)C(=O)O,16703ac75f9a039a209d46ba892282ccc0d0c56a2075eb1e0f66f124981e08ee
DB00564,2554,"{""2554"": 14}",unique,C1=CC=C2C(=C1)C=CC3=CC=CC=C3N2C(=O)N,b6947726eef612802297793776ec1b4258929af1b40c2d066e4531431138b448
DB00566,2724354,"{""2724354"": 5}",unique,[C@@H]([C@@H](C(=O)O)S)(C(=O)O)S,df5e2c3b28567839bd12423d55caf36511d5ef6ced5225d9debc23f2fdc1c550
DB00567,27447,"{""27447"": 10}",unique,CC1=C(N2[C@@H]([C@@H](C2=O)NC(=O)[C@@H](C3=CC=CC=C3)N)SC1)C(=O)O,45f261575149444e78c941dbc87abfda096afcb608d3e25bef65cddacf8e646f
DB00568,1547484,"{""1547484"": 2}",unique,C1CN(CCN1C/C=C/C2=CC=CC=C2)C(C3=CC=CC=C3)C4=CC=CC=C4,6a2df254819ac5adc2f3758190b4fd858c493850b7c5687512fb1a22796121af
DB00569,5282448,"{""5282448"": 5}",unique,CO[C@@H]1[C@@H]([C@H]([C@@H]([C@H](O1)COS(=O)(=O)O)O[C@H]2[C@@H]([C@H]([C@@H]([C@@H](O2)C(=O)O)O[C@@H]3[C@@H]([C@H]([C@@H]([C@H](O3)COS(=O)(=O)O)O[C@H]4[C@@H]([C@H]([C@@H]([C@H](O4)C(=O)O)O[C@@H]5[C@@H]([C@H]([C@@H]([C@H](O5)COS(=O)(=O)O)O)O)NS(=O)(=O)O)O)O)OS(=O)(=O)O)NS(=O)(=O)O)O)OS(=O)(=O)O)O)NS(=O)(=O)O,c1aa95cbf9b4c5858ba49c4f0394f27d2d5bfef9349b3555a55a102b51524cea
DB00570,241903,"{""241903"": 59, ""5388983"": 3}",ambiguous_resolved_by_frequency,CC[C@@]1(C[C@@H]2C[C@@](C3=C(CCN(C2)C1)C4=CC=CC=C4N3)(C5=C(C=C6C(=C5)[C@]78CCN9[C@H]7[C@@](C=CC9)([C@H]([C@@]([C@@H]8N6C)(C(=O)OC)O)OC(=O)C)CC)OC)C(=O)OC)O,32d9cbba904f518f6c39cd7c3f02f88a2663ab373c51cbc0683f44e6fd29aab6
DB00571,4946,"{""4946"": 43}",unique,CC(C)NCC(COC1=CC=CC2=CC=CC=C21)O,37773ff9818bb7f8f25b7b24ea5ba3d49cc6cc80a2fc7cf9620ce42952d4b2e2
DB00572,,{},missing,,
DB00575,2803,"{""2803"": 36, ""20179"": 1}",ambiguous_resolved_by_frequency,C1CN=C(N1)NC2=C(C=CC=C2Cl)Cl,06a806b582c14fe3cd8cf5157c2020564d2e2838f75b494bd39de40fc1768287
DB00577,135398742,"{""135398742"": 8}",unique,CC(C)[C@@H](C(=O)OCCOCN1C=NC2=C1N=C(NC2=O)N)N,6d8ed12cfad42cceab51bdc2444b6f63afe5a59d6fb37e6965b80407ac02abe7
DB00581,11333,"{""11333"": 11}",unique,C([C@@H]1[C@@H]([C@@H]([C@H]([C@@H](O1)O[C@@H]2[C@H](O[C@@]([C@H]2O)(CO)O)CO)O)O)O)O,b0ba3b46ce7ae70401a20207c938af5307bee9392bbbedac6b2fcddd4facc7ef
DB00582,71616,"{""71616"": 20}",unique,C[C@@H](C1=NC=NC=C1F)[C@](CN2C=NC=N2)(C3=C(C=C(C=C3)F)F)O,83c288536a9dfadf2801dbcec162456fb9c71489efe6e104933f0e3304a3a52f
DB00583,10917,"{""10917"": 2}",unique,C[N+](C)(C)C[C@@H](CC(=O)[O-])O,6e8825031543e1211ed62c27d8554af9785e9d38ff8a37bfadb526295d4d9186
DB00584,5388962,"{""5388962"": 15, ""5388961"": 3}",ambiguous_resolved_by_frequency,CCOC(=O)[C@H](CCC1=CC=CC=C1)N[C@@H](C)C(=O)N2CCC[C@H]2C(=O)O,e223b553579734cba5752df1c51ed62c669ff4912898053ffe1f8a9fd5b18939
DB00585,3033637,"{""3033637"": 1}",unique,CN/C(=C\[N+](=O)[O-])/NCCSCC1=CSC(=N1)CN(C)C,62459bdef0b49e7d3f0e61ffb48ce7630a8866636fe36619e2751f438c0b544f
DB00586,3033,"{""3033"": 25, ""5018304"": 9}",ambiguous_resolved_by_frequency,C1=CC=C(C(=C1)CC(=O)O)NC2=C(C=CC=C2Cl)Cl,bce87f2efaee2321b0ce74f276eb658da29943118de92b86eed45e00c1773ad4
DB00588,444036,"{""5311101"": 1, ""444036"": 2}",ambiguous_resolved_by_frequency,CCC(=O)O[C@@]1([C@@H](C[C@@H]2[C@@]1(C[C@@H]([C@]3([C@H]2C[C@@H](C4=CC(=O)C=C[C@@]43C)F)F)O)C)C)C(=O)SCF,b5482ab7669506358fb150040f68eb9fe6fbe4448aebf7c04e230dbcde47d16e
DB00590,3157,"{""3157"": 7}",unique,COC1=C(C=C2C(=C1)C(=NC(=N2)N3CCN(CC3)C(=O)C4COC5=CC=CC=C5O4)N)OC,2c4b42879c5add0cefbd713a0b7caecf7e845087e7fba72570620c2cbba4c4bd
DB00594,16231,"{""16231"": 8, ""16230"": 1}",ambiguous_resolved_by_frequency,C1(=C(N=C(C(=N1)Cl)N)N)C(=O)N=C(N)N,e244980d1fc2041580daec651bb5a9c5fc6adfd4f352739fe75ed62b51aba43c
DB00598,3869,"{""3869"": 12, ""71412"": 2}",ambiguous_resolved_by_frequency,CC(CCC1=CC=CC=C1)NCC(C2=CC(=C(C=C2)O)C(=O)N)O,1dd794ca566f038746defda2c2c9313f4dfa6c4c48b40016a1728dd69c85b0e4
DB00601,441401,"{""441401"": 62}",unique,CC(=O)NC[C@H]1CN(C(=O)O1)C2=CC(=C(C=C2)N3CCOCC3)F,ac1ea00a664bfa622e1797b3440c6e51bedb5e08d1757a35faea46b860aecc73
DB00602,9812710,"{""9812710"": 28}",unique,CC[C@H](C)[C@@H]1[C@H](CC[C@@]2(O1)C[C@@H]3C[C@H](O2)C/C=C(/[C@H]([C@H](/C=C/C=C/4\CO[C@H]5[C@@]4([C@@H](C=C([C@H]5O)C)C(=O)O3)O)C)O[C@H]6C[C@@H]([C@H]([C@@H](O6)C)O[C@H]7C[C@@H]([C@H]([C@@H](O7)C)O)OC)OC)\C)C.C[C@H]1CC[C@]2(C[C@@H]3C[C@H](O2)C/C=C(/[C@H]([C@H](/C=C/C=C/4\CO[C@H]5[C@@]4([C@@H](C=C([C@H]5O)C)C(=O)O3)O)C)O[C@H]6C[C@@H]([C@H]([C@@H](O6)C)O[C@H]7C[C@@H]([C@H]([C@@H](O7)C)O)OC)OC)\C)O[C@@H]1C(C)C,4317e5bd3d2456598a73520a345ec21d7c3437fa80dfbb2cbffffc380f2d92ea
DB00603,6279,"{""10631"": 7, ""6279"": 11}",ambiguous_resolved_by_frequency,C[C@H]1C[C@@H]2[C@H](CC[C@]3([C@H]2CC[C@@]3(C(=O)C)OC(=O)C)C)[C@@]4(C1=CC(=O)CC4)C,667e10ca133cb880af86a9fda53ecc5092f78e934a9ff0bb812e18d443cdb53d
DB00605,1548887,"{""1548887"": 5}",unique,CC\1=C(C2=C(/C1=C\C3=CC=C(C=C3)S(=O)C)C=CC(=C2)F)CC(=O)O,8ce25b629972b4780eba7246e090613f25f0f2e06c79b18d2a4f1929192ae97f
DB00607,8982,"{""8982"": 3}",unique,CCOC1=C(C2=CC=CC=C2C=C1)C(=O)N[C@H]3[C@@H]4N(C3=O)[C@H](C(S4)(C)C)C(=O)O,e24eb7dfef4e7e20cf94abe34bea19f179b3ad6eb01384ae878a15c8b7dc7dad
DB00608,2719,"{""2719"": 60, ""64927"": 4}",ambiguous_resolved_by_frequency,CCN(CC)CCCC(C)NC1=C2C=CC(=CC2=NC=C1)Cl,d483227bc2a18451a2f3a9236b54ef374949a763a8805d4f8f5d54fa067b7fcc
DB00609,2761171,"{""2761171"": 2}",unique,CCC1=NC=CC(=C1)C(=S)N,5323586c3354f4755643861fb6a4a4513269e7679a7c7e6bc2d0fbe1957bc2ff
DB00612,2405,"{""2405"": 15, ""5281064"": 1}",ambiguous_resolved_by_frequency,CC(C)NCC(COC1=CC=C(C=C1)COCCOC(C)C)O,7939eb4626fd55ed9d66a5b6666fe3cf683572eda947eb3c52ba80f98f2bf214
DB00613,2165,"{""2165"": 7}",unique,CCN(CC)CC1=C(C=CC(=C1)NC2=C3C=CC(=CC3=NC=C2)Cl)O,bb4ab89d679d5590240dd2d2e23d354666d9dd94f32faf93fc271628df2850e7
DB00614,5323714,"{""5323714"": 9}",unique,C1COC(=O)N1/N=C/C2=CC=C(O2)[N+](=O)[O-],ab99012b18dc288511099b74021560eaa6e4beeac2a05af8890ce4740e6bb0f4
DB00615,6323490,"{""6323490"": 29}",unique,C[C@H]1/C=C/C=C(\C(=O)NC2=C3C(=NC4(N3)CCN(CC4)CC(C)C)C5=C(C2=O)C(=C(C6=C5C(=O)[C@](O6)(O/C=C/[C@@H]([C@H]([C@H]([C@@H]([C@@H]([C@@H]([C@H]1O)C)O)C)OC(=O)C)C)OC)C)C)O)/C,30330a93a6d74109e28a9d1d04e1f3f270981de8c2b1504779584da8f8a33897
DB00619,5291,"{""5291"": 53, ""123596"": 2}",ambiguous_resolved_by_frequency,CC1=C(C=C(C=C1)NC(=O)C2=CC=C(C=C2)CN3CCN(CC3)C)NC4=NC=CC(=N4)C5=CN=CC=C5,712cffda6946d24c75b5620fc5df994f93012756c46399e717bc56893567ad55
DB00620,31307,"{""31307"": 22, ""6436"": 3}",ambiguous_resolved_by_frequency,C[C@]12C[C@@H]([C@]3([C@H]([C@@H]1C[C@H]([C@@]2(C(=O)CO)O)O)CCC4=CC(=O)C=C[C@@]43C)F)O,2fa7999fd632617aecde51cec8033c0f67de79f82225ae330c41259f5b03e950
DB00621,5878,"{""5878"": 1}",unique,C[C@]12CC[C@H]3[C@H]([C@@H]1CC[C@]2(C)O)CC[C@@H]4[C@@]3(COC(=O)C4)C,97e685a6e1f1ad5f6d4ce138e75a58075a060a7c10b1c5582c40d0eb6fe732ef
DB00623,3372,"{""3372"": 5}",unique,C1CN(CCN1CCCN2C3=CC=CC=C3SC4=C2C=C(C=C4)C(F)(F)F)CCO,8bcb3aac303b24133c3b5d9a9544ba4f0742fc60fe957fda06c7f479dc8476ec
DB00624,6013,"{""6013"": 46}",unique,C[C@]12CC[C@H]3[C@H]([C@@H]1CC[C@@H]2O)CCC4=CC(=O)CC[C@]34C,3556a4584e1303e92b79f555a2376f1bc0bc37c04a2d9546ecba736dfb644535
DB00625,64139,"{""64139"": 85}",unique,C1CC1C#C[C@]2(C3=C(C=CC(=C3)Cl)NC(=O)O2)C(F)(F)F,bddef5b9295739c0588d6a4152c24963378a0e71e0f61f2d1d90b8dde15eb2c6
DB00630,2088,"{""2088"": 24, ""16760285"": 2}",ambiguous_resolved_by_frequency,C(CC(O)(P(=O)(O)O)P(=O)(O)O)CN,7a176bdd78ac04e1af14317834d1c405b1e591e96717472b638078c9c2ad0d24
DB00631,119182,"{""119182"": 78}",unique,C1=NC2=C(N=C(N=C2N1[C@H]3[C@H]([C@@H]([C@H](O3)CO)O)F)Cl)N,ae416d65fee40e195de4c4335315b1336b7023240ca2ee51f7d78f6bb449018a
DB00633,6918081,"{""6918081"": 1}",unique,CC1=C(C(=CC=C1)[C@H](C)C2=CN=CN2)C.Cl,da038727e28521004fad15c34b5e9868e79d48af0cf64cc244929a357ec45d41
DB00635,5865,"{""5865"": 17, ""20055008"": 3}",ambiguous_resolved_by_frequency,C[C@]12CC(=O)[C@H]3[C@H]([C@@H]1CC[C@@]2(C(=O)CO)O)CCC4=CC(=O)C=C[C@]34C,d5f8f74782580712fd4e1423753710051fffb3fb1734913dfba5e2dfbbb7399c
DB00640,60961,"{""60961"": 13}",unique,C1=NC(=C2C(=N1)N(C=N2)[C@H]3[C@@H]([C@@H]([C@H](O3)CO)O)O)N,23943d6507f9e784de2e16994c5f2a458bf476eaedf993b89352b376b5f1106e
DB00641,54454,"{""54454"": 116}",unique,CCC(C)(C)C(=O)O[C@H]1C[C@H](C=C2[C@H]1[C@H]([C@H](C=C2)C)CC[C@@H]3C[C@H](CC(=O)O3)O)C,9e014ee947810ac3faabeb70831e8310fde52f0e114490d817602a5327981b5a
DB00642,446556,"{""446556"": 521, ""6918197"": 27}",ambiguous_resolved_by_frequency,C1=CC(=CC=C1CCC2=CNC3=C2C(=O)N=C(N3)N)C(=O)N[C@@H](CCC(=O)O)C(=O)O,3767a510c34e2a2dfba647e546509e8e37873dd058384c992da189c34a78d267
DB00643,4030,"{""4030"": 5}",unique,COC(=O)NC1=NC2=C(N1)C=C(C=C2)C(=O)C3=CC=CC=C3,a943a62c595937c1310553519d987cdcff165e8543db1706cd9d9df286427136
DB00644,638793,"{""638793"": 26}",unique,CC(C)C[C@@H](C(=O)N[C@@H](CCCN=C(N)N)C(=O)N1CCC[C@H]1C(=O)NCC(=O)N)NC(=O)CNC(=O)[C@H](CC2=CC=C(C=C2)O)NC(=O)[C@H](CO)NC(=O)[C@H](CC3=CNC4=CC=CC=C43)NC(=O)[C@H](CC5=CN=CN5)NC(=O)[C@@H]6CCC(=O)N6,77cb695973aadbb81b7fc8cc4d5dd463a95cd1f028244883c2270d54787f4c54
DB00646,44424838,"{""44424838"": 4}",unique,C[C@H]1/C=C/C=C/CC/C=C/C=C/C=C/C=C/[C@@H](C[C@H]2[C@@H]([C@H](C[C@](O2)(C[C@H]([C@@H](CC[C@H](C[C@H](C[C@H](CC(=O)O[C@H]([C@@H]([C@@H]1O)C)C)O)O)O)O)O)O)O)C(=O)O)O[C@@H]3[C@@H]([C@@H]([C@H]([C@@H](O3)C)O)N)O,c56dfa6c508db2a59eb1915e55cef0fd7137ab448ba576abe97fe128f9231d48
DB00650,6106,"{""6106"": 442, ""15150"": 19, ""71587560"": 2}",ambiguous_resolved_by_frequency,CC(C)C[C@@H](C(=O)O)N,def9853e688b65f6407282c7a338afb091510fb81c726d32f6eb20a0a2bc8244
DB00652,441278,"{""441278"": 5, ""441277"": 3}",ambiguous_resolved_by_frequency,C[C@H]1[C@H]2CC3=C([C@@]1(CCN2CC=C(C)C)C)C=C(C=C3)O,b5c044c5a8d9d9fcedba2c577bc841cf3c748707860f0baa907c3eb17322ac7a
DB00653,24083,"{""24083"": 34}",unique,[O-]S(=O)(=O)[O-].[Mg+2],ccdcd7a37c2ab612824207e9d8414f2c65d08ce0a0cabaa348b19aec2039cc18
DB00654,5311221,"{""5311221"": 16}",unique,CC(C)OC(=O)CCC/C=C\C[C@H]1[C@H](C[C@H]([C@@H]1CC[C@H](CCC2=CC=CC=C2)O)O)O,c54a8fd4aa38a9f5620d3eea1896229461187c0030f5e2a9fdf8ba68bef80eac
DB00656,5533,"{""5533"": 9}",unique,C1CN(CCN1CCCN2C(=O)N3C=CC=CC3=N2)C4=CC(=CC=C4)Cl,c8440e995e72b3a8efb9dc631d18e377a2d162cea1c341c1d0ed22c3df2668a2
DB00658,3085017,"{""3085017"": 6}",unique,C=CCN.C1C(O1)CCl,74b46a6f0eb2a0e63c1edd29f8530ab1358c4fbd31d8a75742169a986d09b363
DB00659,71158,"{""71158"": 3}",unique,CC(=O)NCCCS(=O)(=O)O,cd1d05e9eee14d0e62da540713bd11b9b93df4bf17bae82c2eb18dce4cf5698d
DB00661,2520,"{""2520"": 10, ""62969"": 1}",ambiguous_resolved_by_frequency,CC(C)C(CCCN(C)CCC1=CC(=C(C=C1)OC)OC)(C#N)C2=CC(=C(C=C2)OC)OC,2780105b1e4bc970a00421dfc8e20d6d2e13331ae51f0f1ca0fed8617a1dfc32
DB00665,4493,"{""4493"": 6}",unique,CC1(C(=O)N(C(=O)N1)C2=CC(=C(C=C2)[N+](=O)[O-])C(F)(F)F)C,fb31fb471985227599dc04850716fc2b1edbc3799b278870e30e58965669f24b
DB00668,5816,"{""5816"": 66, ""5815"": 5}",ambiguous_resolved_by_frequency,CNC[C@@H](C1=CC(=C(C=C1)O)O)O,61b61773a40ddbb46ea111450a6e271b00e20dc1e6058f44194480ac368faa56
DB00671,5362065,"{""5362065"": 9}",unique,C=CC1=C(N2[C@@H]([C@@H](C2=O)NC(=O)/C(=N\OCC(=O)O)/C3=CSC(=N3)N)SC1)C(=O)O,235c99a5e610c05d2014cafb286ace946c040382319e763ebeb29dc0dbab37d0
DB00673,135413536,"{""135413536"": 74}",unique,C[C@H](C1=CC(=CC(=C1)C(F)(F)F)C(F)(F)F)O[C@@H]2[C@@H](N(CCO2)CC3=NNC(=O)N3)C4=CC=C(C=C4)F,a9c5bb27ab3f4317828c3639fd0d780da8e6ff1d70664bc7446c6c709d09f330
DB00674,9651,"{""9651"": 4}",unique,CN1CC[C@@]23C=C[C@@H](C[C@@H]2OC4=C(C=CC(=C34)C1)OC)O,1fef9152b614fc85538fa5ddd9c783143c909debad6e836b9d6ab43ff3aa489e
DB00675,2733526,"{""2733526"": 23}",unique,CC/C(=C(\C1=CC=CC=C1)/C2=CC=C(C=C2)OCCN(C)C)/C3=CC=CC=C3,6031e7bd3b6976351b269607ac0b36b2661d99fd82c92a91f1000c10f89368cb
DB00678,3961,"{""3961"": 50, ""11751549"": 1}",ambiguous_resolved_by_frequency,CCCCC1=NC(=C(N1CC2=CC=C(C=C2)C3=CC=CC=C3C4=NNN=N4)CO)Cl,80b8dd2b33744cc8e6f76ecdfcbc4b422e185febeffbd1daccff1c44fe991222
DB00679,5452,"{""5452"": 4}",unique,CN1CCCCC1CCN2C3=CC=CC=C3SC4=C2C=C(C=C4)SC,0ec98979461a7ffc0da3363585d436cac54e4643391e5dcaa51370dee088ad15
DB00681,5280965,"{""5280965"": 16}",unique,C[C@H]1/C=C/C=C/C=C/C=C/C=C/C=C/C=C/[C@@H](C[C@H]2[C@@H]([C@H](C[C@](O2)(C[C@H](C[C@H]([C@@H](CC[C@H](C[C@H](CC(=O)O[C@H]([C@@H]([C@@H]1O)C)C)O)O)O)O)O)O)O)C(=O)O)O[C@H]3[C@H]([C@H]([C@@H]([C@H](O3)C)O)N)O,7f58cb96d0064e9738b07324b63664fa31dfa2264598905137e896d28f74fc37
DB00682,54678486,"{""54678486"": 103}",unique,CC(=O)CC(C1=CC=CC=C1)C2=C(C3=CC=CC=C3OC2=O)O,48e84c329301b61fbb396934dce2511c030a70431656378c601f4a65f3ba9ab4
DB00683,4192,"{""4192"": 304, ""43032"": 2}",ambiguous_resolved_by_frequency,CC1=NC=C2N1C3=C(C=C(C=C3)Cl)C(=NC2)C4=CC=CC=C4F,a25c3ebc3444714720c69ce836f867bb0711a9c4f5994304026f6e50e6642d69
DB00684,36294,"{""36294"": 15}",unique,C1[C@@H]([C@H]([C@@H]([C@H]([C@@H]1N)O[C@@H]2[C@@H]([C@H]([C@@H]([C@H](O2)CO)O)N)O)O)O[C@@H]3[C@@H](C[C@@H]([C@H](O3)CN)O)N)N,7c8d125c9afc90daec3fc4632c0bdaf56f527d4f6903953b552a784d4ebc8a93
DB00687,31378,"{""31378"": 7}",unique,C[C@]12CCC(=O)C=C1CC[C@@H]3[C@@]2([C@H](C[C@]4([C@H]3CC[C@@]4(C(=O)CO)O)C)O)F,7b555b9c1d18c31e3ef35837fa7ecc34c7467371a40073dcac041c90463dd4e7
DB00688,5281078,"{""5281078"": 419, ""6918995"": 2}",ambiguous_resolved_by_frequency,CC1=C2COC(=O)C2=C(C(=C1OC)C/C=C(\C)/CCC(=O)OCCN3CCOCC3)O,615b45d9880b75440038e21189645df67838f3f3633e9acca8da25ba2924bb2a
DB00692,5775,"{""5775"": 1}",unique,CC1=CC=C(C=C1)N(CC2=NCCN2)C3=CC(=CC=C3)O,db53aba98fe3bc7820b13ef903c7e3a11b6063d19d0fa5c986355c518147cbcb
DB00693,10608,"{""16850"": 1, ""10608"": 1}",ambiguous_resolved_by_frequency,C1=CC=C(C(=C1)C2=C3C=CC(=O)C=C3OC4=C2C=CC(=C4)[O-])C(=O)[O-].[Na+].[Na+],ffdf1ef8f3e3cd945341662bf117b4ec6521829911adda47f7d9524c9872aefc
DB00694,30323,"{""30323"": 96, ""62770"": 2}",ambiguous_resolved_by_frequency,C[C@H]1[C@H]([C@H](C[C@@H](O1)O[C@H]2C[C@@](CC3=C2C(=C4C(=C3O)C(=O)C5=C(C4=O)C(=CC=C5)OC)O)(C(=O)C)O)N)O,4a50f9834b90bf7a1c5f29b9a8fae03113f3a36f7af11e5bb0143ad86d40552b
DB00695,3440,"{""3440"": 37}",unique,C1=COC(=C1)CNC2=CC(=C(C=C2C(=O)O)S(=O)(=O)N)Cl,a2c594a87663e924aaf1b0a61fcf41b6e46826f2c93d5cef3816f4c5f4324666
DB00698,6604200,"{""6604200"": 7}",unique,C1C(=O)NC(=O)N1/N=C/C2=CC=C(O2)[N+](=O)[O-],50c2d9a6e5ceaa0abd49173d2f70eac8ab975d9b5071b2bcb4c9f3c475c55f09
DB00700,443872,"{""443872"": 5}",unique,C[C@]12CCC(=O)C=C1C[C@H]([C@@H]3[C@]24[C@H](O4)C[C@]5([C@H]3CC[C@@]56CCC(=O)O6)C)C(=O)OC,dbf8293415e06e23fecd4ba22846585027a2c31bfd9098cf86f6126e449fe4e3
DB00703,4100,"{""4100"": 1}",unique,CC(=O)N=C1N(N=C(S1)S(=O)(=O)N)C,c538f7d46ee6eebbd91b881110aa74ef0eb0858eed519e53c54cc5434e9f6aa7
DB00704,5360515,"{""5360515"": 47, ""5485201"": 3}",ambiguous_resolved_by_frequency,C1CC1CN2CC[C@]34[C@@H]5C(=O)CC[C@]3([C@H]2CC6=C4C(=C(C=C6)O)O5)O,e3d1ac68a39570fb50cb527928aa148fd246ee99db06fe98c9bfff501feb9308
DB00706,129211,"{""129211"": 23, ""5362376"": 1}",ambiguous_resolved_by_frequency,CCOC1=CC=CC=C1OCCN[C@H](C)CC2=CC(=C(C=C2)OC)S(=O)(=O)N,56846a4c170162cf4e86d7bc79ad1541628e8c8cd3b948fae8cbee684f4ac78c
DB00708,41693,"{""41693"": 60}",unique,CCC(=O)N(C1=CC=CC=C1)C2(CCN(CC2)CCC3=CC=CS3)COC,deaa4ca8a09417f50b4c37b80902f4d4c648ac03b4663fe181ca580fae95d947
DB00709,60825,"{""60825"": 110, ""160352"": 1}",ambiguous_resolved_by_frequency,C1[C@H](O[C@H](S1)CO)N2C=CC(=NC2=O)N,6f9a632032104d84522efc4dd915fdcd8d28b94f0516bec35a00be09585d8d3c
DB00710,60852,"{""23670359"": 2, ""60852"": 5}",ambiguous_resolved_by_frequency,CCCCCN(C)CCC(O)(P(=O)(O)O)P(=O)(O)O,c0196cb784b1ae728a4df1c140d80a221cd03b40636ec5a1b3d5863977937c73
DB00711,3052,"{""3052"": 12}",unique,CCN(CC)C(=O)N1CCN(CC1)C,80207860791474a36ac050e8e0627a4f8e5a31652087d25430b473e1f362c19a
DB00712,3394,"{""3394"": 8}",unique,CC(C1=CC(=C(C=C1)C2=CC=CC=C2)F)C(=O)O,2c6adab87d03344401cb8b57228e65a025b7568263fe2b240d29a4fb58a2b425
DB00713,6196,"{""6196"": 3}",unique,CC1=C(C(=NO1)C2=CC=CC=C2)C(=O)N[C@H]3[C@@H]4N(C3=O)[C@H](C(S4)(C)C)C(=O)O,43e54db8c14046a7f6778c6d7e104b7b72931822b2903bc11c5c36234177b572
DB00715,43815,"{""43815"": 51}",unique,C1CNC[C@H]([C@@H]1C2=CC=C(C=C2)F)COC3=CC4=C(C=C3)OCO4,d201ce16a03f2dd2725b8752c2fa6682664bcb9c69e6771874841a975dd9cd11
DB00717,6230,"{""6230"": 8}",unique,C[C@]12CC[C@H]3[C@H]([C@@H]1CC[C@]2(C#C)O)CCC4=CC(=O)CC[C@H]34,a2363cfa51c685ae5db5444e193e50666ef742b5ff851b83c26ded52e5b200ba
DB00718,,{},missing,,
DB00722,5362119,"{""5362119"": 21}",unique,C1C[C@H](N(C1)C(=O)[C@H](CCCCN)N[C@@H](CCC2=CC=CC=C2)C(=O)O)C(=O)O,35369d2b0f573cd18a0c96382d8fd25cec89e2c11d4fe828fa7548219a017baa
DB00724,57469,"{""57469"": 17}",unique,CC(C)CN1C=NC2=C1C3=CC=CC=C3N=C2N,588648f77262f997adecc9d67d25f39a0d8dcc5c79b3dad88da0417523e08e66
DB00726,5584,"{""5584"": 2}",unique,CC(CN1C2=CC=CC=C2CCC3=CC=CC=C31)CN(C)C,61068e6707e1666e0357efcaf8bb04cc041a00e0b92ab8c6d05a2ca198e72c9f
DB00727,4510,"{""4510"": 15}",unique,C(C(CO[N+](=O)[O-])O[N+](=O)[O-])O[N+](=O)[O-],5706a2c560f3ee83fbaf224a8510b45d7a77510f7b5303aafb9f8dba75fa1ab0
DB00728,441290,"{""441290"": 114, ""441351"": 22}",ambiguous_resolved_by_frequency,CC(=O)O[C@H]1[C@H](C[C@@H]2[C@@]1(CC[C@H]3[C@H]2CC[C@@H]4[C@@]3(C[C@@H]([C@H](C4)O)N5CCOCC5)C)C)[N+]6(CCCC6)CC=C,2f8a9c468b16e8021fec0f6a4d6ffcba243512a16ed82c3f20854e928510c6c4
DB00731,60026,"{""60026"": 4}",unique,CC(C)C1CCC(CC1)C(=O)N[C@@H](CC2=CC=CC=C2)C(=O)O,e4e047953a4c2551b8d361c2a0acb03b6dca393ea502bde9b632479c78c00fdc
DB00734,5073,"{""5073"": 42}",unique,CC1=C(C(=O)N2CCCCC2=N1)CCN3CCC(CC3)C4=NOC5=C4C=CC(=C5)F,f9212c33fe7bc89a9c1c0361b839288bea64b83251773a90d977d80f1b369dda
DB00736,9568614,"{""9568614"": 104, ""9568613"": 1}",ambiguous_resolved_by_frequency,CC1=CN=C(C(=C1OC)C)C[S@](=O)C2=NC3=C(N2)C=C(C=C3)OC,15ca8a98f03ef64eccb933c552066a44d018503f8609b6507c363b58ade33a24
DB00738,4735,"{""4735"": 3}",unique,C1=CC(=CC=C1C(=N)N)OCCCCCOC2=CC=C(C=C2)C(=N)N,ec967f08336ea1f6bd407eb964ca4cb2148c0dace960218709c53b9e3f9f871e
DB00740,5070,"{""5070"": 17}",unique,C1=CC2=C(C=C1OC(F)(F)F)SC(=N2)N,486c07c2f907252b17c9c96ddec6532babb2fcfbbc8751f0d67da7e613c8bb48
DB00741,5754,"{""5754"": 62}",unique,C[C@]12CCC(=O)C=C1CC[C@@H]3[C@@H]2[C@H](C[C@]4([C@H]3CC[C@@]4(C(=O)CO)O)C)O,92a0c0c55d31d1fc2debc9f0415349e2f971dbb5e23507e37b919e89342bc8f1
DB00742,6251,"{""6251"": 13}",unique,C([C@H]([C@H]([C@@H]([C@@H](CO)O)O)O)O)O,ad2ce52ae27cf17528f6129d0225bbefe4ff5606df16962bc9a7694c9ee509be
DB00743,6918204,"{""6918204"": 11}",unique,CNC[C@@H]([C@H]([C@@H]([C@@H](CO)O)O)O)O.CNC[C@@H]([C@H]([C@@H]([C@@H](CO)O)O)O)O.C1=CC=C(C=C1)COCC(C(=O)[O-])N(CCN(CCN(CC(=O)O)CC(=O)[O-])CC(=O)[O-])CC(=O)O.[Gd+3],cf1b3b777e490dfdfe0a8cd190e0a47446a732fc36dadf39ca9c1b5b23d0aca1
DB00744,60490,"{""60490"": 3}",unique,CC(C1=CC2=CC=CC=C2S1)N(C(=O)N)O,90e58c7b4f1593c2ab66cdde3d80a2c31a3b1533ef40106a4af7d15b9ca8f714
DB00745,4236,"{""4236"": 28}",unique,C1=CC=C(C=C1)C(C2=CC=CC=C2)S(=O)CC(=O)N,b7c046010327359ff40692889ba5bb9cd0946559f078357c053865062753a75a
DB00746,2973,"{""2973"": 7}",unique,CC(=O)N(CCCCCNC(=O)CCC(=O)N(CCCCCNC(=O)CCC(=O)N(CCCCCN)O)O)O,ed8b0c8cf22933244727942dcf2efc60057d9b0a30d4cf8a6e37743092cb8382
DB00747,,{},missing,,
DB00752,5530,"{""5530"": 3}",unique,C1C(C1N)C2=CC=CC=C2,4b8e84191536031d17ad529083e43e3ca8b0769b95f1a4617a8fbe1d745429e6
DB00753,3763,"{""3763"": 4}",unique,C(C(F)(F)F)(OC(F)F)Cl,9e6723a9baafef97b7f8ca26da9480924a5f4f868e20a7cc6ae19d8ba284d456
DB00758,60606,"{""60606"": 231}",unique,COC(=O)[C@H](C1=CC=CC=C1Cl)N2CCC3=C(C2)C=CS3,b1f38f28938811c35c864d001c11b4425a19bb1ea86b0a322b00ef3ad202ff24
DB00759,5353990,"{""5353990"": 26}",unique,CC1(C2CC3C(C(=O)/C(=C(\N)/O)/C(=O)C3(C(=O)C2=C(C4=C1C=CC=C4O)O)O)N(C)C)O,05c7a45d5d959a53f121287f4db957b90a19bd5637d5156d7622d5d78bee2c43
DB00760,441130,"{""441130"": 20}",unique,C[C@@H]1[C@@H]2[C@H](C(=O)N2C(=C1S[C@H]3C[C@H](NC3)C(=O)N(C)C)C(=O)O)[C@@H](C)O,d865b8f41b7a4a13cccec521279203d06715bb2a34e98435c4f3f5795c8f8a42
DB00762,60838,"{""60838"": 536, ""74990"": 6}",ambiguous_resolved_by_frequency,CCC1=C2CN3C(=CC4=C(C3=O)COC(=O)[C@@]4(CC)O)C2=NC5=C1C=C(C=C5)OC(=O)N6CCC(CC6)N7CCCCC7,76648bbf9aedd4f487ebc37e4adffd150f7ae8474ebe6f76beb64327ee60cd0c
DB00763,1349907,"{""1349907"": 6}",unique,CN1C=CNC1=S,afbf7e23d861d4a0fcd3bee2f2f8758c10fa8863e38483e434e574b687e2af9b
DB00764,441335,"{""441335"": 2}",unique,C[C@@H]1C[C@H]2[C@@H]3CCC4=CC(=O)C=C[C@@]4([C@]3([C@H](C[C@@]2([C@]1(C(=O)CCl)O)C)O)Cl)C,9660178d0637e68b22fd42564ad279294cedd953fc4837b8003fd6650f6dbf47
DB00772,4004,"{""4004"": 1}",unique,CCOC(=O)CC(C(=O)OCC)SP(=S)(OC)OC,26369113397761852f8dbbe97d70f8317b1f06612ad72bc036ccc2df537da39b
DB00773,36462,"{""36462"": 221, ""6918092"": 21}",ambiguous_resolved_by_frequency,C[C@@H]1OC[C@@H]2[C@@H](O1)[C@@H]([C@H]([C@@H](O2)O[C@H]3[C@H]4COC(=O)[C@@H]4[C@@H](C5=CC6=C(C=C35)OCO6)C7=CC(=C(C(=C7)OC)O)OC)O)O,d3a588ba16a67f0452b17df13c039fa6f079a521aa9c6a8602db31df0f74a649
DB00775,60947,"{""60947"": 4, ""64781"": 1}",ambiguous_resolved_by_frequency,CCCCS(=O)(=O)N[C@@H](CC1=CC=C(C=C1)OCCCCC2CCNCC2)C(=O)O,24dbec78a7358cb3998663dcc868ff80a51aea8608a5a0f68a96cff9d0fb9138
DB00776,34312,"{""34312"": 6}",unique,C1C2=CC=CC=C2N(C3=CC=CC=C3C1=O)C(=O)N,88ecd06738d2330ff67e1ef844452bef93cdceee66103cf84004741063297c4b
DB00783,5757,"{""5757"": 49, ""13791"": 1}",ambiguous_resolved_by_frequency,C[C@]12CC[C@H]3[C@H]([C@@H]1CC[C@@H]2O)CCC4=C3C=CC(=C4)O,4b1921c18fcf2f3aab9fd02d50b72d5803b6e04474639c6a47a0e88383ebd5ab
DB00787,2022,"{""2022"": 14}",unique,C1=NC2=C(N1COCCO)NC(=NC2=O)N,725da4c6334b12d021fd2a1c98fb5d17abece9b10002056d0a39f00758e9837f
DB00788,156391,"{""156391"": 52}",unique,C[C@@H](C1=CC2=C(C=C1)C=C(C=C2)OC)C(=O)O,fdcf0c109a7e30d7006ab2e8f4034e2479d83949166d8bbe2f54b16e67fd5fcd
DB00789,55466,"{""55466"": 6}",unique,CNC[C@@H]([C@H]([C@@H]([C@@H](CO)O)O)O)O.CNC[C@@H]([C@H]([C@@H]([C@@H](CO)O)O)O)O.C(CN(CC(=O)O)CC(=O)[O-])N(CCN(CC(=O)O)CC(=O)[O-])CC(=O)[O-].[Gd+3],0361fdf6f1eb67664106665443f3d87e99232a4ff3c451463f1982b0c25ec020
DB00790,107807,"{""107807"": 8, ""12068809"": 1}",ambiguous_resolved_by_frequency,CCC[C@@H](C(=O)OCC)N[C@@H](C)C(=O)N1[C@H]2CCCC[C@H]2C[C@H]1C(=O)O,29ba84ef1a4043b9327ab2d99b8bae2cf3ae9e218ec585f67cce266098e6cd26
DB00795,5353980,"{""5353980"": 40}",unique,C1=CC=NC(=C1)NS(=O)(=O)C2=CC=C(C=C2)N/N=C/3\C=CC(=O)C(=C3)C(=O)O,7ac1e9d1996847b03c5f4610fa26410bebd3cc01c61576a05b251936852ab181
DB00798,3467,"{""3467"": 20}",unique,CC(C1CCC(C(O1)OC2C(CC(C(C2O)OC3C(C(C(CO3)(C)O)NC)O)N)N)N)NC,16b30685bc7d688dd9334e28cb731c98a9031e263828222c8052abd4ae9ee8d9
DB00800,3341,"{""3341"": 1}",unique,C1CNCC(C2=CC(=C(C(=C21)Cl)O)O)C3=CC=C(C=C3)O,1ddc8711d8362610f07bbfff6939611b89fe2cf3225b006927b6f6d1642f161f
DB00802,51263,"{""51263"": 12}",unique,CCC(=O)N(C1=CC=CC=C1)C2(CCN(CC2)CCN3C(=O)N(N=N3)CC)COC,78865a3347e2e15c1fc4e0d1f91215a606423cce1cd7206a22819bc8e9e35af1
DB00806,4740,"{""4740"": 18}",unique,CC(=O)CCCCN1C(=O)C2=C(N=CN2C)N(C1=O)C,0d495c55b6e8eff2928a365316b06d8c4534746462a5d7043ae27acceed80059
DB00807,4935,"{""4935"": 13}",unique,CCCOC1=C(C=C(C=C1)C(=O)OCCN(CC)CC)N,69699daca2954d0c3cdcf07ef62e4072a35d59540fd121530488ac8dd78acf52
DB00808,3702,"{""3702"": 5}",unique,CC1CC2=CC=CC=C2N1NC(=O)C3=CC(=C(C=C3)Cl)S(=O)(=O)N,6ea037a80f3598d67f589329b55fe68beabc8b5d3143c2b334798347f075ca74
DB00809,5593,"{""5593"": 27}",unique,CCN(CC1=CC=NC=C1)C(=O)C(CO)C2=CC=CC=C2,dda81421d7eb55aa919448b43f1042966c19577cbc31873599f02c69d4de3d05
DB00810,2381,"{""2381"": 2}",unique,C1CCN(CC1)CCC(C2CC3CC2C=C3)(C4=CC=CC=C4)O,c7aa5b79046f68c95d07a1071f97e866a69eee21a67b54cfce66623452db7559
DB00811,,{},missing,,
DB00813,3345,"{""3345"": 228, ""13810"": 1}",ambiguous_resolved_by_frequency,CCC(=O)N(C1CCN(CC1)CCC2=CC=CC=C2)C3=CC=CC=C3,e9be63c0b94e03a5bf7d99e90cbccdd5680637ca5e806ddf67e848d1f7d63b57
DB00814,54677470,"{""54677470"": 6}",unique,CC1=CN=C(S1)NC(=O)C2=C(C3=CC=CC=C3S(=O)(=O)N2C)O,e3a389cf7c8f93f0120822f17303a39a178ae8a4a64fa70a7badd3da494c3fee
DB00818,4943,"{""4943"": 271}",unique,CC(C)C1=C(C(=CC=C1)C(C)C)O,933c58ceba7d26aed65e3394eb079552c73fdc1e3661b34f734843010d4b163f
DB00819,1986,"{""1986"": 13}",unique,CC(=O)NC1=NN=C(S1)S(=O)(=O)N,5af544a1ebd0472c1dabf3ac7063c61d2a3cc77843233e6291f1564a8f950d90
DB00820,110635,"{""110635"": 58}",unique,CN1CC(=O)N2[C@@H](C1=O)CC3=C([C@H]2C4=CC5=C(C=C4)OCO5)NC6=CC=CC=C36,08eb8da58b42b274e8b7f21a434809a056df796d7d583201ec9c10f35860ab6c
DB00822,3117,"{""3117"": 7}",unique,CCN(CC)C(=S)SSC(=S)N(CC)CC,5ef5fef234fae98d5d5f7dc49d339dcf88dc1b3ebdd2862c898540134c612799
DB00826,5284447,"{""5284447"": 1}",unique,C[C@@H]1C/C=C/C=C/C=C/C=C/[C@@H](C[C@H]2[C@@H]([C@H](C[C@](O2)(C[C@H](C[C@@H]3[C@H](O3)/C=C/C(=O)O1)O)O)O)C(=O)O)O[C@H]4[C@H]([C@H]([C@@H]([C@H](O4)C)O)N)O,a5291df10ef137e6a719d2634beee8e6516a63e32e74325b647825a556614335
DB00828,446987,"{""446987"": 3}",unique,C[C@H]1[C@H](O1)P(=O)(O)O,930d6af3e269abe999bc4577ab66cc6d4209abd1dcf1b9fad83c1344b19a01a9
DB00829,3016,"{""3016"": 15}",unique,CN1C(=O)CN=C(C2=C1C=CC(=C2)Cl)C3=CC=CC=C3,42ed84968bd551fb2f3c26322a01740efda84afda001706a0a64ce22e2715465
DB00831,5566,"{""5566"": 2}",unique,CN1CCN(CC1)CCCN2C3=CC=CC=C3SC4=C2C=C(C=C4)C(F)(F)F,a9bba9cf1079b47dd52b6e7483a90dfe73b764468a5bd2e1613f486b3d96c732
DB00834,55245,"{""55245"": 34}",unique,CC#C[C@@]1(CC[C@@H]2[C@@]1(C[C@@H](C3=C4CCC(=O)C=C4CC[C@@H]23)C5=CC=C(C=C5)N(C)C)C)O,5465e6c8c04557c10de4fbfc606ebc912eed42dd045b56b0a0214779e28c8672
DB00836,3955,"{""3955"": 39, ""71420"": 1}",ambiguous_resolved_by_frequency,CN(C)C(=O)C(CCN1CCC(CC1)(C2=CC=C(C=C2)Cl)O)(C3=CC=CC=C3)C4=CC=CC=C4,95d056701ce52e4c6ebccfc3ac6645c87c8d3c3af42b88520bad778ef62c72dd
DB00841,36811,"{""36811"": 8}",unique,CC(CCC1=CC=C(C=C1)O)NCCC2=CC(=C(C=C2)O)O,7f5af5830b0486b309d7cb3694d30411f717922da393c7a3134a3bace2b75f82
DB00842,4616,"{""4616"": 2}",unique,C1=CC=C(C=C1)C2=NC(C(=O)NC3=C2C=C(C=C3)Cl)O,b1df93eea83ec4f5bad9f3bc77fbdc3b12b745dd54e54914f181f42236a29fc2
DB00843,5741,"{""5741"": 1}",unique,COC1=C(C=C2C(=C1)CC(C2=O)CC3CCN(CC3)CC4=CC=CC=C4)OC.Cl,9c06cbe9939b38f12ee1da454e8da737ab24cd4e78bfa9f1404409fd76153703
DB00845,2794,"{""2794"": 31}",unique,CC(C)N=C1C=C2C(=NC3=CC=CC=C3N2C4=CC=C(C=C4)Cl)C=C1NC5=CC=C(C=C5)Cl,de5e4ae24af1b9b51191d870b2aa23137782da2cea079277eca2cfa3a613f45b
DB00848,27944,"{""27944"": 2}",unique,C1CSC2=N[C@H](CN21)C3=CC=CC=C3.Cl,0d05690a9cd68f3371cc4bda11b877bffa842aed2bfecede4622eabfb6b89eba
DB00850,4748,"{""4748"": 9}",unique,C1CN(CCN1CCCN2C3=CC=CC=C3SC4=C2C=C(C=C4)Cl)CCO,37cdba4021f873752cf74e67896e85b5a1fca7759ef92052907215141b0fdbd4
DB00851,,{},missing,,
DB00852,7028,"{""7028"": 33, ""9802673"": 6}",ambiguous_resolved_by_frequency,C[C@@H]([C@H](C1=CC=CC=C1)O)NC,3a93e7f45f6c095d94d2bed89d0f3a722272f2c3a1a2de206351f0f05d673fe1
DB00853,5394,"{""5394"": 364}",unique,CN1C(=O)N2C=NC(=C2N=N1)C(=O)N,10e28c48e4b44453c9e21525223283357c21c1e682451954ba163136ff350b9c
DB00857,1549008,"{""1549008"": 2}",unique,CC(C)(C)C#C/C=C/CN(C)CC1=CC=CC2=CC=CC=C21,99c7589f12f7f950304da9b70e05d648b42a2697c84b61e5c477b884be7250c3
DB00859,5852,"{""5852"": 3}",unique,CC(C)([C@H](C(=O)O)N)S,1f80bf17a7faf7e9d5e5458851694141b7ce72fdcab4ec26dcf77159db04675f
DB00860,5755,"{""5755"": 176}",unique,C[C@]12C[C@@H]([C@H]3[C@H]([C@@H]1CC[C@@]2(C(=O)CO)O)CCC4=CC(=O)C=C[C@]34C)O,ac02518e45a29acd2cad2a01c5e905ad59d0e4d4ed2aabe4130ba10dc6314ebb
DB00862,110634,"{""110634"": 6}",unique,CCCC1=NC(=C2N1NC(=NC2=O)C3=C(C=CC(=C3)S(=O)(=O)N4CCN(CC4)CC)OCC)C,f999de453ec323d2b7e3ad601f2a110c5661de203558cb619fb031df0bdcc6ea
DB00863,5039,"{""5039"": 12}",unique,CNC(=C[N+](=O)[O-])NCCSCC1=CC=C(O1)CN(C)C,bbdcc13fad2b494c4a941f4f6ec920e64e158c36fd0ba8bcda8140f5e0ea024e
DB00864,445643,"{""445643"": 377}",unique,C[C@@H]1C[C@@H]([C@@H]2[C@H](C[C@H]([C@@](O2)(C(=O)C(=O)N3CCCC[C@H]3C(=O)O[C@@H]([C@@H]([C@H](CC(=O)[C@@H](/C=C(/C1)\C)CC=C)O)C)/C(=C/[C@@H]4CC[C@H]([C@@H](C4)OC)O)/C)O)C)OC)OC,71b270bf6756cef7b1b22f0954a7d58577aafe8a47b4ce17456b99ad0b21a3bb
DB00869,5284549,"{""5284549"": 1, ""6918132"": 1}",ambiguous_resolved_by_frequency,CCN[C@H]1C[C@@H](S(=O)(=O)C2=C1C=C(S2)S(=O)(=O)N)C,df32a02ed75e38aea99d6079d44f0cc7869ee1627675687c3c0d7fdc15d2b8a0
DB00871,5403,"{""5403"": 4}",unique,CC(C)(C)NCC(C1=CC(=CC(=C1)O)O)O,e86d5c93d10df82137b749c286408abb687e7c164e9ca5f671cfbaeb30a52349
DB00874,3516,"{""3516"": 6}",unique,COC1=CC=CC=C1OCC(CO)O,a75b8b8b0831abc4d5ef4a3c8c345fb0cde99e1d674319f6c8fa2eb0822967b6
DB00875,5281881,"{""5281881"": 3}",unique,C1CN(CCN1CC/C=C\2/C3=CC=CC=C3SC4=C2C=C(C=C4)C(F)(F)F)CCO,9e1577b1d56a289eeee3ed11e0570d0cea77d0d71ebe6e04cc89c154a2a58a06
DB00877,20055431,"{""20055431"": 14, ""5284616"": 2}",ambiguous_resolved_by_frequency,CC[C@H](C)[C@@H]1C(=O)N2CCC[C@H]2C(=O)N(CC(=O)N([C@H](C(=O)O[C@@H]([C@@H](C(=O)N1)NC(=O)C3=C4C(=C(C=C3)C)OC5=C(C(=O)C(=C(C5=N4)C(=O)N[C@H]6[C@H](OC(=O)[C@@H](N(C(=O)CN(C(=O)[C@@H]7CCCN7C(=O)[C@H](NC6=O)[C@@H](C)CC)C)C)C(C)C)C)N)C)C)C(C)C)C)C,01cae3da5ee883cb28f6bbe8032b148d09314311c6e9d64ddca1dc76f28320ce
DB00878,9552079,"{""9552079"": 24, ""9552081"": 3}",ambiguous_resolved_by_frequency,C1=CC(=CC=C1N/C(=N/C(=NCCCCCCN=C(/N=C(/NC2=CC=C(C=C2)Cl)\N)N)N)/N)Cl,13e90422aa55a429066da7f391ebb829ea13e25d36fbb6febfd324c8e67cf415
DB00879,60877,"{""60877"": 39}",unique,C1[C@H](O[C@H](S1)CO)N2C=C(C(=NC2=O)N)F,6329c9d9d60bf86fe211498f7f7a5bd4a0bdd24550e08dbc1770e2752ce900ff
DB00882,2800,"{""2800"": 9}",unique,CCN(CC)CCOC1=CC=C(C=C1)C(=C(C2=CC=CC=C2)Cl)C3=CC=CC=C3,12ed70314e21a4ce38a9fa17db48886365f0165b33c59943692a83c0cee8233c
DB00884,5245,"{""5245"": 9}",unique,C1=CC(=CN=C1)CC(O)(P(=O)(O)O)P(=O)(O)O,23b36a46bf097afa67c22f7332b67b6c8696f7c361051f53e33459e21bb9cb79
DB00887,2471,"{""2471"": 2}",unique,CCCCNC1=C(C(=CC(=C1)C(=O)O)S(=O)(=O)N)OC2=CC=CC=C2,02e421cebfef21b10391ffe97504009eb4c0ce54e78f994b13a4ce50c45ec904
DB00889,,{},missing,,
DB00893,,{},missing,,
DB00898,702,"{""702"": 43, ""122173976"": 2, ""174"": 1}",ambiguous_resolved_by_frequency,CCO,ab1de819ede91df490e6441934decfa9041b49f91d6bbadbba4df634ccff57fa
DB00899,60815,"{""60815"": 164, ""60814"": 2}",ambiguous_resolved_by_frequency,CCC(=O)N(C1=CC=CC=C1)C2(CCN(CC2)CCC(=O)OC)C(=O)OC,c7da9dbe052f12856fd57ad2f85d2356064bf646f501f40db7d809098e0eb17f
DB00904,4595,"{""4595"": 71}",unique,CC1=NC=CN1CC2CCC3=C(C2=O)C4=CC=CC=C4N3C,8539f92c0e6312e8deac2cdbdf17b2fd7f8fee06becaa1443383bdf539900237
DB00905,5311027,"{""5311027"": 5}",unique,CCNC(=O)CCC/C=C\C[C@H]1[C@H](C[C@H]([C@@H]1/C=C/[C@H](CCC2=CC=CC=C2)O)O)O,dccde2d87e474023804922af7cc2c30e6e78e0d4a80b329d4d404a3a871b1c79
DB00907,446220,"{""446220"": 28}",unique,CN1[C@H]2CC[C@@H]1[C@H]([C@H](C2)OC(=O)C3=CC=CC=C3)C(=O)OC,63131dc84bfb854e73615d4dfbd80235947f7fa671106fa01e82182f0a1294df
DB00909,5734,"{""5734"": 11}",unique,C1=CC=C2C(=C1)C(=NO2)CS(=O)(=O)N,b923d34d80faa9dcf350a3fad6782022d8a49782155704792d06f86c717ecea9
DB00910,5281104,"{""5281104"": 12}",unique,C[C@H](/C=C/[C@H](C)C(C)(C)O)[C@H]1CC[C@@H]\2[C@@]1(CCC/C2=C\C=C3C[C@H](C[C@@H](C3)O)O)C,eedaa28e1b454885e6f25b41606dc2f274b2988b6d64bfdcaafbe81e3c0a8d80
DB00911,5479,"{""5479"": 5}",unique,CCS(=O)(=O)CCN1C(=NC=C1[N+](=O)[O-])C,475b775cdee99437a0fe7e4bf360a1b07c926f15c7a76680d635b917b9ee95ea
DB00912,65981,"{""65981"": 21}",unique,CCOC1=C(C=CC(=C1)CC(=O)N[C@@H](CC(C)C)C2=CC=CC=C2N3CCCCC3)C(=O)O,4807c67b26c9a998823a8fa089ecf8c30d0154885351a95293055ac7ab0982c6
DB00914,8249,"{""8249"": 1}",unique,C1=CC=C(C=C1)CCN=C(N)N=C(N)N,587b92d85fc8ffed74dda2a5b948d150bf98bc21950e928b68e716f5ae7eeadb
DB00915,2130,"{""2130"": 10}",unique,C1C2CC3CC1CC(C2)(C3)N,2a526c1f2df85e56bb68380b40225063b1e2dd9990237b4b6215247ffe73cac6
DB00916,4173,"{""4173"": 127, ""68592"": 2}",ambiguous_resolved_by_frequency,CC1=NC=C(N1CCO)[N+](=O)[O-],7d4b6d4b184aeb030ce348865bab53d93e6e4cdc08bed509f818e51f77cc5f7b
DB00921,644073,"{""644073"": 33, ""3033050"": 13}",ambiguous_resolved_by_frequency,C[C@]([C@H]1C[C@@]23CC[C@@]1([C@H]4[C@@]25CCN([C@@H]3CC6=C5C(=C(C=C6)O)O4)CC7CC7)OC)(C(C)(C)C)O,1784fcc680584516ef085b2466bfdf49e3770ecc2e7e6e3c9b9ac8b73abd1cdd
DB00927,5702160,"{""5702160"": 66}",unique,C1=C(N=C(S1)N=C(N)N)CSCC/C(=N/S(=O)(=O)N)/N,73c02416782903e0bd662cec0fe1d903a3cb6e2a42eda452106f82fb22558118
DB00928,9444,"{""9444"": 301}",unique,C1=NC(=NC(=O)N1[C@H]2[C@@H]([C@@H]([C@H](O2)CO)O)O)N,a6303032ba57c78fb1e8c51773382ea88613d5a2d5f55b5e0eb710ebcb78fd12
DB00930,160051,"{""160051"": 7}",unique,CCCCCCCCCCNCC=C.C[N+](C)(C)CCCCCCNCC=C.C=CCN.C1C(O1)CCl.Cl.[Cl-],bada7920f04db37af28864a1894fd0fd5875e8f648ec2cc4498c9c326ce49b16
DB00935,4636,"{""4636"": 3, ""66259"": 1}",ambiguous_resolved_by_frequency,CC1=CC(=C(C(=C1CC2=NCCN2)C)O)C(C)(C)C,7f63d963c6784b495fe47666b6a4a9d9d97af1a8b65bca525f1277dd8ecab2e3
DB00938,5152,"{""5152"": 49, ""56801"": 1}",ambiguous_resolved_by_frequency,C1=CC=C(C=C1)CCCCOCCCCCCNCC(C2=CC(=C(C=C2)O)CO)O,01b9dc6424e43ca3ad5db83d0f8e063dc500c726bdb62312ea619a5063227cc7
DB00945,2244,"{""2244"": 399}",unique,CC(=O)OC1=CC=CC=C1C(=O)O,cf745663d522342423d747f7496ecc7ecbc3514c93a4b910b6fe077d6e6f5e1e
DB00946,54680692,"{""54680692"": 2}",unique,CCC(C1=CC=CC=C1)C2=C(C3=CC=CC=C3OC2=O)O,b2766eda2597204d243c06839dabe9b4704155962dc2577cfb8ae98016b1d8b3
DB00947,104741,"{""104741"": 237}",unique,C[C@]12CC[C@H]3[C@H]([C@@H]1CC[C@@H]2O)[C@@H](CC4=C3C=CC(=C4)O)CCCCCCCCCS(=O)CCCC(C(F)(F)F)(F)F,2b814281fe16d504c620c00e6da2ac3c30a6119f3479e0d7622f831c516021a1
DB00950,3348,"{""3348"": 12, ""63002"": 1}",ambiguous_resolved_by_frequency,CC(C)(C1=CC=C(C=C1)C(CCCN2CCC(CC2)C(C3=CC=CC=C3)(C4=CC=CC=C4)O)O)C(=O)O,19a252d2481f4b2c499fa14a396a180a9f0e053d9d0a42d69f3113f62b9fdcfe
DB00951,3767,"{""3767"": 87}",unique,C1=CN=CC=C1C(=O)NN,2987b1698913369cf6b27ad2acd77c4d17f9acb99376e17bf012cf82d06af187
DB00958,10339178,"{""10339178"": 478}",unique,C1CC(C1)(C(=O)[O-])C(=O)[O-].N.N.[Pt+2],8a06582c708ee752e908b3439abaa460cb33828d35d0ab1902678af1eb107846
DB00959,6741,"{""6741"": 263, ""5877"": 7}",ambiguous_resolved_by_frequency,C[C@H]1C[C@H]2[C@@H]3CC[C@@]([C@]3(C[C@@H]([C@@H]2[C@@]4(C1=CC(=O)C=C4)C)O)C)(C(=O)CO)O,8cec0f7b4709c05031452f84d67bbaa87a8cb585b7d231381efcf8c84c2ee5f2
DB00960,4828,"{""4828"": 5}",unique,CC(C)NCC(COC1=CC=CC2=C1C=CN2)O,57a8fa6b6127c5ad7912e9c49b4dd3dc815028a77651de49b03b59ac073b2d97
DB00965,,{},missing,,
DB00966,65999,"{""65999"": 85}",unique,CCCC1=NC2=C(N1CC3=CC=C(C=C3)C4=CC=CC=C4C(=O)O)C=C(C=C2C)C5=NC6=CC=CC=C6N5C,a8bc686b5f76bc993ba63a15b9cad5d7786282ded98161415f714c3e44822037
DB00967,124087,"{""124087"": 8}",unique,C1CC2=C(C=CC(=C2)Cl)C(=C3CCNCC3)C4=C1C=CC=N4,cfb970d9c7449b716ca7388b67e9cbda4b5fe606ff3963eae1438665b184b397
DB00968,38853,"{""38853"": 5}",unique,C[C@](CC1=CC(=C(C=C1)O)O)(C(=O)O)N,007c1311d1090ca638521c8d5d7671c236f834b3fe63410e69507cec1ab44180
DB00970,457193,"{""457193"": 13}",unique,C[C@@H]1[C@@H](C(=O)N[C@@H](C(=O)N2CCC[C@H]2C(=O)N(CC(=O)N([C@H](C(=O)O1)C(C)C)C)C)C(C)C)NC(=O)C3=C4C(=C(C=C3)C)OC5=C(C(=O)C(=C(C5=N4)C(=O)N[C@H]6[C@H](OC(=O)[C@@H](N(C(=O)CN(C(=O)[C@@H]7CCCN7C(=O)[C@H](NC6=O)C(C)C)C)C)C(C)C)C)N)C,fd6b88685571b5f1c313a38126c2a0b6b7a41745515270923cb79e3c795793e2
DB00972,2267,"{""2267"": 2, ""54360"": 1}",ambiguous_resolved_by_frequency,CN1CCCC(CC1)N2C(=O)C3=CC=CC=C3C(=N2)CC4=CC=C(C=C4)Cl,60b8626266c54e63c754ee19615dc282a936f74d063ef49753666d25e5293a9f
DB00973,150311,"{""150311"": 112}",unique,C1=CC(=CC=C1[C@@H]2[C@H](C(=O)N2C3=CC=C(C=C3)F)CC[C@@H](C4=CC=C(C=C4)F)O)O,c2a43b30c3ea98ea5414781d51960b709eb248d1b915d9332b1818b36b5de4ad
DB00975,3108,"{""3108"": 5}",unique,C1CCN(CC1)C2=NC(=NC3=C2N=C(N=C3N4CCCCC4)N(CCO)CCO)N(CCO)CCO,6e3c4913be013a8dfc63e792c086feeca310a64ad6595076bc6cb92187a9069a
DB00977,5991,"{""5991"": 20}",unique,C[C@]12CC[C@H]3[C@H]([C@@H]1CC[C@]2(C#C)O)CCC4=C3C=CC(=C4)O,f10119e50aa08022bf0683e33fa6cbc2e06bf739e749fa7b8588fcd5c980e05a
DB00980,208902,"{""208902"": 3}",unique,CCC(=O)NCC[C@@H]1CCC2=C1C3=C(C=C2)OCC3,fa2927373b338ddbd15997ea799c19d2af3161a6c62dc2e34b6c6acfb88417b0
DB00982,5282379,"{""5282379"": 31}",unique,CC1=C(C(CCC1)(C)C)/C=C/C(=C/C=C/C(=C\C(=O)O)/C)/C,a436419f5af51cefbc96c0843593319e22bf9b2d9673d9562b9fa6ed46596713
DB00983,3410,"{""3410"": 34, ""53477580"": 3, ""45358055"": 1}",ambiguous_resolved_by_frequency,CC(CC1=CC=C(C=C1)OC)NCC(C2=CC(=C(C=C2)O)NC=O)O,402a5bd3f429e932e90869dbaff997b63ea768496af8ffda7861fa0bee6987fe
DB00986,3494,"{""3494"": 25, ""11693"": 14}",ambiguous_resolved_by_frequency,C[N+]1(CCC(C1)OC(=O)C(C2CCCC2)(C3=CC=CC=C3)O)C,70d5a5af9f7a6ca4ccb9b6e2638650d0861c0febfb742a14fd6ae71351722d08
DB00987,6253,"{""6253"": 431, ""47751"": 2}",ambiguous_resolved_by_frequency,C1=CN(C(=O)N=C1N)[C@H]2[C@H]([C@@H]([C@H](O2)CO)O)O,47bd6e445eb46a6b70928449b6c9cd4831f3e983eebde8dbfba202c32bc88dea
DB00989,77991,"{""77991"": 5}",unique,CCN(C)C(=O)OC1=CC=CC(=C1)[C@H](C)N(C)C,59b58f394adfde335bf22860fac04a4d89c155517d47a5d2763347c0cf0819f5
DB00990,60198,"{""60198"": 115}",unique,C[C@]12CC[C@H]3[C@H]([C@@H]1CCC2=O)CC(=C)C4=CC(=O)C=C[C@]34C,c331c33f94b951edd4055b70f4d752f83d29b9d0820c8fdb81d77a194ee4d980
DB00993,2265,"{""2265"": 54}",unique,CN1C=NC(=C1SC2=NC=NC3=C2NC=N3)[N+](=O)[O-],aa7c5f791b5d93a38b5ba95f2be44354aa583d22061bf0028ae2e620c605d9d2
DB00994,8378,"{""8378"": 12}",unique,C1[C@H]([C@@H]([C@H]([C@@H]([C@H]1N)O[C@@H]2[C@@H]([C@H]([C@@H]([C@H](O2)CN)O)O)N)O[C@H]3[C@@H]([C@@H]([C@H](O3)CO)O[C@@H]4[C@@H]([C@H]([C@@H]([C@@H](O4)CN)O)O)N)O)O)N,9f0db6be6b8d4c4154ae8784d2a606ab112e9d0112dd920fb513b64c784b37cb
DB00995,16667669,"{""16667669"": 6}",unique,CCP(CC)CC.CC(=O)OC[C@@H]1[C@H]([C@@H]([C@H]([C@@H](O1)[S-])OC(=O)C)OC(=O)C)OC(=O)C.[Au+],8167f9008dad5b0f55d7256160d61cf39a76b650636a37dd2921a17d966b1b90
DB00996,3446,"{""3446"": 28}",unique,C1CCC(CC1)(CC(=O)O)CN,a17ce6422160cc652d738da3af862fe5f1ff8c6160c7fd775223a741b704aaef
DB00997,31703,"{""31703"": 44}",unique,C[C@H]1[C@H]([C@H](C[C@@H](O1)O[C@H]2C[C@@](CC3=C2C(=C4C(=C3O)C(=O)C5=C(C4=O)C(=CC=C5)OC)O)(C(=O)CO)O)N)O,147326d615addc5c9b3fcd03cc358ef2a97b57e8bc5c28b1349c52d7d4bbf47d
DB00999,3639,"{""3639"": 115}",unique,C1NC2=CC(=C(C=C2S(=O)(=O)N1)S(=O)(=O)N)Cl,7f2f20562c32d3987b5cff71c96ec92fc79ff02f349f92c40e4dc74037c5c9d6
DB01001,2083,"{""2083"": 111, ""39859"": 1}",ambiguous_resolved_by_frequency,CC(C)(C)NCC(C1=CC(=C(C=C1)O)CO)O,0bd60d62af92d400d3e133833f84c1f20558d8d3e098d6a861d71fe40fdfec57
DB01002,92253,"{""92253"": 43}",unique,CCCCN1CCCC[C@H]1C(=O)NC2=C(C=CC=C2C)C,67c38e8e003c971b96533ef33ee6b9f5b11b4266dbaf8d012561945f41b7c9ae
DB01003,2882,"{""2882"": 1}",unique,C1=CC2=C(C(=C1)OCC(COC3=CC=CC4=C3C(=O)C=C(O4)C(=O)O)O)C(=O)C=C(O2)C(=O)O,516798bcd72df989e736e56836eec52f0390e8aaa4aee563aff945a6f5a958c3
DB01004,,{},missing,,
DB01005,3657,"{""3657"": 23}",unique,C(=O)(N)NO,71709f456c34dc349361cd72666ab94d52c19ff73282b0e8519d2a161582e983
DB01006,3902,"{""3902"": 225}",unique,C1=CC(=CC=C1C#N)C(C2=CC=C(C=C2)C#N)N3C=NC=N3,8c15d36d5f64228612544729e716a171ec8fe2cb6f51ad28e4b55804180d8c29
DB01008,2478,"{""2478"": 257}",unique,CS(=O)(=O)OCCCCOS(=O)(=O)C,08403c14b7a56dbc5c00a087639028005dd9424ebb8e0b34de84d8d891dce1a1
DB01009,3825,"{""3825"": 13}",unique,CC(C1=CC(=CC=C1)C(=O)C2=CC=CC=C2)C(=O)O,4ba8cf5f669494d94470331cccf46af68ab006774c75885385ccd1fd9f0030a4
DB01011,4174,"{""4174"": 8}",unique,CC(C)(C1=CN=CC=C1)C(=O)C2=CN=CC=C2,044ee49355a828a7a844d5005ada25dfadf58425cd2d94ed61cec5b55e3e80dc
DB01012,156419,"{""156419"": 4}",unique,C[C@H](C1=CC=CC2=CC=CC=C21)NCCCC3=CC(=CC=C3)C(F)(F)F,448f62d2f3824adefd706445697d93a7a56b6b2dede7dbab991551443f8cae2e
DB01015,5329,"{""5329"": 7}",unique,CC1=CC(=NO1)NS(=O)(=O)C2=CC=C(C=C2)N,62c5c4cc7784f8c42d7e5a221459f368edd81ab50e29f382289cb56505bcd214
DB01016,3488,"{""3488"": 17}",unique,COC1=C(C=C(C=C1)Cl)C(=O)NCCC2=CC=C(C=C2)S(=O)(=O)NC(=O)NC3CCCCC3,73e6b9fca6f81b80b0e97487f288f801e5d7e77ad8230e853f3311a06b412db4
DB01017,54675783,"{""54675783"": 18}",unique,CN(C)[C@H]1[C@@H]2C[C@@H]3CC4=C(C=CC(=C4C(=C3C(=O)[C@@]2(C(=C(C1=O)C(=O)N)O)O)O)O)N(C)C,32e1627fcd47e21156325e63079f27645165f4e08c11137a7dca3e8953a65528
DB01018,3519,"{""3519"": 9}",unique,C1=CC(=C(C(=C1)Cl)CC(=O)N=C(N)N)Cl,58360b5100f5bfffd19b1327449d0655c854fef6cc0675b2b132f4f6292501f6
DB01019,2370,"{""2370"": 10}",unique,CC(C[N+](C)(C)C)OC(=O)N,e3430838653e56914df0ae3c15e16296b35e09ffdd71aa0c5da2a07aab2e2b17
DB01023,3333,"{""3333"": 3}",unique,CCOC(=O)C1=C(NC(=C(C1C2=C(C(=CC=C2)Cl)Cl)C(=O)OC)C)C,d37e8b6cbd671751afa05ecd9a1b1c82d1c0356887cb5f991b17c21d82431601
DB01024,446541,"{""6918995"": 10, ""446541"": 17, ""23665584"": 13}",ambiguous_resolved_by_frequency,CC1=C2COC(=O)C2=C(C(=C1OC)C/C=C(\C)/CCC(=O)O)O,ef2cf52785e476de7ab4195f68ce08e38423ecf6c96fae7dba3c9e1dfc33fe82
DB01026,3823,"{""3823"": 50}",unique,CC(=O)N1CCN(CC1)C2=CC=C(C=C2)OCC3COC(O3)(CN4C=CN=C4)C5=C(C=C(C=C5)Cl)Cl,a752d3088df6198ee3213ac662ee1f75e55557e897037f0631ccdd3ffbacf603
DB01029,3749,"{""3749"": 8}",unique,CCCCC1=NC2(CCCC2)C(=O)N1CC3=CC=C(C=C3)C4=CC=CC=C4C5=NNN=N5,c94126e1a41abe2a2be44d2b48114d28f8a3ef9894f9406cb805b5b5799ddcf3
DB01030,60700,"{""60699"": 16, ""6918092"": 1, ""60700"": 82}",ambiguous_resolved_by_frequency,CC[C@@]1(C2=C(COC1=O)C(=O)N3CC4=CC5=C(C=CC(=C5CN(C)C)O)N=C4C3=C2)O,9e020be784168156db7310cd08987a16e4212d7e1556e3d309027f2532396e95
DB01032,4911,"{""4911"": 18}",unique,CCCN(CCC)S(=O)(=O)C1=CC=C(C=C1)C(=O)O,df35179318b376e286e46172a213d03d8a4246aa3b99ce985c4a8df94862cb16
DB01033,667490,"{""667490"": 54}",unique,C1=NC2=C(N1)C(=S)N=CN2,76b90bdfcde2bef233b83866ffc63b0ef6e3777c196f75eed1098bdbe4b39118
DB01036,443879,"{""443879"": 11}",unique,CC1=CC(=C(C=C1)O)[C@H](CCN(C(C)C)C(C)C)C2=CC=CC=C2,5b2f79ac6efe5bf2ca0af2e85bacd71461e33950bab95b18aa9c6f67a859926d
DB01037,26757,"{""26757"": 2}",unique,C[C@H](CC1=CC=CC=C1)N(C)CC#C,98590068ebbd19abba854bcb9b78c7c8d9b1b8876fe5cfd2bdc15ad408ef5947
DB01039,3339,"{""3339"": 29}",unique,CC(C)OC(=O)C(C)(C)OC1=CC=C(C=C1)C(=O)C2=CC=C(C=C2)Cl,8b59c55fecf11ace6be62f51b05d8f7cdd5352a9e721f0f513b3cfd28a6c0d44
DB01041,,{},missing,,
DB01042,460612,"{""460612"": 13, ""9927978"": 3}",ambiguous_resolved_by_frequency,C1=CC(=CC=C1C[C@@H](C(=O)O)N)N(CCCl)CCCl,b7ad7be318790750fcd6c8d964c068920ac9d9002100c964a328878949663917
DB01043,4054,"{""4054"": 20, ""181458"": 1}",ambiguous_resolved_by_frequency,CC12CC3CC(C1)(CC(C3)(C2)N)C,b252a696d4a2d0dcdab07c25e4d9b73b79c0f7976b5ad6d29be962d9a90061f3
DB01044,5379,"{""5379"": 1}",unique,CC1CN(CCN1)C2=C(C=C3C(=C2OC)N(C=C(C3=O)C(=O)O)C4CC4)F,db5fc9aedefe55585bed49b855d44fd5d738dabdf37fc2c4bfb5eb0106a1689b
DB01045,5381226,"{""5381226"": 182}",unique,C[C@H]1/C=C/C=C(\C(=O)NC\2=C(C3=C(C4=C(C(=C3O)C)O[C@@](C4=O)(O/C=C/[C@@H]([C@H]([C@H]([C@@H]([C@@H]([C@@H]([C@H]1O)C)O)C)OC(=O)C)C)OC)C)C(=O)/C2=C/NN5CCN(CC5)C)O)/C,ee272e9d631ae90e716829e881112355f58946b4e24901be03e0a5fc9eff54f2
DB01050,3672,"{""3672"": 142, ""15787"": 6}",ambiguous_resolved_by_frequency,CC(C)CC1=CC=C(C=C1)C(C)C(=O)O,0cc4e17c3cc10323a3a587d049ff9aa31993f888e6cceb755955fee937c79c89
DB01058,4891,"{""4891"": 5}",unique,C1CCC(CC1)C(=O)N2CC3C4=CC=CC=C4CCN3C(=O)C2,1b58fda6518b7b5b4a980e5a851bca009ce536f6a9024e5ae4b2a7a5c5401356
DB01060,33613,"{""33613"": 160, ""23663126"": 1}",ambiguous_resolved_by_frequency,CC1([C@@H](N2[C@H](S1)[C@@H](C2=O)NC(=O)[C@@H](C3=CC=C(C=C3)O)N)C(=O)O)C,1a725cfc5f814498b0dc2fb0199aec7ae8885dd7f02f1fe790a38a029e6bbf63
DB01062,,{},missing,,
DB01064,3779,"{""3779"": 5, ""5807"": 2}",ambiguous_resolved_by_frequency,CC(C)NCC(C1=CC(=C(C=C1)O)O)O,1ede9113a5c19ddbe7cdf4472dfcb3b2d877020e78c25175e9cb816860d090a5
DB01067,3478,"{""3478"": 13}",unique,CC1=CN=C(C=N1)C(=O)NCCC2=CC=C(C=C2)S(=O)(=O)NC(=O)NC3CCCCC3,e2681475920a15046f65d5f2488974984bf2d742946a6d5e006bc397fcb0863a
DB01068,2802,"{""2802"": 9}",unique,C1C(=O)NC2=C(C=C(C=C2)[N+](=O)[O-])C(=N1)C3=CC=CC=C3Cl,a8972b1c55df51f832d0cf9315c33b209a1d4cf85e39636cb1262af23bc9c3d1
DB01069,4927,"{""4927"": 10, ""6014"": 5}",ambiguous_resolved_by_frequency,CC(CN1C2=CC=CC=C2SC3=CC=CC=C31)N(C)C,1c77fd31c5bee0600722342089bec470c9da463f7309853216c0d80a51c610e0
DB01072,148192,"{""148192"": 52, ""158550"": 2}",ambiguous_resolved_by_frequency,CC(C)(C)[C@@H](C(=O)N[C@@H](CC1=CC=CC=C1)[C@H](CN(CC2=CC=C(C=C2)C3=CC=CC=N3)NC(=O)[C@H](C(C)(C)C)NC(=O)OC)O)NC(=O)OC,0763b63fb7399f4665ea6b04662b082abf1c589ee434bab6af37ea727b4d5769
DB01073,30751,"{""30751"": 400, ""1131"": 1, ""5360525"": 1, ""12790"": 1}",ambiguous_resolved_by_frequency,C1=NC2=C(N=C(N=C2N1[C@H]3[C@H]([C@@H]([C@H](O3)COP(=O)(O)O)O)O)F)N,ceb2f80edda3776bacd2829adf890cdff8ec298bfdfbe2e94ed976e3c1242fc9
DB01075,3100,"{""3100"": 86, ""8980"": 7, ""174697"": 1}",ambiguous_resolved_by_frequency,CN(C)CCOC(C1=CC=CC=C1)C2=CC=CC=C2,a783a79487ec20b0886ea45042297f19678d58e1d2795c3e5dc0e99228f21493
DB01076,60823,"{""60823"": 215, ""60822"": 2}",ambiguous_resolved_by_frequency,CC(C)C1=C(C(=C(N1CC[C@H](C[C@H](CC(=O)O)O)O)C2=CC=C(C=C2)F)C3=CC=CC=C3)C(=O)NC4=CC=CC=C4,8aadbd3bd8b0ae5194ee63a964f6be89e45ed4309b2d8d2141d6f44eb7ad1070
DB01077,3305,"{""3305"": 3}",unique,CC(O)(P(=O)(O)O)P(=O)(O)O,f533e08745bad20bf98b425b44c1bdcfc41ea0b30fe6a5cebe2bdb5268f5fee0
DB01080,5665,"{""5665"": 2}",unique,C=CC(CCC(=O)O)N,84b444674b4121be013463f980dba58f0c738748be0eaad2877b12df8c9f67ce
DB01083,3034010,"{""3034010"": 6}",unique,CCCCCCCCCCC[C@@H](C[C@H]1[C@@H](C(=O)O1)CCCCCC)OC(=O)[C@H](CC(C)C)NC=O,63d71a46556cc2607ca180938920ab542ecca9ac92e651f65e8f2490ab4ba17b
DB01085,5910,"{""5910"": 8}",unique,CC[C@H]1[C@H](COC1=O)CC2=CN=CN2C,1d694bc0fb0e6e17aeb77025614e41492457845aa1652eadce53d43dcf6cf2c9
DB01087,6135,"{""6135"": 1}",unique,CC(CCCN)NC1=C2C(=CC(=C1)OC)C=CC=N2.OP(=O)(O)O.OP(=O)(O)O,68e734a22c986aeabe6f80f7bfee1431edfdb6ecbf093e4b72aeaf0d71ac568e
DB01088,5311181,"{""5311181"": 3}",unique,CC#CCC(C)[C@@H](/C=C/[C@H]1[C@@H](C[C@H]2[C@@H]1C/C(=C/CCCC(=O)O)/C2)O)O,f5e2f9f898b774887930de7edc51c1e7d921bf34f811522dfb884db0c19384f3
DB01093,679,"{""679"": 2}",unique,CS(=O)C,72af21dd348c82a2dcfd73b74c5fa0c4e5af68aae76242810da02ebe89cb5979
DB01095,446155,"{""446155"": 5}",unique,CC(C)N1C2=CC=CC=C2C(=C1/C=C/[C@H](C[C@H](CC(=O)O)O)O)C3=CC=C(C=C3)F,eef0e6a3ef7df3b26f350d9cf4943fcc9aa12d1bffaa15ace9a8f44d59837fdc
DB01097,3899,"{""3899"": 35}",unique,CC1=C(C=NO1)C(=O)NC2=CC=C(C=C2)C(F)(F)F,a471829242f82d37b38d06ac575d432f78acd35a146a733ab554f0fbce971cc1
DB01098,446157,"{""446157"": 148}",unique,CC(C)C1=NC(=NC(=C1/C=C/[C@H](C[C@H](CC(=O)O)O)O)C2=CC=C(C=C2)F)N(C)S(=O)(=O)C,86e02c808ea7088ada9d0d2143563cbf1ffabcd75cae8618ad18f80374cd7999
DB01099,3366,"{""3366"": 4}",unique,C1=NC(=O)NC(=C1F)N,5c47af7401974cee352bcb5fb095be04e0c206c51da69a32034938f551ab35a7
DB01100,16362,"{""16362"": 4}",unique,C1CN(CCC1N2C3=CC=CC=C3NC2=O)CCCC(C4=CC=C(C=C4)F)C5=CC=C(C=C5)F,691ba7f54d9a166bcc71d7efc9da841e9b829d0783448cd5207cc7d39778a62c
DB01101,60953,"{""60953"": 847}",unique,CCCCCOC(=O)NC1=NC(=O)N(C=C1F)[C@H]2[C@@H]([C@@H]([C@H](O2)C)O)O,5d47fe574218892738e59fe3b8b1bccf0dbd151eb5a92a6705e9a893afaa3af8
DB01104,68617,"{""68617"": 44}",unique,CN[C@H]1CC[C@H](C2=CC=CC=C12)C3=CC(=C(C=C3)Cl)Cl,7d7d85bef08c82e8fed52f47eb03b5f90728e04899c227beababd9d47efb7d2a
DB01109,22833565,"{""22833565"": 51}",unique,CC(=O)N[C@@H]1[C@H]([C@@H]([C@H](O[C@@H]1O[C@H]2[C@@H]([C@H]([C@@H](O[C@@H]2C(=O)O)O[C@H]3[C@@H]([C@H]([C@H](O[C@@H]3O)O[C@H]4[C@@H]([C@H](C(O[C@H]4C(=O)O)O)OS(=O)(=O)O)O)OS(=O)(=O)O)CS(=O)(=O)O)O)O)COS(=O)(=O)O)O)O,89e753496e040c2d745b9eaa61f4580c4d53a1ff223dd0325d0d61957628b0cb
DB01111,49863538,"{""49863538"": 3, ""216259"": 1}",ambiguous_resolved_by_frequency,CCC(C)CCCCC(=O)N(CS(=O)(=O)O)[C@@H](CCNCS(=O)(=O)O)C(=O)N[C@@H](CN[C@@H](CCNCS(=O)(=O)O)C(=O)N[C@H]1CCNC(=O)[C@@H](NC(=O)[C@H](NC(=O)[C@@H](NC(=O)[C@@H](NC(=O)[C@H](NC(=O)[C@@H](NC1=O)CCNCS(=O)(=O)O)CC(C)C)CC(C)C)CCNCS(=O)(=O)O)CCNCS(=O)(=O)O)[C@@H](C)O)[C@@H](C)O,20a07710e8dd64bc85925c965ef319dc09a4ab0e66880d6bdd428779cb70c759
DB01112,5479529,"{""5479529"": 9}",unique,CO/N=C(/C1=CC=CO1)\C(=O)N[C@H]2[C@@H]3N(C2=O)C(=C(CS3)COC(=O)N)C(=O)O,f27c7bbb0dfe5192cdda20a191df3849e2462ecabaeeee90bfe7f9e80cfe05a7
DB01114,5281068,"{""2725"": 3, ""5281068"": 8}",ambiguous_resolved_by_frequency,CN(C)CCC(C1=CC=C(C=C1)Cl)C2=CC=CC=N2.C(=C\C(=O)O)\C(=O)O,d1fdcd2995ae51dfd7a98238dd9fb9f0b7664e44bc3be0dde138d4ba99b48c65
DB01115,4485,"{""4485"": 12}",unique,CC1=C(C(C(=C(N1)C)C(=O)OC)C2=CC=CC=C2[N+](=O)[O-])C(=O)OC,a08defc62283f196f39e5078847f06d813e4131d31a02123ae2afa47dfcfdacf
DB01116,23576,"{""23576"": 3}",unique,C1CC2C3C(C[S+]2C1)N(C(=O)N3CC4=CC=CC=C4)CC5=CC=CC=C5,72ed3fff6fdc8995c4779bfaf9839a00a74a0dfca9aa6d8eee336f67fba91b37
DB01117,74989,"{""74989"": 3}",unique,C1CC(CCC1C2=CC=C(C=C2)Cl)C3=C(C4=CC=CC=C4C(=O)C3=O)O,3ea290556f0e05be8b6be9aad83c4368b3a0f5d9bc1ae82a4123632f8e8d778a
DB01118,2157,"{""2157"": 8}",unique,CCCCC1=C(C2=CC=CC=C2O1)C(=O)C3=CC(=C(C(=C3)I)OCCN(CC)CC)I,f1e61aaedc32f85b9c46c084942fed8036fa6b6da11924ac43ccd3bb2aea4512
DB01119,3019,"{""3019"": 2}",unique,CC1=NS(=O)(=O)C2=C(N1)C=CC(=C2)Cl,b0dc0290cb2ce2844e56809745070fb6fb9c46e6110b05147e308707ca611b57
DB01120,3475,"{""3475"": 9}",unique,CC1=CC=C(C=C1)S(=O)(=O)NC(=O)NN2CC3CCCC3C2,decd581f45b83503aa5a513305ec5e89cd3cbec6c7ce074880846968dd2cbd2c
DB01123,7099,"{""7099"": 2}",unique,C1=CC(=CC2=NC3=C(C=CC(=C3)N)C=C21)N,e2b8967ce4fec7dcddff71f6af24c5bde7c5ad06283f514d579f099c8b546010
DB01124,5505,"{""5505"": 13}",unique,CCCCNC(=O)NS(=O)(=O)C1=CC=C(C=C1)C,26ce0864c30431d71808a699c6a24ff805c5c35b554d30655ef67d2abae6dffc
DB01126,6918296,"{""6918296"": 23}",unique,C[C@]12CC[C@H]3[C@H]([C@@H]1CC[C@@H]2C(=O)NC4=C(C=CC(=C4)C(F)(F)F)C(F)(F)F)CC[C@@H]5[C@@]3(C=CC(=O)N5)C,3a3b9bbbde934d9f72a13f434ffce2d00098eab71fb963f2597140a1e9cab59b
DB01128,2375,"{""2375"": 73}",unique,CC(CS(=O)(=O)C1=CC=C(C=C1)F)(C(=O)NC2=CC(=C(C=C2)C#N)C(F)(F)F)O,639c2dc51e9aa295564b035ec162f3d991620006913d6bdffa0b7f3621acada9
DB01129,5029,"{""5029"": 56, ""14720269"": 20}",ambiguous_resolved_by_frequency,CC1=C(C=CN=C1CS(=O)C2=NC3=CC=CC=C3N2)OCCCOC,0403fe40560ec9447ff33f9cd5fa61b54eb6688d213aad51553eb39c32334e88
DB01132,60560,"{""60560"": 13}",unique,CCC1=CN=C(C=C1)CCOC2=CC=C(C=C2)CC3C(=O)NC(=O)S3.Cl,cfb266bc365cdfb38fd7c7fac2d886c7755bc2edf4325501b05c111fe567b31f
DB01136,2585,"{""2585"": 13}",unique,COC1=CC=CC=C1OCCNCC(COC2=CC=CC3=C2C4=CC=CC=C4N3)O,1d6912aae1c86a8b3c91d61214c8449b1a03cbb379d505fcd058959803c8876d
DB01137,149096,"{""149096"": 68}",unique,C[C@H]1COC2=C3N1C=C(C(=O)C3=CC(=C2N4CCN(CC4)C)F)C(=O)O,53b4fc9903a27bed8cf896e5d3101dc4356547def8bce13ddda2984faaea10ee
DB01140,47965,"{""47965"": 3}",unique,CC1=C(N2[C@@H]([C@@H](C2=O)NC(=O)[C@@H](C3=CC=C(C=C3)O)N)SC1)C(=O)O,660d11bdb347e99bcda1400d75123a710ed3af4c35620ba638e7a3fa8d66f37a
DB01141,477468,"{""477468"": 6}",unique,CCCCCOC1=CC=C(C=C1)C2=CC(=NO2)C3=CC=C(C=C3)C(=O)N[C@H]4C[C@H]([C@H](NC(=O)[C@@H]5[C@H]([C@H](CN5C(=O)[C@@H](NC(=O)[C@@H](NC(=O)[C@@H]6C[C@H](CN6C(=O)[C@@H](NC4=O)[C@@H](C)O)O)[C@@H]([C@H](C7=CC(=C(C=C7)O)OS(=O)(=O)O)O)O)[C@@H](CC(=O)N)O)C)O)O)O,225beb9c27cb7bf25e3f75f84674aa80db750aaa911eb096d2c8b93da2455b24
DB01143,2141,"{""2141"": 10}",unique,C(CN)CNCCSP(=O)(O)O,085c515d422898ef1b41e71c536614b554a7d992327816eaf897cd86fdc08576
DB01147,6098,"{""6098"": 3}",unique,CC1=C(C(=NO1)C2=CC=CC=C2Cl)C(=O)N[C@H]3[C@@H]4N(C3=O)[C@H](C(S4)(C)C)C(=O)O,5bec26273ccc3894f6e9868bab9e63b3b4cf71ce4665e512183f10cbc60bd72a
DB01151,2995,"{""2995"": 6}",unique,CNCCCN1C2=CC=CC=C2CCC3=CC=CC=C31,c907bd28b6dcb91233478cba6ef3e2ea1a382dba629c165d188c71eb68331a5b
DB01156,444,"{""444"": 39, ""62884"": 1}",ambiguous_resolved_by_frequency,CC(C(=O)C1=CC(=CC=C1)Cl)NC(C)(C)C,25cdabea3cbeab010617250c395ddc2c4f5a8b6d95b71743c45a1773b5e64945
DB01165,149096,"{""149096"": 10}",unique,C[C@H]1COC2=C3N1C=C(C(=O)C3=CC(=C2N4CCN(CC4)C)F)C(=O)O,53b4fc9903a27bed8cf896e5d3101dc4356547def8bce13ddda2984faaea10ee
DB01166,,{},missing,,
DB01167,55283,"{""55283"": 107}",unique,CCC(C)N1C(=O)N(C=N1)C2=CC=C(C=C2)N3CCN(CC3)C4=CC=C(C=C4)OC[C@H]5CO[C@](O5)(CN6C=NC=N6)C7=C(C=C(C=C7)Cl)Cl,985df6521a9d92d49a7f7f476304855040441819da94f1d226807279c30d6335
DB01168,9703,"{""9703"": 9, ""4915"": 8}",ambiguous_resolved_by_frequency,CC(C)NC(=O)C1=CC=C(C=C1)CNNC.Cl,bee6619898bfd1ee72eaa84d6e9446aaf01a975e7ac163883c3e3ad2bf6dafb3
DB01172,6032,"{""6032"": 8}",unique,C1[C@H]([C@@H]([C@H]([C@@H]([C@H]1N)O[C@@H]2[C@@H]([C@H]([C@@H]([C@H](O2)CN)O)O)O)O)O[C@@H]3[C@@H]([C@H]([C@@H]([C@H](O3)CO)O)N)O)N,5627a66f946fa2e336b763937297097d7280188fbb1ff243932e5fa7f2ebe0fc
DB01174,4763,"{""4763"": 3}",unique,CCC1(C(=O)NC(=O)NC1=O)C2=CC=CC=C2,7b519549c3e669de236d0674367fdd27e04ac996d00e4cc6936043a6350286d0
DB01175,146570,"{""146570"": 46}",unique,CN(C)CCC[C@@]1(C2=C(CO1)C=C(C=C2)C#N)C3=CC=C(C=C3)F,f6bbf348e62c7d4e34b4d4172fc5aeb14ef71372a600b281c770a1b880d17bdf
DB01177,42890,"{""42890"": 84}",unique,C[C@H]1[C@H]([C@H](C[C@@H](O1)O[C@H]2C[C@@](CC3=C2C(=C4C(=C3O)C(=O)C5=CC=CC=C5C4=O)O)(C(=O)C)O)N)O,986a98c458589394d39f5112e23599ba0793f4994ce16bb9387bd49d57669861
DB01181,3690,"{""3690"": 150}",unique,C1CN(P(=O)(OC1)NCCCl)CCCl,bfeb488481212fe2472c1bc686be9d7f4fd5f2757a7d5068fb95843c980d22bc
DB01182,4932,"{""4932"": 3}",unique,CCCNCC(COC1=CC=CC=C1C(=O)CCC2=CC=CC=C2)O,6413b84893f543177b28c74a76c034f3107ea6554ef760de479310b5eb2b1385
DB01183,5284596,"{""5284596"": 20, ""5464092"": 3}",ambiguous_resolved_by_frequency,C=CCN1CC[C@]23[C@@H]4C(=O)CC[C@]2([C@H]1CC5=C3C(=C(C=C5)O)O4)O,4714bdfbecfa0b5dcf6794c04aea9bcda79838eb58f90dcd778c0d48d026346a
DB01189,42113,"{""42113"": 14}",unique,C(C(F)(F)F)(OC(F)F)F,058c16036c90c57b80e70fc3ab81c2375f48b2d66c794bf59321194207e29cae
DB01190,446598,"{""446598"": 15, ""10346039"": 2}",ambiguous_resolved_by_frequency,CCC[C@@H]1C[C@H](N(C1)C)C(=O)N[C@@H]([C@@H]2[C@@H]([C@@H]([C@H]([C@H](O2)SC)O)O)O)[C@H](C)Cl,1a1996f6841f4d6fad6b2c3e92b56d3135c3dc7aed04fff1f15d56ea176ac069
DB01194,68844,"{""68844"": 6}",unique,CCN[C@H]1CN(S(=O)(=O)C2=C1C=C(S2)S(=O)(=O)N)CCCOC,d37777287dd35064c2b7b29a98981c722615973194b35b563cdfa07c6a7db50c
DB01195,3356,"{""3356"": 7}",unique,C1CCNC(C1)CNC(=O)C2=C(C=CC(=C2)OCC(F)(F)F)OCC(F)(F)F,f28785d5e21398611e8af441661c1555800fc25be1743c03fdbb3222f55d6b0f
DB01196,259331,"{""259331"": 12}",unique,C[C@]12CC[C@H]3[C@H]([C@@H]1CC[C@@H]2O)CCC4=C3C=CC(=C4)OC(=O)N(CCCl)CCCl,6c4567c2f550d787b21f5e4ebb0e5f9cdd21d1692393aae67227431dc29d797e
DB01197,44093,"{""44093"": 9}",unique,C[C@H](CS)C(=O)N1CCC[C@H]1C(=O)O,00c9a1cecef5d9d06ffd86f6f30f1c98b24d35f5c1b7883135030bbbe7f1c8f9
DB01200,31101,"{""31101"": 4}",unique,CC(C)C[C@H]1C(=O)N2CCC[C@H]2[C@]3(N1C(=O)[C@](O3)(C(C)C)NC(=O)[C@H]4CN([C@@H]5CC6=C(NC7=CC=CC(=C67)C5=C4)Br)C)O,6845d71c702ca2bd46eb9d2ac1755003a7ddff5ddda93de4c8ebe618218bce03
DB01201,5462354,"{""5462354"": 20}",unique,C[C@@H]1C=CC=C(C(=O)NC\2=C(C3=C(C4=C(C(=C3O)C)O[C@@](C4=O)(OC=C[C@@H]([C@H]([C@H]([C@H]([C@H]([C@@H]([C@@H]1O)C)O)C)OC(=O)C)C)OC)C)C(=O)/C2=C/NN5CCN(CC5)C6CCCC6)O)C,a6483b572cce93d73cca91bc29cf84c8af0c6473f1f982f90e4b3742ac858971
DB01202,5284583,"{""5284583"": 20}",unique,CC[C@@H](C(=O)N)N1CCCC1=O,f08cd03418b771396e46bdbc899800210546ef988f4106b48798f2c13a526f3a
DB01204,4212,"{""51082"": 26, ""4212"": 31}",ambiguous_resolved_by_frequency,C1=CC(=C2C(=C1NCCNCCO)C(=O)C3=C(C=CC(=C3C2=O)O)O)NCCNCCO,3635154379cedc032ac85573ba7d74ce53f17101b2bedf54c1e3e8901b66e6e8
DB01205,3373,"{""3373"": 1}",unique,CCOC(=O)C1=C2CN(C(=O)C3=C(N2C=N1)C=CC(=C3)F)C,ae860d0bc2329d01db931798e64cd7eab3e4e6093f84b1d3e39b9327bdb758e7
DB01206,3950,"{""3950"": 45}",unique,C1CCC(CC1)NC(=O)N(CCCl)N=O,3c1d57158792969ee2c2bcd650246e919556286a4a5ad735e152f4fe751ec865
DB01211,84029,"{""84029"": 138}",unique,CC[C@@H]1[C@@]([C@@H]([C@H](C(=O)[C@@H](C[C@@]([C@@H]([C@H]([C@@H]([C@H](C(=O)O1)C)O[C@H]2C[C@@]([C@H]([C@@H](O2)C)O)(C)OC)C)O[C@H]3[C@@H]([C@H](C[C@H](O3)C)N(C)C)O)(C)OC)C)C)O)(C)O,63052ead8c97314fab3a4f8211f34053fbba10b04c4ab9371468d2d03b76b32d
DB01212,5479530,"{""5479530"": 34}",unique,CN1C(=NC(=O)C(=O)N1)SCC2=C(N3[C@@H]([C@@H](C3=O)NC(=O)/C(=N\OC)/C4=CSC(=N4)N)SC2)C(=O)O,1c44d168d4bbd71c859e4c49a40fef09259e20a798b35765faf644e676639ae5
DB01216,57363,"{""57363"": 7}",unique,C[C@]12CC[C@H]3[C@H]([C@@H]1CC[C@@H]2C(=O)NC(C)(C)C)CC[C@@H]4[C@@]3(C=CC(=O)N4)C,63c81687e036da55b70c3e760e984feccc2035d0b96ab6dd16f7a498a04c2513
DB01217,2187,"{""2187"": 124}",unique,CC(C)(C#N)C1=CC(=CC(=C1)CN2C=NC=N2)C(C)(C)C#N,dde47e7a4919a426fea3b383df9d101bc95702203f6b9aa608ae73562f70cf25
DB01220,6436173,"{""6436173"": 15}",unique,C[C@H]1/C=C/C=C(\C(=O)NC2=C(C3=C(C4=C(C(=C3O)C)O[C@@](C4=O)(O/C=C/[C@@H]([C@H]([C@H]([C@@H]([C@@H]([C@@H]([C@H]1O)C)O)C)OC(=O)C)C)OC)C)C5=C2N6C=CC(=CC6=N5)C)O)/C,ab5e516abb14e73f7fcdb64d76ee3c2c1af431d4cfbc68b88ae4374522e6c9b9
DB01221,3821,"{""3821"": 166}",unique,CNC1(CCCCC1=O)C2=CC=CC=C2Cl,e038817b14ecbb3891ed5b55f87cdcb4ad2c1779fdf83658ca8ff85f1835c19b
DB01222,5281004,"{""5281004"": 39}",unique,CCCC1O[C@@H]2C[C@H]3[C@@H]4CCC5=CC(=O)C=C[C@@]5([C@H]4[C@H](C[C@@]3([C@@]2(O1)C(=O)CO)C)O)C,223929e8a377ceda76170da76afe0d16829d00c7a5759e09b77760df9ae50bec
DB01223,2153,"{""2153"": 1}",unique,CN1C2=C(C(=O)N(C1=O)C)NC=N2,c82c0479902a8cd7fd32e08d94fa10d7f73d23b6a77643b257c4ac5261922123
DB01224,5002,"{""5002"": 28}",unique,C1CN(CCN1CCOCCO)C2=NC3=CC=CC=C3SC4=CC=CC=C42,7aa10ebed632962b3876bae145ecc0ad79ab52558681b5bb34727d4f4c0e34c0
DB01225,772,"{""772"": 35}",unique,CC(=O)NC1C(C(C(OC1O)COS(=O)(=O)O)OC2C(C(C(C(O2)C(=O)O)OC3C(C(C(C(O3)CO)OC4C(C(C(C(O4)C(=O)O)O)O)OS(=O)(=O)O)OS(=O)(=O)O)NS(=O)(=O)O)O)OS(=O)(=O)O)O,657a53a3c23d7be665739b89cfee25ea2afdb66eeac1fa53d9eddebb82f30d68
DB01229,36314,"{""36314"": 474}",unique,CC1=C2[C@H](C(=O)[C@@]3([C@H](C[C@@H]4[C@]([C@H]3[C@@H]([C@@](C2(C)C)(C[C@@H]1OC(=O)[C@@H]([C@H](C5=CC=CC=C5)NC(=O)C6=CC=CC=C6)O)O)OC(=O)C7=CC=CC=C7)(CO4)OC(=O)C)O)C)OC(=O)C,315a4a531f684c2a86bbf4ba3419c1f3a92f114d4ebab67f26cd6e08fb953881
DB01233,4168,"{""4168"": 35}",unique,CCN(CC)CCNC(=O)C1=CC(=C(C=C1OC)N)Cl,d9bf582bcdb903a4e6ac89908ad0085c29be22591ef8a18dce4f935e88de765b
DB01234,5743,"{""5743"": 1189}",unique,C[C@@H]1C[C@H]2[C@@H]3CCC4=CC(=O)C=C[C@@]4([C@]3([C@H](C[C@@]2([C@]1(C(=O)CO)O)C)O)F)C,4d24e2ea39dbf4c4c97227e5b76ce8b0989dc3c9d0fcc8d1bbb558ee11f6a6fc
DB01235,6047,"{""6047"": 31}",unique,C1=CC(=C(C=C1C[C@@H](C(=O)O)N)O)O,18b0dca6fa28028588c8251339d9ac88e7ac57887aebc09de603723ff37a56ed
DB01236,5206,"{""5206"": 90}",unique,C(OC(C(F)(F)F)C(F)(F)F)F,641b81f9c62240a462e186c7a7a28e20e524eb613cbe10cbf7e12838ec3d85b9
DB01238,60795,"{""60795"": 31}",unique,C1CC(=O)NC2=C1C=CC(=C2)OCCCCN3CCN(CC3)C4=C(C(=CC=C4)Cl)Cl,effaf910164934fb30e1100056aad7d2f059e42d6a86f2c69e90fad2fad0ffde
DB01242,2801,"{""2801"": 3}",unique,CN(C)CCCN1C2=CC=CC=C2CCC3=C1C=C(C=C3)Cl,d2e9a8e03f668e5eaef7ec5eb76cdae104017de42f1314b60c99233c7d4f550e
DB01247,3759,"{""3759"": 1}",unique,CC1=CC(=NO1)C(=O)NNCC2=CC=CC=C2,cb274aafb95b3bff93e1d713ccc124edc8def2fcecc7c45a6d8857717662bc8e
DB01248,148124,"{""148124"": 1074}",unique,CC1=C2[C@H](C(=O)[C@@]3([C@H](C[C@@H]4[C@]([C@H]3[C@@H]([C@@](C2(C)C)(C[C@@H]1OC(=O)[C@@H]([C@H](C5=CC=CC=C5)NC(=O)OC(C)(C)C)O)O)OC(=O)C6=CC=CC=C6)(CO4)OC(=O)C)O)C)O,207bb49b64d8417afbb28b9f2c9b898339bb4ee873ee3c24083a90c99a1371b9
DB01249,3724,"{""3724"": 6}",unique,CC(=O)N(CC(CN(C1=C(C(=C(C(=C1I)C(=O)NCC(CO)O)I)C(=O)NCC(CO)O)I)C(=O)C)O)C2=C(C(=C(C(=C2I)C(=O)NCC(CO)O)I)C(=O)NCC(CO)O)I,167ebeb522882314a615f4e5f19d37d0f4c32c90b58e42213289048a1756a045
DB01251,91610,"{""91610"": 2}",unique,CC1(C2=C(C=C(C=C2)OC)C(=O)N(C1=O)CCC3=CC=C(C=C3)S(=O)(=O)NC(=O)NC4CCCCC4)C,853a06031e9d2b19b5cb83c8f5e74e3654fe3161b4955910f0769d51a70e1485
DB01254,3062316,"{""3062316"": 99}",unique,CC1=C(C(=CC=C1)Cl)NC(=O)C2=CN=C(S2)NC3=CC(=NC(=N3)C)N4CCN(CC4)CCO,c25db3cfebc3f536b2cf5e5420c7c390580fc8194d0dcc893877647defd5eb0d
DB01257,,{},missing,,
DB01259,208908,"{""208908"": 119}",unique,CS(=O)(=O)CCNCC1=CC=C(O1)C2=CC3=C(C=C2)N=CN=C3NC4=CC(=C(C=C4)OCC5=CC(=CC=C5)F)Cl,863be9670910c0c99131559de6e2d047556088a0db43a3f03bf573a8bbe18fa8
DB01261,4369359,"{""4369359"": 133}",unique,C1CN2C(=NN=C2C(F)(F)F)CN1C(=O)C[C@@H](CC3=CC(=C(C=C3F)F)F)N,a44b6310235b32c0bc9c00c06a74ada14cc5bc8cb344f852aa46fe40d60e5ab1
DB01262,451668,"{""451668"": 151}",unique,C1[C@@H]([C@H](O[C@H]1N2C=NC(=NC2=O)N)CO)O,e72f381fa6e28267c3f2da323e50b623472a725b3e5093d9e260209502e2cd6c
DB01263,468595,"{""468595"": 8}",unique,CC[C@@H]([C@H](C)O)N1C(=O)N(C=N1)C2=CC=C(C=C2)N3CCN(CC3)C4=CC=C(C=C4)OC[C@H]5C[C@](OC5)(CN6C=NC=N6)C7=C(C=C(C=C7)F)F,dad025955fbc33c8444dc9929cb95ef7fae7185aff55a04aa2d7cd0db06f8276
DB01264,213039,"{""213039"": 89}",unique,CC(C)CN(C[C@H]([C@H](CC1=CC=CC=C1)NC(=O)O[C@H]2CO[C@@H]3[C@H]2CCO3)O)S(=O)(=O)C4=CC=C(C=C4)N,7ff6e91d310dd067d2ed34ac21c5a4e0c94362dcc7318bcb5811fd688204079d
DB01265,159269,"{""159269"": 6}",unique,CC1=CN(C(=O)NC1=O)[C@@H]2C[C@H]([C@@H](O2)CO)O,6c4cbc1b6d8848b2b99087b7cc173c3927df32d541e6256235f3045eb2ddc569
DB01267,115237,"{""115237"": 12}",unique,CC1=C(C(=O)N2CCCC(C2=N1)O)CCN3CCC(CC3)C4=NOC5=C4C=CC(=C5)F,b577579c68ec804fc58d543657d20a114f312ded7b3d0673ef66b7c5011ef9ce
DB01268,5329102,"{""5329102"": 74}",unique,CCN(CC)CCNC(=O)C1=C(NC(=C1C)/C=C\2/C3=C(C=CC(=C3)F)NC2=O)C,8f54c8d273e8d1a6db02dbcdcc8ec5b50bfe069a4416514764415e6427fa248e
DB01269,,{},missing,,
DB01270,,{},missing,,
DB01273,5310966,"{""5310966"": 22}",unique,C1[C@@H]2CNC[C@H]1C3=CC4=NC=CN=C4C=C23,a74e2b98d338619db7ec7e3e8483b4d49a07308c4179140ff0561e614122f6e5
DB01274,3083544,"{""3083544"": 2}",unique,C[C@H](CC1=CC=C(C=C1)OC)NC[C@@H](C2=CC(=C(C=C2)O)NC=O)O,a0e83b6888dee0131553010b87991eb8f40d069f254cf727a2ccfb259b067b9f
DB01275,3637,"{""3637"": 7, ""9351"": 4}",ambiguous_resolved_by_frequency,C1=CC=C2C(=C1)C=NN=C2NN,bf7c974f889f8b348b16d5c56f233ac5c87a4c105260ff6c050229fb043ae9de
DB01276,45588096,"{""45588096"": 61}",unique,CC[C@H](C)[C@@H](C(=O)N[C@@H](CCC(=O)O)C(=O)N[C@@H](CC1=CNC2=CC=CC=C21)C(=O)N[C@@H](CC(C)C)C(=O)N[C@@H](CCCCN)C(=O)N[C@@H](CC(=O)N)C(=O)NCC(=O)NCC(=O)N3CCC[C@H]3C(=O)N[C@@H](CO)C(=O)N[C@@H](CO)C(=O)NCC(=O)N[C@@H](C)C(=O)N4CCC[C@H]4C(=O)N5CCC[C@H]5C(=O)N6CCC[C@H]6C(=O)N[C@@H](CO)C(=O)N)NC(=O)[C@H](CC7=CC=CC=C7)NC(=O)[C@H](CC(C)C)NC(=O)[C@H](CCCNC(=N)N)NC(=O)[C@H](C(C)C)NC(=O)[C@H](C)NC(=O)[C@H](CCC(=O)O)NC(=O)[C@H](CCC(=O)O)NC(=O)[C@H](CCC(=O)O)NC(=O)[C@H](CCSC)NC(=O)[C@H](CCC(=O)N)NC(=O)[C@H](CCCCN)NC(=O)[C@H](CO)NC(=O)[C@H](CC(C)C)NC(=O)[C@H](CC(=O)O)NC(=O)[C@H](CO)NC(=O)[C@H]([C@@H](C)O)NC(=O)[C@H](CC8=CC=CC=C8)NC(=O)[C@H]([C@@H](C)O)NC(=O)CNC(=O)[C@H](CCC(=O)O)NC(=O)CNC(=O)[C@H](CC9=CNC=N9)N,f4c0a0bcf23755a8dc5f3eba1d9bea0e5b596fb13c2051ae44516aeaee9b8a2c
DB01277,,{},missing,,
DB01278,70691388,"{""70691388"": 3}",unique,CC[C@H](C)[C@@H](C(=O)N[C@@H](CC(C)C)C(=O)N1CCC[C@H]1C(=O)N2CCC[C@H]2C(=O)N[C@@H]([C@@H](C)O)C(=O)N[C@@H](CC(=O)N)C(=O)N[C@@H](C(C)C)C(=O)NCC(=O)N[C@@H](CO)C(=O)N[C@@H](CC(=O)N)C(=O)N[C@@H]([C@@H](C)O)C(=O)N[C@@H](CC3=CC=C(C=C3)O)C(=O)N)NC(=O)[C@@H]4CCCN4C(=O)CNC(=O)[C@H](CC5=CC=CC=C5)NC(=O)[C@H](CC(=O)N)NC(=O)[C@H](CC(=O)N)NC(=O)[C@H](CO)NC(=O)[C@H](CO)NC(=O)[C@H](CC6=CNC=N6)NC(=O)[C@H](C(C)C)NC(=O)[C@H](CC(C)C)NC(=O)[C@H](CC7=CC=CC=C7)NC(=O)[C@H](CC(=O)N)NC(=O)[C@H](C)NC(=O)[C@H](CC(C)C)NC(=O)[C@H](CCCNC(=N)N)NC(=O)[C@H](CCC(=O)N)NC(=O)[C@H]([C@@H](C)O)NC(=O)[C@H](C)NC(=O)[C@@H]8CSSC[C@@H](C(=O)N[C@H](C(=O)N[C@H](C(=O)N[C@H](C(=O)N[C@H](C(=O)N8)[C@@H](C)O)C)[C@@H](C)O)CC(=O)N)NC(=O)[C@H](CCCCN)N,2ed62cc8e7f67744624626159f26954ae005e31aa3cdf3992a6885035f5903b9
DB01280,3011155,"{""3011155"": 10}",unique,COC1=NC(=NC2=C1N=CN2[C@H]3[C@H]([C@@H]([C@H](O3)CO)O)O)N,55d4bcf80855665650c45e809a97dc49261be180bc70112c56a4bff831d8bd77
DB01281,,{},missing,,
DB01284,16133802,"{""16133802"": 5}",unique,CC(C)[C@@H](C(=O)NCC(=O)N[C@@H](CCCCN)C(=O)N[C@@H](CCCCN)C(=O)N[C@@H](CCCNC(=N)N)C(=O)N[C@@H](CCCNC(=N)N)C(=O)N1CCC[C@H]1C(=O)N[C@@H](C(C)C)C(=O)N[C@@H](CCCCN)C(=O)N[C@@H](C(C)C)C(=O)N[C@@H](CC2=CC=C(C=C2)O)C(=O)N3CCC[C@H]3C(=O)O)NC(=O)[C@@H]4CCCN4C(=O)[C@H](CCCCN)NC(=O)CNC(=O)[C@H](CC5=CNC6=CC=CC=C65)NC(=O)[C@H](CCCNC(=N)N)NC(=O)[C@H](CC7=CC=CC=C7)NC(=O)[C@H](CC8=CNC=N8)NC(=O)[C@H](CCC(=O)O)NC(=O)[C@H](CCSC)NC(=O)[C@H](CO)NC(=O)[C@H](CC9=CC=C(C=C9)O)NC(=O)[C@H](CO)N,f118568e826fb971462a6b2b19dc608edb7e33ba0509719341bc287e2923af0c
DB01294,16682734,"{""16682734"": 4}",unique,C1=CC=C2C(=C1)C(=O)O[Bi]O2.O,fab0c3b2eaa9fc524704741534ecf783a9c87ab9f68eefa7559d6d3293b85ccb
DB01306,16132418,"{""16132418"": 14}",unique,CC[C@H](C)[C@@H](C(=O)N[C@@H](C(C)C)C(=O)N[C@@H](CCC(=O)O)C(=O)N[C@@H](CCC(=O)N)C(=O)N[C@@H](CS)C(=O)N[C@@H](CS)C(=O)N[C@@H]([C@@H](C)O)C(=O)N[C@@H](CO)C(=O)N[C@@H]([C@@H](C)CC)C(=O)N[C@@H](CS)C(=O)N[C@@H](CO)C(=O)N[C@@H](CC(C)C)C(=O)N[C@@H](CC1=CC=C(C=C1)O)C(=O)N[C@@H](CCC(=O)N)C(=O)N[C@@H](CC(C)C)C(=O)N[C@@H](CCC(=O)O)C(=O)N[C@@H](CC(=O)N)C(=O)N[C@@H](CC2=CC=C(C=C2)O)C(=O)N[C@@H](CS)C(=O)N[C@@H](CC(=O)N)C(=O)O)NC(=O)CN.C[C@H]([C@@H](C(=O)N[C@@H](CC(=O)O)C(=O)N[C@@H](CCCCN)C(=O)N[C@@H]([C@@H](C)O)C(=O)O)NC(=O)[C@H](CC1=CC=C(C=C1)O)NC(=O)[C@H](CC2=CC=CC=C2)NC(=O)[C@H](CC3=CC=CC=C3)NC(=O)CNC(=O)[C@H](CCCNC(=N)N)NC(=O)[C@H](CCC(=O)O)NC(=O)CNC(=O)[C@H](CS)NC(=O)[C@H](C(C)C)NC(=O)[C@H](CC(C)C)NC(=O)[C@H](CC4=CC=C(C=C4)O)NC(=O)[C@H](CC(C)C)NC(=O)[C@H](C)NC(=O)[C@H](CCC(=O)O)NC(=O)[C@H](C(C)C)NC(=O)[C@H](CC(C)C)NC(=O)[C@H](CC5=CN=CN5)NC(=O)[C@H](CO)NC(=O)CNC(=O)[C@H](CS)NC(=O)[C@H](CC(C)C)NC(=O)[C@H](CC6=CN=CN6)NC(=O)[C@H](CCC(=O)N)NC(=O)[C@H](CC(=O)N)NC(=O)[C@H](C(C)C)NC(=O)[C@H](CC7=CC=CC=C7)N)O,d79e94cf6f2a4e332444beee407bb2dc9d4d39116dd79bd77cbf744d9f36aa88
DB01307,,{},missing,,
DB01319,131536,"{""131536"": 15}",unique,CC(C)CN(C[C@H]([C@H](CC1=CC=CC=C1)NC(=O)O[C@H]2CCOC2)OP(=O)(O)O)S(=O)(=O)C3=CC=C(C=C3)N,f6cb43266b25a5bcfb80cbb3fed230296b848de6b2a40ad5ed0af170691cdb90
DB01320,56339,"{""56339"": 2}",unique,C1=CC=C(C=C1)C2(C(=O)N(C(=O)N2)COP(=O)(O)O)C3=CC=CC=C3,7ddd038800b5d3b0db62d2c073904bf35d00d81eac4400272cc3078fff7c328e
DB01327,33255,"{""33255"": 23}",unique,CC1=NN=C(S1)SCC2=C(N3[C@@H]([C@@H](C3=O)NC(=O)CN4C=NN=N4)SC2)C(=O)O,6e37b1753b2dd596f8c7d2e5570d9402e71085445dc89443248fa249dac59a41
DB01329,44187,"{""44187"": 2}",unique,CCN1CCN(C(=O)C1=O)C(=O)N[C@H](C2=CC=C(C=C2)O)C(=O)N[C@H]3[C@@H]4N(C3=O)C(=C(CS4)CSC5=NN=NN5C)C(=O)O,a25f174de38fe9685282fb90e2bdecf90035f3a6612aa80254cdd6fd8beffb36
DB01331,441199,"{""441199"": 4}",unique,CO[C@@]1([C@@H]2N(C1=O)C(=C(CS2)COC(=O)N)C(=O)O)NC(=O)CC3=CC=CS3,8d4ad57ee5aa5ad4783b9e099ed3f6f33c99769844a9c4f303da812479036b27
DB01357,6291,"{""6291"": 13}",unique,C[C@]12CC[C@H]3[C@H]([C@@H]1CC[C@]2(C#C)O)CCC4=C3C=CC(=C4)OC,fe606755e01c1fcccd9ac9aa09a63880b4f14271f1bac32f44b0b7a83234ef1e
DB01362,3730,"{""3730"": 20}",unique,CC(=O)N(CC(CO)O)C1=C(C(=C(C(=C1I)C(=O)NCC(CO)O)I)C(=O)NCC(CO)O)I,019fb623b61eb18027370997f3bd788fd79e11ed3055a8bff31f1532f279f1ff
DB01364,,{},missing,,
DB01366,688561,"{""688561"": 1}",unique,CC[C@@H]([C@@H](C1=C2C=CC(=O)NC2=C(C=C1)O)O)NC(C)C,30983d1880593628b78987b067c86b856cca83b3e1f8ed1c836b9faf068d2f71
DB01367,3052776,"{""3052776"": 1}",unique,C#CCN[C@@H]1CCC2=CC=CC=C12,6ed63664b85c87f25926efd9d96c0a5b55f05a1d8cd59132cd30c6b11a5b27cc
DB01380,222786,"{""5745"": 1, ""222786"": 3}",ambiguous_resolved_by_frequency,C[C@]12CCC(=O)C=C1CC[C@@H]3[C@@H]2C(=O)C[C@]4([C@H]3CC[C@@]4(C(=O)CO)O)C,aaaa7c22bfeca9bca62aedb9341505e4bcedef7fa04953be0f4985e493a317f0
DB01390,516892,"{""516892"": 28}",unique,C(=O)(O)[O-].[Na+],2959d046b0c5170babe5cd3bfc624831f371c7d6f1c8bc29afae8ec7fa59c733
DB01393,39042,"{""39042"": 9}",unique,CC(C)(C(=O)O)OC1=CC=C(C=C1)CCNC(=O)C2=CC=C(C=C2)Cl,3143558572b0d5d60fea9404e9c3024683313183675a23212c591ada44d96db6
DB01394,6167,"{""6167"": 43}",unique,CC(=O)N[C@H]1CCC2=CC(=C(C(=C2C3=CC=C(C(=O)C=C13)OC)OC)OC)OC,d538416d8d62540ee766df576019971c1a952a18b44bf6b2b5ed1202a12796bf
DB01399,5161,"{""5161"": 1}",unique,C1=CC=C(C(=C1)C(=O)OC2=CC=CC=C2C(=O)O)O,e16c29e962d695757f13fd9ebd89ba1d6ec8901efc94eb64296397c48b562df7
DB01400,4456,"{""4456"": 31}",unique,CN(C)C(=O)OC1=CC=CC(=C1)[N+](C)(C)C,6358f9ae68eddb6bb8ccede3da84f2c280deccec935cd03ebebf8fa0cfa1a8be
DB01406,28417,"{""28417"": 3}",unique,C[C@]12CC[C@H]3[C@H]([C@@H]1CC[C@]2(C#C)O)CCC4=CC5=C(C[C@]34C)C=NO5,e5d774d17cf7f670b767d3782bb621970e48466ed990af9f10b8d85acef52693
DB01409,3086655,"{""3086655"": 54}",unique,C[N+]1([C@@H]2CC(C[C@H]1[C@@H]3[C@H]2O3)OC(=O)C(C4=CC=CS4)(C5=CC=CS5)O)C,c9a1e60d8f04339db0eb8144024b28b8f5544edd20095c56119cfbcd22df7ee0
DB01410,6918155,"{""6918155"": 5}",unique,CC(C)C(=O)OCC(=O)[C@@]12[C@@H](C[C@@H]3[C@@]1(C[C@@H]([C@H]4[C@H]3CCC5=CC(=O)C=C[C@]45C)O)C)O[C@H](O2)C6CCCCC6,9e1139c5a710b2d010e5a48ae05ff055ad9cfbc28af1c8f3cc224aa3fc849922
DB01418,54676537,"{""54676537"": 5}",unique,CC(=O)CC(C1=CC=C(C=C1)[N+](=O)[O-])C2=C(C3=CC=CC=C3OC2=O)O,93808085d2b02b5108b9b0c27b16cc84ba519a574055a99b42a14a7704889289
DB01421,165580,"{""165580"": 4}",unique,C1[C@H]([C@@H]([C@H]([C@@H]([C@H]1N)O[C@@H]2[C@@H]([C@H]([C@@H]([C@H](O2)CO)O)O)N)O[C@H]3[C@@H]([C@@H]([C@H](O3)CO)O[C@@H]4[C@@H]([C@H]([C@@H]([C@@H](O4)CN)O)O)N)O)O)N,5a19df76f78f4be60f9ab0fff081077b807753f73a684d37e8c3a8876e48403e
DB01432,70695640,"{""70695640"": 4}",unique,CCC1=CC=C(C=C1)C(C)CCC2=CC=C(C=C2)[N+](C)(C)C.[Cl-],1dac8ef386ff2fbd14d40f36f7ab52ee9d6306331a588256a0c1eb1454b5ed59
DB01438,8691,"{""8691"": 7}",unique,C1=CC=C(C=C1)N=NC2=C(N=C(C=C2)N)N.Cl,0ca1b6e5f7e76e291f3015d3d06c1288824694dc5af6dfbf74e0c07e25920bfb
DB01452,5462328,"{""5462328"": 1}",unique,CC(=O)O[C@H]1C=C[C@H]2[C@H]3CC4=C5[C@]2([C@H]1OC5=C(C=C4)OC(=O)C)CCN3C,076fe61a39511335beaec365c354755f9f8f00daec84df8e303a492814c8535c
DB01454,1615,"{""1615"": 16}",unique,CC(CC1=CC2=C(C=C1)OCO2)NC,94a962a6a56a833e217a83403316d5e0a92fc0f13d0ba32f9fc23f388ab26133
DB01575,5359596,"{""5359596"": 1}",unique,[As],e8d1aa78ebb8ac668cce72aa8f41ca8ff760077f041950db3ed84871307b2106
DB01576,5826,"{""5826"": 23, ""73415781"": 1, ""5825"": 2, ""49800024"": 1}",ambiguous_resolved_by_frequency,C[C@@H](CC1=CC=CC=C1)N,8026c50d02d0adc4fa0fc840c00596ee93ebe34df67895774ed2165e38e0bf14
DB01577,10836,"{""10836"": 6}",unique,C[C@@H](CC1=CC=CC=C1)NC,eb542c8a3157c7004dc3fdfd934d126d2b7fd94b767b72a622e83083914ba2d0
DB01586,31401,"{""31401"": 18}",unique,C[C@H](CCC(=O)O)[C@H]1CC[C@@H]2[C@@]1(CC[C@H]3[C@H]2[C@H](C[C@H]4[C@@]3(CC[C@H](C4)O)C)O)C,7ed923ba90b3d75ab6cc7e46fe948d520b7578b63f35cfdf84f4a3c150297d3c
DB01590,6442177,"{""6442177"": 294}",unique,C[C@@H]1CC[C@H]2C[C@@H](/C(=C/C=C/C=C/[C@H](C[C@H](C(=O)[C@@H]([C@@H](/C(=C/[C@H](C(=O)C[C@H](OC(=O)[C@@H]3CCCCN3C(=O)C(=O)[C@@]1(O2)O)[C@H](C)C[C@@H]4CC[C@H]([C@@H](C4)OC)OCCO)C)/C)O)OC)C)C)/C)OC,8be1a7b3efb80b5df09fb376b0bd62cb1d0641c26ee7867e115ac3909414577e
DB01591,154059,"{""154059"": 15}",unique,C1CN2CCC1[C@H](C2)OC(=O)N3CCC4=CC=CC=C4[C@@H]3C5=CC=CC=C5,ebd1ba4a59ce96b2223abf2d7961f7860f183f87cf85172d138a29d0fb5d39bc
DB01597,23663403,"{""6435415"": 1, ""23663403"": 2}",ambiguous_resolved_by_frequency,CC1(C[C@@H]1C(=O)N/C(=C\CCCCSC[C@@H](C(=O)O)N)/C(=O)[O-])C.[Na+],fe3fbb3169d013e8043ea3d5fafa22f5df8779a4726e508e77385b1baa39f50a
DB01598,104838,"{""104838"": 12}",unique,C[C@H]([C@@H]1[C@H]2CC(=C(N2C1=O)C(=O)O)SCCN=CN)O,944a63de1f3b82c0ebd51450d4546399361019c5a6974a72b7c5d20f607e58d8
DB01599,4912,"{""4912"": 2}",unique,CC(C)(C)C1=CC(=CC(=C1O)C(C)(C)C)SC(C)(C)SC2=CC(=C(C(=C2)C(C)(C)C)O)C(C)(C)C,c57270995538b0ed75f803b02e9a5dcb2c620d978921de759480b104fd10761d
DB01601,11979606,"{""11979606"": 30, ""92727"": 10}",ambiguous_resolved_by_frequency,CC1=C(C(=CC=C1)C)OCC(=O)N[C@@H](CC2=CC=CC=C2)[C@H](C[C@H](CC3=CC=CC=C3)NC(=O)[C@H](C(C)C)N4CCCNC4=O)O.CC(C)C1=NC(=CS1)CN(C)C(=O)N[C@@H](C(C)C)C(=O)N[C@@H](CC2=CC=CC=C2)C[C@@H]([C@H](CC3=CC=CC=C3)NC(=O)OCC4=CN=CS4)O,f7b35846819e06737061f5af42de12761f98b1bdcc8bc55a0e0473f2843628ca
DB01605,115163,"{""115163"": 1}",unique,CC1([C@@H](N2[C@H](S1)[C@@H](C2=O)N=CN3CCCCCC3)C(=O)OCOC(=O)C(C)(C)C)C,a9a2d40f422751da28d83ba656c1e638b785d6a17511e4b13cc7ea7bf5cc7df7
DB01606,123630,"{""123630"": 2, ""23663400"": 2}",ambiguous_resolved_by_frequency,C[C@@]1([C@@H](N2[C@H](S1(=O)=O)CC2=O)C(=O)O)CN3C=CN=N3,fc725ffb0d85a194b1e6416454d8c3c20690b15cd5fd5056da97a8c9b4191633
DB01609,5493381,"{""5493381"": 6}",unique,C1=C/C(=C/2\N/C(=C\3/C=CC=CC3=O)/N(N2)C4=CC=C(C=C4)C(=O)O)/C(=O)C=C1,827c9c87219ebfba41e60cb4892e8c8a672171e6abbf8a5aabcf62473787fe12
DB01610,64147,"{""64147"": 24}",unique,CC(C)[C@@H](C(=O)OCC(CO)OCN1C=NC2=C1NC(=NC2=O)N)N,49c68405d323fbafae601b413b36d8ca048b17f700a21ab3ada37b44853765f6
DB01611,3652,"{""3652"": 166}",unique,CCN(CCCC(C)NC1=C2C=CC(=CC2=NC=C1)Cl)CCO,ef152ba16a1513f24c9fd2c770223058da3113f886f8937abee2b1eecdbf053c
DB01623,941651,"{""941651"": 2}",unique,CN1CCN(CC1)CC/C=C\2/C3=CC=CC=C3SC4=C2C=C(C=C4)S(=O)(=O)N(C)C,3277d79d9d064bdc8d28f33cd6098bbd75efc30c1e1df726010e28bb12c3c9e2
DB01624,5311507,"{""5311507"": 3}",unique,C1CN(CCN1CC/C=C\2/C3=CC=CC=C3SC4=C2C=C(C=C4)Cl)CCO,d5387809989afb8d9172ad815ea4db2523dfa36b826a670b2cf2bb7b2ee6fbc6
DB01656,449193,"{""449193"": 9}",unique,C1CC1COC2=C(C=CC(=C2)C(=O)NC3=C(C=NC=C3Cl)Cl)OC(F)F,5ee2cc2c6abebcebbdf902cb3eb1a54d09b4ab0b24fd6e2c7474bf4e1412b2e2
DB01873,447865,"{""447865"": 1}",unique,C[C@H]1CCC/C(=C\C[C@H](OC(=O)C[C@@H](C(C(=O)[C@@H]([C@H]1O)C)(C)C)O)/C(=C/C2=CSC(=N2)C)/C)/C,d5ad70e704cfc2075217775243b39c046523b0278b27697ee3382b65d49e9193
DB01880,689043,"{""689043"": 2}",unique,C1=CC(=C(C=C1/C=C/C(=O)O)O)O,5f2ba1a57307648abbc0f1213c8299b67f042e19b19823b4628de80bdc2be2e7
DB01933,72271,"{""72271"": 6}",unique,C[C@@]12[C@@H]([C@@H](C[C@@H](O1)N3C4=CC=CC=C4C5=C6C(=C7C8=CC=CC=C8N2C7=C53)[C@H](NC6=O)O)NC)OC,73d9b57e36f55b138345ad700e43b093393304b5567d2ffdf24699ec204144bb
DB01972,6804,"{""6804"": 1}",unique,C1=NC2=C(N1[C@H]3[C@@H]([C@@H]([C@H](O3)COP(=O)(O)O)O)O)NC(=NC2=O)N,437919499b47c63f157dfb845194ebfd4063a9380b100c3db151df5076d97613
DB02300,5288783,"{""5288783"": 8}",unique,C[C@H](/C=C/[C@H](C1CC1)O)[C@H]2CC[C@@H]\3[C@@]2(CCC/C3=C\C=C/4\C[C@H](C[C@@H](C4=C)O)O)C,cd6bc023e98636c2093cdb69ad92bda0dc52ffcc571a5a258bd5832c425e3242
DB02530,119,"{""119"": 1}",unique,C(CC(=O)O)CN,3c1a39aae1c9ba5c6347d5ef251a2046a3966ffd19e5e1d8f4b52dd360b3ba2b
DB02546,5311,"{""5311"": 141}",unique,C1=CC=C(C=C1)NC(=O)CCCCCCC(=O)NO,ce84863bf9a0dcc0ad7edf2935a9172512f7cab06b8d3a53b0794a2556689d99
DB02701,936,"{""936"": 22}",unique,C1=CC(=CN=C1)C(=O)N,038876eee4e9f375ac958b2edd1b86cf0068bf0abc15f962faf20cc27b511f29
DB02703,3000226,"{""3000226"": 3}",unique,C[C@H]1[C@@H]2CC[C@]3([C@H]([C@]2(CC[C@H]1O)C)[C@@H](C[C@@H]\4[C@@]3(C[C@@H](/C4=C(/CCC=C(C)C)\C(=O)O)OC(=O)C)C)O)C,6fdc62df271f4c93870a7ce3b9f50aa7965b4392ce378a2f82fc334e6074e456
DB02709,445154,"{""445154"": 11}",unique,C1=CC(=CC=C1/C=C/C2=CC(=CC(=C2)O)O)O,1edc5ebc5f0d9b991d85df7251af3f7fee50d5b703c73b07c69d654a706e874e
DB02948,572,"{""572"": 1}",unique,C(CN(C=O)O)CP(=O)(O)O,dce1574227f00942f2bc2402f8b853b17acdcd88a6e671baa60c2b1ca2027811
DB03106,,{},missing,,
DB03128,187,"{""187"": 8}",unique,CC(=O)OCC[N+](C)(C)C,84d51f4020b502d4d631e57ee68efde6a9760da224964eb235142c0adf7611b2
DB03166,176,"{""176"": 6}",unique,CC(=O)O,b00014bedbaba3c96c5a7a9a3e5b442e4866a65e4668060e94657318f994bd8a
DB03310,65359,"{""65359"": 3}",unique,C(CC(=O)N[C@@H](CSSC[C@@H](C(=O)NCC(=O)O)NC(=O)CC[C@@H](C(=O)O)N)C(=O)NCC(=O)O)[C@@H](C(=O)O)N,a39cc2ca765199b3b82fd580bcbb20c58e382ba4022845b5bada0ddcddc10a9c
DB03419,1174,"{""1174"": 1}",unique,C1=CNC(=O)NC1=O,398560e3a9dcc08e7c5d617f6bb038b590f5b6731342821f7c6ec81ffa4e49d4
DB03496,5287969,"{""5287969"": 18}",unique,CN1CC[C@@H]([C@@H](C1)O)C2=C(C=C(C3=C2OC(=CC3=O)C4=CC=CC=C4Cl)O)O,932ba5e1f70d09201bdfcd5d15e1abeb7956a8b0c21d29b6817a0078da8126c4
DB03516,43157,"{""43157"": 3}",unique,C#CC1=CNC(=O)NC1=O,8ef511e9365a93ba2c9b5e91335e1b4ce8b236098a29c2428e180eb1491b821a
DB03523,57030,"{""57030"": 1}",unique,CC1=C(C2=C(C=CC(=C2)F)N=C1C3=CC=C(C=C3)C4=CC=CC=C4F)C(=O)O,c2f668a19768488698f79927cdeb68e814d1191ef94399046dc97daa238071d2
DB03614,6436232,"{""6436232"": 1}",unique,[CH3-].CC1=CC2=C(C=C1C)N(C=N2)C3C(C(C(O3)CO)OP(=O)([O-])OC(C)CNC(=O)CCC\4(C(C5C6(C(C(C(=N6)/C(=C\7/C(C(C(=N7)/C=C\8/C(C(C(=N8)/C(=C4\[N-]5)/C)CCC(=O)N)(C)C)CCC(=O)N)(C)CC(=O)N)/C)CCC(=O)N)(C)CC(=O)N)C)CC(=O)N)C)O.[Co+3],41ad6569a8909c4afb4045d3dd18a88d78b56641ebd4a20e971b075e9a046b5e
DB03756,445580,"{""445580"": 1}",unique,CC/C=C\C/C=C\C/C=C\C/C=C\C/C=C\C/C=C\CCC(=O)O,91ab6c3c3e6177fe532018688bcaa9da28dc15f9259585f6cb8df8ec0bab5c5d
DB04106,104799,"{""104799"": 3}",unique,CCOP(=O)(C(C)NC(=O)N(CCCl)N=O)OCC,b63429215eca55997b00486230dbb96b17847763faee02dab9de2c9622dde0a0
DB04115,2353,"{""2353"": 8}",unique,COC1=C(C2=C[N+]3=C(C=C2C=C1)C4=CC5=C(C=C4CC3)OCO5)OC,35d907f6f4060e7a13625f9ca06dde714f0af62c514d5bcfbb80c308bc0b1b29
DB04145,7510,"{""7510"": 2}",unique,C1=CC(=CN=C1)CO,6a75e91a24370f03e9f87f3393e605638cd2c95af4e25a5a67204ed3cbf638dd
DB04216,5280343,"{""5280343"": 3}",unique,C1=CC(=C(C=C1C2=C(C(=O)C3=C(C=C(C=C3O2)O)O)O)O)O,4e3b6093e55416852e7dfa258f272c2172d3e172ea615700bffa278c10ff785f
DB04326,668,"{""668"": 4}",unique,C(C(=O)COP(=O)(O)O)O,34c2f867f22abfb03c23804af0dae35264d1e2fa42b7e47ecb6b8f26235fe5ba
DB04398,23666456,"{""1254"": 2, ""612"": 2, ""23666456"": 10}",ambiguous_resolved_by_frequency,CC(C(=O)[O-])O.[Na+],4452fe0af3d8ad9ac30681aee422a1c6eff939833181987a0e2cfc4b1336a170
DB04465,84571,"{""84571"": 2}",unique,C([C@@H]1[C@@H]([C@@H]([C@H]([C@@H](O1)O[C@@H]2[C@H](O[C@@H]([C@@H]([C@H]2O)O)O)CO)O)O)O)O,2f2fb892eff181430513cd57c6d9b3343b8eb5fb532bc0bd6dc8e03a097c4b16
DB04572,5453,"{""5453"": 87}",unique,C1CN1P(=S)(N2CC2)N3CC3,fa3c622292250f2b4f93ee3b34e995dc09444089e428456fc63a3436e19e94be
DB04573,5756,"{""5756"": 2}",unique,C[C@]12CC[C@H]3[C@H]([C@@H]1C[C@H]([C@@H]2O)O)CCC4=C3C=CC(=C4)O,35ddefb3e1efeb4ae21cad498d52bb7bff596b5511123bc72a24a95c444e414f
DB04620,2901,"{""2901"": 6}",unique,C1CCC(C1)(C(=O)O)N,e2b84a9cc17805c3d8a3fb87d34d719b26408f327cb37e5b89e5dd4b5334ccb7
DB04652,5753,"{""5753"": 1}",unique,C[C@]12CCC(=O)C=C1CC[C@@H]3[C@@H]2[C@H](C[C@]4([C@H]3CC[C@@H]4C(=O)CO)C)O,b90755f761608ccf4c8706e1e389964ea7d544c4976a428ae1c44bd77b303084
DB04830,2468,"{""2468"": 5, ""11969542"": 2}",ambiguous_resolved_by_frequency,CCCCN=C(N)N=C(N)N,ef70fe3dbb44858d857c75ebad93be21b29cf0eb63099961b3b4fa0bae96e6e1
DB04835,3002977,"{""3002977"": 39}",unique,CC1=NN=C(N1C2C[C@H]3CC[C@@H](C2)N3CC[C@@H](C4=CC=CC=C4)NC(=O)C5CCC(CC5)(F)F)C(C)C,bb199acef16679f0328085269859a2eb818634d5abbee6658cce6bb43d998cbb
DB04839,5284537,"{""9880"": 3, ""5284537"": 4}",ambiguous_resolved_by_frequency,CC(=O)[C@]1(CC[C@@H]2[C@@]1(CC[C@H]3[C@H]2C=C(C4=CC(=O)[C@@H]5C[C@@H]5[C@]34C)Cl)C)O,018cce63556ee502fb1a810610ced7fa6513b6b14a624828e558eb79dac2f420
DB04842,3396,"{""3396"": 2}",unique,C1CN(CCC12C(=O)NCN2C3=CC=CC=C3)CCCC(C4=CC=C(C=C4)F)C5=CC=C(C=C5)F,9f430bb3b89299e2e97ecbf37c891d8e7e2ae80c3bdc1d70580d77b3ff7b02ad
DB04845,6445540,"{""6445540"": 38}",unique,C[C@H]1CCC[C@@]2([C@@H](O2)C[C@H](NC(=O)C[C@@H](C(C(=O)[C@@H]([C@H]1O)C)(C)C)O)/C(=C/C3=CSC(=N3)C)/C)C,5cab6a36c1f56d06a8888588356601f31c20c36e47862d357ecf5b71d70997cd
DB04849,9933475,"{""9933475"": 31}",unique,CC1=CC2=C(N1)C=CC(=C2F)OC3=NC=NC4=CC(=C(C=C43)OC)OCCCN5CCCC5,8451157feb85fcc04e4ef9f549c552aa70897aee27df43bc675ae4feb88d270d
DB04854,134018,"{""134018"": 19}",unique,CC1=C(SC(=N1)C2=CC(=C(C=C2)OCC(C)C)C#N)C(=O)O,fcc7848fcc95fa985427cb2a54604f17f3d0563b6f9270dda09ee0e57c729afe
DB04855,208898,"{""208898"": 3}",unique,CCCCC1=C(C2=C(O1)C=CC(=C2)NS(=O)(=O)C)C(=O)C3=CC=C(C=C3)OCCCN(CCCC)CCCC,8a52936ff28963b11091a3ab08965a10375c3745f58f99c334c1122ad8e50755
DB04858,135413511,"{""135413511"": 7}",unique,C1=CC=C2C(=C1)[N+](=C(N=[N+]2[O-])N)[O-],f68d7819452312536b83568b0c91ee9c78dafa2acf77cd2d13bca62e9674c57b
DB04861,71301,"{""71301"": 19, ""24866733"": 1}",ambiguous_resolved_by_frequency,C1CC2=C(C=CC(=C2)F)OC1C(CNCC(C3CCC4=C(O3)C=CC(=C4)F)O)O,f0525d2df2e4649bcb3424fa757dbe16f90cea6f4d5260972ec8903be741ec8d
DB04862,153241,"{""153241"": 1}",unique,COC1=C(C=CC(=C1)NC(=O)NC2=CC=CC(=C2)CNC(=O)O[C@H]3CCOC3)C4=CN=CO4,0e93e76f02158a6c24d6f1dc7a31728b4c82d267f1368e8a0667931f8d177d06
DB04865,65305,"{""65305"": 11}",unique,COC1=C[C@]23CCCN2CCC4=CC5=C(C=C4[C@@H]3[C@@H]1O)OCO5,d8c62e88ac88f9923b55fb4275b005e8760ea0fc138433feff665a9b63e5cb9e
DB04868,644241,"{""644241"": 23}",unique,CC1=C(C=C(C=C1)C(=O)NC2=CC(=CC(=C2)C(F)(F)F)N3C=C(N=C3)C)NC4=NC=CC(=N4)C5=CN=CC=C5,cb8b1c92c9243d7c45e7bfd948547cf1eccd949acf9581ece024f744393e70fd
DB04876,6918537,"{""6918537"": 34}",unique,C1C[C@H](N(C1)C(=O)CNC23CC4CC(C2)CC(C4)(C3)O)C#N,08c829134a7a98132cb2551b6328dd13efe02242f378c190a84a9c6c9e2826cb
DB04878,444020,"{""444020"": 3}",unique,C1[C@@H]([C@@H]([C@H]([C@@H]([C@]1(CO)O)O)O)O)NC(CO)CO,55c50f0d06c538dda33d74cb956196b000eb9b7285467c869436185d5d568d34
DB04879,151194,"{""151194"": 9}",unique,C1=CC=C2C(=C1)C(=NN=C2NC3=CC=C(C=C3)Cl)CC4=CC=NC=C4,4b4b9b5f4c20286f3af7ef724df94d593932fd16f12dc4ef82d0c22853e8769d
DB04880,53708,"{""53708"": 1}",unique,CC1=C(NC(=O)N1)C(=O)C2=CC=C(C=C2)SC,c9b25d09c6db3f820d5de82e0b9e77ff1775cbfe1773ebb201f695629413dc36
DB04884,71353,"{""71353"": 13}",unique,CN(C)[C@@H](CCOC1=CC=CC2=CC=CC=C21)C3=CC=CC=C3,19801957a02f577a7a1951744e45a8dd8a5656b202e6ea7c34cb2d518aad26de
DB04895,24847876,"{""24847876"": 1}",unique,COCCOC(=O)NCCCC[C@@H](C(=O)NCCCCCOP(=O)(C)O)NC(=O)OCCOC.[Na],f9ce46950a50e690191747077d7c704128eb1e6fc5a6ecfd98e5e3b52aff3c00
DB04896,65833,"{""65833"": 1}",unique,CCN(CC)C(=O)[C@@]1(C[C@@H]1CN)C2=CC=CC=C2,8bdf9cf85059179ea50c5a1d502a3257e8728cb7c7a4bcff08d7f869ddc64a43
DB04899,16134381,"{""16134381"": 6}",unique,CC[C@H](C)[C@H]1C(=O)N[C@@H](C(=O)N[C@H](C(=O)N[C@H](C(=O)N[C@H](C(=O)NCC(=O)N[C@H](C(=O)NCC(=O)N[C@@H](CSSC[C@@H](C(=O)N[C@@H](C(=O)NCC(=O)N[C@H](C(=O)N[C@H](C(=O)N[C@H](C(=O)N[C@H](C(=O)N[C@H](C(=O)N1)CCCNC(=N)N)CC(=O)O)CCSC)CCCCN)CCCNC(=N)N)CC2=CC=CC=C2)NC(=O)CNC(=O)[C@H](CO)NC(=O)CNC(=O)[C@H](CCC(=O)N)NC(=O)[C@H](C(C)C)NC(=O)[C@H](CCSC)NC(=O)[C@H](CCCCN)NC(=O)[C@@H]3CCCN3C(=O)[C@H](CO)N)C(=O)N[C@@H](CCCCN)C(=O)N[C@@H](C(C)C)C(=O)N[C@@H](CC(C)C)C(=O)N[C@@H](CCCNC(=N)N)C(=O)N[C@@H](CCCNC(=N)N)C(=O)N[C@@H](CC4C=NC=N4)C(=O)O)CC(C)C)CO)CO)CO)CO,72c4d6bf007b880d92a8bef7d0152ab6a3adebfa65475bb7562657bfea152ae5
DB04915,219100,"{""219100"": 6}",unique,C1C(=CC2=C(O1)C=C(C=C2)O)C3=CC=C(C=C3)O,41d6c2eb23489d9f9d085baa7cddfb7c9059c5d44a699cadffaa511467dc8bd3
DB04924,3792,"{""3792"": 4}",unique,CN(C)CCOC1=CC=C(C=C1)CNC(=O)C2=CC(=C(C=C2)OC)OC,34a4c9fcb15036bf46679e77d4e92c26f00ad4a0d310269a55d96e5f6fd56864
DB04930,40326,"{""40326"": 3}",unique,CC1(C(C1C(=O)OCC2=CC(=CC=C2)OC3=CC=CC=C3)C=C(Cl)Cl)C,0953278c2be9592fb92a37aa720a812be096a8b7b3a26acc7ddcd034515a0ef9
DB04946,71360,"{""71360"": 2}",unique,CC(=O)C1=CC(=C(C=C1)OCCCN2CCC(CC2)C3=NOC4=C3C=CC(=C4)F)OC,7c1341346179efcbabfaaaaa9c2e23f2caeeb3d745dfbac0f60d64b451fd123e
DB04948,30668,"{""30668"": 3}",unique,CC(C1=NCCN1)OC2=C(C=CC=C2Cl)Cl,a5a519e29c5984c563ae47638129ffc083c8e3eb8df6a866606fb283d45aaf48
DB04951,40632,"{""40632"": 17}",unique,CC1=CN(C(=O)C=C1)C2=CC=CC=C2,0600f2fc427f891923deb02c49c59c3cbfa1a537e5b7e7e5b98806c39982ff46
DB04954,158795,"{""158795"": 5}",unique,C1COC[C@@H]1NC2=C3C(=NC=N2)N(C=N3)[C@H]4[C@@H]([C@@H]([C@H](O4)CO)O)O,2b40b281915cb007340355caf28e1c62c6e1c81873fbd10c76ab11bae6d3b4cb
DB04960,159324,"{""159324"": 17}",unique,CN1C=NC=C1[C@@](C2=CC=C(C=C2)Cl)(C3=CC4=C(C=C3)N(C(=O)C=C4C5=CC(=CC=C5)Cl)C)N,e5ccdd55b1e67da4bac625da6a732a8b5afd1853b96871a5b2252ae8ed5b877e
DB04964,,{},missing,,
DB04967,10180,"{""10180"": 1}",unique,CCN(CC)CCNC1=C2C(=C(C=C1)C)SC3=CC=CC=C3C2=O,bdb3244d0983b3f0d281f2035d5872ec460afc87dce1ec0afd465986accda0f3
DB04974,16135625,"{""16135625"": 6}",unique,CC[C@@H](C1=CC(=C(C(=C1)OC)OC)OC)C(=O)N2CCCC[C@H]2C(=O)O[C@H](CCC3=CC(=C(C=C3)OC)OC)C4=CC(=CC=C4)OCC(=O)NCCNC(=O)COC5=CC=CC(=C5)[C@@H](CCC6=CC(=C(C=C6)OC)OC)OC(=O)[C@@H]7CCCCN7C(=O)[C@@H](CC)C8=CC(=C(C(=C8)OC)OC)OC,b18a59e05b9cf53494d0fffda91b9b32840666f127ce6b3a3f722299dfa7b061
DB04996,6918220,"{""6918220"": 2}",unique,CC(=O)O.CC(=O)O.C1CCC(CC1)N.N.Cl[Pt]Cl,b52b93daedeea939feb6dcb53f623a2e3e1659cb126c0338bb6b4d09113279fd
DB04998,,{},missing,,
DB05003,,{},missing,,
DB05015,6918638,"{""6918638"": 23}",unique,C1=CC=C(C=C1)NS(=O)(=O)C2=CC=CC(=C2)/C=C/C(=O)NO,16da3cbc6f1c482bf695258056d7c6e29079fe807b74a129c7c46962a5aa1e07
DB05018,176077,"{""176077"": 1}",unique,C1[C@@H]([C@H]([C@H]([C@H](N1)CO)O)O)O,e9985e73c0e1224f552688e310c63c6bab3563affa8ce3d41509dff1bfcb4f18
DB05036,,{},missing,,
DB05039,6918554,"{""6918554"": 78, ""9827599"": 1}",ambiguous_resolved_by_frequency,CCC1=C(C=C2CC(CC2=C1)NC[C@@H](C3=C4C=CC(=O)NC4=C(C=C3)O)O)CC,0f9aa9e40f19d68a7cae6e95ccdb69fe2435e181185f68fa0d1d892702586b67
DB05076,5288209,"{""5288209"": 1}",unique,CC1=C(C(CCC1)(C)C)/C=C/C(=C/C=C/C(=C/C(=O)NC2=CC=C(C=C2)O)/C)/C,212aa91b506270305889d436bc87b4c3ac5365caf4f9c6672c4ec6c30b1cc879
DB05101,,{},missing,,
DB05109,108150,"{""108150"": 26}",unique,CC1=CC2=C([C@@H]3[C@@H]4[C@H]5C6=C(C(=C7C(=C6[C@@H](N4[C@H]([C@H](C2)N3C)O)COC(=O)[C@@]8(CS5)C9=CC(=C(C=C9CCN8)O)OC)OCO7)C)OC(=O)C)C(=C1OC)O,83760c4bd8c07bca129b8368bb9cedad579ab587a6136698d38c3b4705123580
DB05119,9918381,"{""9918381"": 1}",unique,COCCN1CCC(CC1)N(CC2=CC=C(C=C2)C3=CC=C(C=C3)C(F)(F)F)C(=O)CN4C5=CC=CC=C5C(=O)C=C4SCC6=C(C(=CC=C6)F)F,038b82451689ebd32327a279e3eb868326228228a07772c9a3123c0e07dcf3cb
DB05134,6440175,"{""6440175"": 12}",unique,C[C@H]1C[C@@H]([C@@H]([C@H](/C=C(/[C@@H]([C@H](/C=C/C=C(/C(=O)NC2=CC(=O)C(=C(C1)C2=O)NCC=C)\C)OC)OC(=O)N)\C)C)O)OC,7d8a6754a10445e7572a824f9170cd7ba3842d4e945c0634a561afaec213a847
DB05136,,{},missing,,
DB05147,,{},missing,,
DB05154,456199,"{""456199"": 44}",unique,C1[C@@H](COC2=NC(=CN21)[N+](=O)[O-])OCC3=CC=C(C=C3)OC(F)(F)F,276b533cdd88fdd72c25ed06b6094a923e09f680947921f75adafa4482952c57
DB05198,,{},missing,,
DB05219,44591583,"{""44591583"": 1}",unique,B1(C2=C(CO1)C=C(C=C2)OC3=CC=C(C=C3)C#N)O,aff0ad802ef4258485e3e4936ae85636ec8d5e4af1263aff7094295cf3d0d812
DB05220,24771867,"{""24771867"": 35}",unique,COC1=C(C(=CC=C1)F)C2=NCC3=CN=C(N=C3C4=C2C=C(C=C4)Cl)NC5=CC(=C(C=C5)C(=O)O)OC,8cae3dd7107e9d0c7ebf54065a3b261959f235a1e3381f24f4ce810139a58acb
DB05223,49855250,"{""49855250"": 8}",unique,CCCCC1=NC2=C(N1CCN(CC)CC)C=CC(=C2)/C=C/C(=O)NO,3531ca5fe6e47182c0a5500eb9c8a4c6844eca2f0a208158acf8c79fddf9a7dc
DB05227,11604525,"{""11604525"": 13}",unique,CN1C(=CC=N1)C2=C(C=CC(=C2)NC(=O)C3=CC(=CC=C3)OC)OCCN4CCOCC4,625b35752a86b7e947df3364fc49346dea2b79820bafa4405440439595492672
DB05229,5282428,"{""5282428"": 1}",unique,CC#CCC(C)C(/C=C/C1C(CC2C1C3=CC=CC(=C3O2)CCCC(=O)O)O)O,1bb5bb20f614b3933df2a0c6591bdfdbc2c39cc1a047a105a82aed213bf801e1
DB05239,16222096,"{""16222096"": 102}",unique,C1CCN[C@@H](C1)C2(CN(C2)C(=O)C3=C(C(=C(C=C3)F)F)NC4=C(C=C(C=C4)I)F)O,a76126cbf86b09c9b5820dfcff7416c19d32910ff0a69ab088d615bb837b2e83
DB05241,49867926,"{""49867926"": 3}",unique,CC1=C(C=C(C=C1)C(=O)NC2=CC=C(C=C2)S(=O)(=O)NC3=NC4=CC=CC=C4N=C3NC5=CC(=CC(=C5)OC)OC)OC,ed3ee37ce3a90df1ec0c042ce704811fd9e71050cf68368f00197339c0fae2ba
DB05258,,{},missing,,
DB05259,3081884,"{""3081884"": 10}",unique,C[C@@H](C(=O)O)N.CC(=O)O.C1=CC(=CC=C1C[C@@H](C(=O)O)N)O.C(CCN)C[C@@H](C(=O)O)N.C(CC(=O)O)[C@@H](C(=O)O)N,81db25600953bb748e94fc799c9f9e813e3f91b1e352565f5f97004a60eb6006
DB05266,3671,"{""3671"": 2}",unique,CC(C)C1=NN2C=CC=CC2=C1C(=O)C(C)C,ea5482c18d79c02bdd573e5fe0ec7e23b6a9ae56a6a59ba08a70cb1164c3a3ee
DB05294,3081361,"{""3081361"": 47}",unique,CN1CCC(CC1)COC2=C(C=C3C(=C2)N=CN=C3NC4=C(C=C(C=C4)Br)F)OC,d946c7971fa65b4b05f5f546a257c05d06066b6082ccac6fbbb7fb76ebae9768
DB05304,,{},missing,,
DB05332,,{},missing,,
DB05374,,{},missing,,
DB05387,,{},missing,,
DB05487,76964581,"{""76964581"": 2, ""91866846"": 2}",ambiguous_resolved_by_frequency,CC1=CN(C(=O)NC1=O)[C@H]2C[C@@H]([C@H](O2)COP(=S)([O-])O[C@H]3C[C@@H](O[C@@H]3COP(=S)([O-])O[C@H]4C[C@@H](O[C@@H]4COP(=S)([O-])O[C@H]5C[C@@H](O[C@@H]5COP(=S)([O-])O[C@H]6C[C@@H](O[C@@H]6COP(=S)([O-])O[C@H]7C[C@@H](O[C@@H]7COP(=S)([O-])O[C@H]8C[C@@H](O[C@@H]8COP(=S)([O-])O[C@H]9C[C@@H](O[C@@H]9COP(=S)([O-])O[C@H]1C[C@@H](O[C@@H]1COP(=S)([O-])O[C@H]1C[C@@H](O[C@@H]1COP(=S)([O-])O[C@@H]1[C@H](O[C@H]([C@@H]1OCCOC)N1C=C(C(=NC1=O)N)C)COP(=S)([O-])O[C@@H]1[C@H](O[C@H]([C@@H]1OCCOC)N1C=NC2=C1N=C(NC2=O)N)COP(=S)([O-])O[C@@H]1[C@H](O[C@H]([C@@H]1OCCOC)N1C=NC2=C(N=CN=C21)N)COP(=S)([O-])O[C@@H]1[C@H](O[C@H]([C@@H]1OCCOC)N1C=C(C(=NC1=O)N)C)CO)N1C=NC2=C(N=CN=C21)N)N1C=NC2=C1N=C(NC2=O)N)N1C=CC(=NC1=O)N)N1C=NC2=C(N=CN=C21)N)N1C=NC2=C1N=C(NC2=O)N)N1C=NC2=C(N=CN=C21)N)N1C=NC2=C1N=C(NC2=O)N)N1C=C(C(=O)NC1=O)C)N1C=CC(=NC1=O)N)OP(=S)([O-])OC[C@@H]1[C@H](C[C@@H](O1)N1C=C(C(=O)NC1=O)C)OP(=S)([O-])OC[C@@H]1[C@H](C[C@@H](O1)N1C=CC(=NC1=O)N)OP(=S)([O-])OC[C@@H]1[C@H](C[C@@H](O1)N1C=NC2=C(N=CN=C21)N)OP(=S)([O-])OC[C@@H]1[C@H]([C@H]([C@@H](O1)N1C=C(C(=O)NC1=O)C)OCCOC)OP(=S)([O-])OC[C@@H]1[C@H]([C@H]([C@@H](O1)N1C=C(C(=NC1=O)N)C)OCCOC)OP(=O)(OC[C@@H]1[C@H]([C@H]([C@@H](O1)N1C=NC2=C(N=CN=C21)N)OCCOC)OP(=S)([O-])OC[C@@H]1[C@H]([C@H]([C@@H](O1)N1C=C(C(=O)NC1=O)C)OCCOC)O)[S-].[Na+].[Na+].[Na+].[Na+].[Na+].[Na+].[Na+].[Na+].[Na+].[Na+].[Na+].[Na+].[Na+].[Na+].[Na+].[Na+].[Na+].[Na+].[Na+].[Na+],afc6083c2936df73f51c8cb0979fee766ca649e6892175258325d5e93947fc06
DB05501,11256587,"{""11256587"": 2}",unique,C1C[C@@H](C2=C(C1)C=CC=N2)N(CCCCN)CC3=NC4=CC=CC=C4N3,0d7cbb00cc4fcfab17ea0d2de599aecc344b7c23adad99b9a441f03b0948612c
DB05521,3010818,"{""3010818"": 69}",unique,CCC[C@@H](C(=O)C(=O)NC1CC1)NC(=O)[C@@H]2[C@H]3CCC[C@H]3CN2C(=O)[C@H](C(C)(C)C)NC(=O)[C@H](C4CCCCC4)NC(=O)C5=NC=CN=C5,89011deeb36f186990cb2b1ffd6ee3761f585f3e94ec92fb32fc47b77c352dbd
DB05575,16097729,"{""16097729"": 6, ""11667893"": 4}",ambiguous_resolved_by_frequency,CC1(CNC2=C1C=CC(=C2)NC(=O)C3=C(N=CC=C3)NCC4=CC=NC=C4)C.OP(=O)(O)O.OP(=O)(O)O,f274a247911a9369b4cecdd9c21d2678af77e0098b68dc67f14ee0833903e00f
DB05578,,{},missing,,
DB05595,,{},missing,,
DB05608,5327686,"{""5327686"": 1}",unique,CN1C=C(C2=CC=CC=C21)C3=C(C(=O)NC3=O)C4=CN(C5=C4C=CC(=C5)[N+](=O)[O-])C,23fa43f9579163b06af9c7cab0a69cd3b990176933a195efe7603596f5059859
DB05626,11685945,"{""11685945"": 1}",unique,C[C@H]1C[C@@H]([C@@H]([C@H](/C=C(/[C@@H]([C@H](/C=C\C=C(\C(=O)NC2=CC(=C(C(=C2O)C1)NCC=C)O)/C)OC)OC(=O)N)\C)C)O)OC.Cl,a3c72e670cb4fa2e18f89db2664b2c144996e51442ab097589ebef67dd117853
DB05630,70682647,"{""70682647"": 3}",unique,C([C@H]([C@@H]1[C@@H]([C@@H](O[Sb](=O)(O1)O[Sb]2(=O)O[C@@H]([C@@H]([C@@H](O2)C(=O)[O-])O)[C@@H](C[O-])O)C(=O)[O-])O)O)O.O.O.O.O.O.O.O.O.O.[Na+].[Na+].[Na+],7544bf0531a92ca085d5ca0b4e963772079a7782ae04eb337cf68ba3654e50cf
DB05643,,{},missing,,
DB05676,11561674,"{""11561674"": 3}",unique,CCOC1=C(C=CC(=C1)[C@@H](CS(=O)(=O)C)N2C(=O)C3=C(C2=O)C(=CC=C3)NC(=O)C)OC,69b5645c882b6da24a1574af40415bfe9819fab9599262b6ec1719e75210287b
DB05678,,{},missing,,
DB05679,,{},missing,,
DB05773,,{},missing,,
DB05786,148189,"{""148189"": 3}",unique,CC1=C(C2=C(C3(CC3)[C@@](C(=O)C2=C1)(C)O)C)CO,424161c292d0e152962c3eafbe8b5745cd23524c9e7d364d8307052a03b02814
DB05806,148202,"{""148202"": 2}",unique,CC[C@@]1(C2=C(COC1=O)C(=O)N3CC4=C(C5=CC=CC=C5N=C4C3=C2)CC[Si](C)(C)C)O,d9ff25758eedc12b5a5ef916ba0e771ab8b8eee215aa3d11b021683ec26d2cc9
DB05808,,{},missing,,
DB05812,132971,"{""9821849"": 70, ""132971"": 141}",ambiguous_resolved_by_frequency,C[C@]12CC[C@@H](CC1=CC[C@@H]3[C@@H]2CC[C@]4([C@H]3CC=C4C5=CN=CC=C5)C)O,f636eebc05fa4f9f64fa695195edc4b7bc68ddc31e49ab40ac58257a46aba4ea
DB05817,3081349,"{""3081349"": 1}",unique,CNC(=O)N(N(CCCl)S(=O)(=O)C)S(=O)(=O)C,87b9c62a2bbe2b4d86b4d4cb1a44ab2dbd5f70ae7d4aee622771067e4e62c8db
DB05829,,{},missing,,
DB05889,,{},missing,,
DB05928,,{},missing,,
DB05931,,{},missing,,
DB05944,42642648,"{""42642648"": 5}",unique,C[C@@H]1COC(=N1)NC2=CC3=C(C=C2)N=CN=C3NC4=CC(=C(C=C4)OCC5=NC=CS5)Cl,d332fd7522900d6d3bcad9fa3631edf922c536d6f830c05d161cdae6810ed773
DB05968,11455973,"{""11455973"": 1}",unique,CS(=O)(=O)OCCN(CCBr)C1=C(C=C(C=C1[N+](=O)[O-])[N+](=O)[O-])C(=O)NCCOP(=O)(O)O,dd01b5d2e2f7e6937f9853f7b0b190478d9c42eca5b0b6993b22cd6e456408cf
DB05990,447715,"{""447715"": 10}",unique,CC[C@@H]1[C@@H]2C[C@@H](CC[C@@]2([C@H]3CC[C@]4([C@H]([C@@H]3[C@@H]1O)CC[C@@H]4[C@H](C)CCC(=O)O)C)C)O,16fa19ce544adb8443f9768be21c0d47ecaa0e291fb9d7206467573873974089
DB05992,9949641,"{""9949641"": 3}",unique,CC(C)(C)C1=C(N=CN1)/C=C\2/C(=O)N/C(=C\C3=CC=CC=C3)/C(=O)N2,b8327c3a4f8fcdfc9f5354b668957b56fe00fcfd2c7383a71120ef060cc31686
DB06040,44224257,"{""44224257"": 1}",unique,CN(C(=O)N1[C@](SC(=N1)C2=C(C=CC(=C2)F)F)(CCCN)C3=CC=CC=C3)OC,6af8abd01d65ed6c435ce633fa380856bb6910328ed5ac275a151239e8827178
DB06043,,{},missing,,
DB06075,,{},missing,,
DB06080,11485656,"{""11485656"": 9}",unique,CC1=CC(=C(C=C1)F)NC(=O)NC2=CC=C(C=C2)C3=C4C(=CC=C3)NN=C4N,c7e92adf46f6bb01a065f18d38867512c16326a899678715cdce16c46c0d4f26
DB06091,11984561,"{""11984561"": 7}",unique,CN1C(=CN=C1[N+](=O)[O-])COP(=O)(NCCBr)NCCBr,f9b8bf31e6441810b8b2ebb974105eae52cb871730b69a67d5b21aebcc0db0ad
DB06094,,{},missing,,
DB06140,,{},missing,,
DB06144,60149,"{""60149"": 4}",unique,C1CN(CCC1C2=CN(C3=C2C=C(C=C3)Cl)C4=CC=C(C=C4)F)CCN5CCNC5=O,c392a9c94d1892d7970189aa9b0186a268817d80fb4bd09b9a7d347be099d950
DB06145,5356392,"{""5356392"": 2}",unique,CC1C/C=C/C=C/C(C(CC(C(C(C(CC(=O)O1)O)OC)OC2C(C(C(C(O2)C)OC3CC(C(C(O3)C)O)(C)O)N(C)C)O)CC=O)C)OC4CCC(C(O4)C)N(C)C,096ce3bb66c12fc7dd52c076b6b1ffc14ac547eebe26dbdb78d9fe0c53f38209
DB06149,73348316,"{""73348316"": 6}",unique,CC(=O)N[C@H]1[C@H]([C@@H]([C@@H](O[C@H]1O[C@H]2[C@H]3C(=O)N[C@@H](C4=C(C(=CC(=C4)O)O[C@@H]5[C@H]([C@@H]([C@@H]([C@H](O5)CO)O)O)O)C6=C(C=CC(=C6)[C@H](C(=O)N3)NC(=O)[C@H]7C8=CC(=C(C(=C8)OC9=C(C=C2C=C9)Cl)O[C@H]1[C@H]([C@H]([C@@H]([C@@H](O1)CO)O)O)NC(=O)C)OC1=C(C=C(C[C@@H]2C(=O)N[C@@H](C3=CC(=CC(=C3)OC3=C(C=CC(=C3)[C@H](C(=O)N2)N)O)O)C(=O)N7)C=C1)Cl)O)C(=O)O)CO)O)O,497ce58b635efca96402399ce36b339f3feee00043c08756b4ed994420579382
DB06151,5862,"{""5862"": 47}",unique,C([C@@H](C(=O)O)N)S,52890439395f0256ea1cccdaf7b93c93b30f1ade7b67207dcca3b777b84a1b44
DB06155,104850,"{""104850"": 5}",unique,CC1=C(N(N=C1C(=O)NN2CCCCC2)C3=C(C=C(C=C3)Cl)Cl)C4=CC=C(C=C4)Cl,5b82ace80dee5bcf01f864147f5eaeb8059672c02e64941fa0c60d4d926d0a0a
DB06168,,{},missing,,
DB06176,5352062,"{""5352062"": 73}",unique,C/C=C\1/C(=O)N[C@H](C(=O)O[C@H]\2CC(=O)N[C@@H](C(=O)N[C@H](CSSCC/C=C2)C(=O)N1)C(C)C)C(C)C,fb55b76e05f73fe62baa458d0bcd976da70367c21eeb16a6c974408278beb450
DB06186,,{},missing,,
DB06192,,{},missing,,
DB06193,134019,"{""134019"": 1}",unique,C1=CC(=C2C(=C1NCCN)C(=O)C3=C(C2=O)C=NC=C3)NCCN,c435120afd632ed2a9a9192f63fddc1cb5e0c6b05424f271e5f50005acc98340
DB06196,6918173,"{""6918173"": 4}",unique,C1CC[C@H]2[C@@H](C1)C[C@H](N2C(=O)[C@H]3CC4=CC=CC=C4CN3C(=O)[C@H](CO)NC(=O)[C@H](CC5=CC=CS5)NC(=O)CNC(=O)[C@@H]6C[C@H](CN6C(=O)[C@@H]7CCCN7C(=O)[C@H](CCCN=C(N)N)NC(=O)[C@@H](CCCN=C(N)N)N)O)C(=O)N[C@@H](CCCN=C(N)N)C(=O)O,ef5b028f86fe1d34cdf04f223dcedd828c6c060aeebcdd6a4656fef062882053
DB06198,33039,"{""33039"": 1}",unique,CC1=CN(C(=O)NC1=O)[C@H]2C[C@@H]([C@H](O2)CO)F,8fe862ee3e6f73eec96e13b1527e251cf001b8c2082498a45bdf6b58bd5ea2d0
DB06199,159595,"{""159595"": 1}",unique,CCCCN(CCCC)C(=O)CN1C[C@@H]([C@H]([C@@H]1C2=CC=C(C=C2)OC)C(=O)O)C3=CC4=C(C=C3)OCO4.Cl,01d22148bb90748bedeb2f4f1e11e1e9dfaace3748a77917bc9f5e83612ad502
DB06203,11450633,"{""11450633"": 23, ""16088021"": 2}",ambiguous_resolved_by_frequency,CN1C(=O)C=C(N(C1=O)CC2=CC=CC=C2C#N)N3CCC[C@H](C3)N,8433c0752bbffdad9a44a83ae27364056aabf6c680f6b6e091a33edc4818156c
DB06204,9838022,"{""9838022"": 2}",unique,CC[C@@H](C1=CC(=CC=C1)O)[C@@H](C)CN(C)C,c3c14576ba2940d7a7e88d357eb0415b71a79af8c6edce05eeb43f376f4b42d9
DB06206,6918584,"{""6918584"": 2}",unique,C(CSC[C@@H]1[C@@H]2[C@@H]([C@H]([C@H](O1)O[C@@H]3[C@H](O[C@@H]([C@@H]([C@H]3O)O)O[C@@H]4[C@H](O[C@@H]([C@@H]([C@H]4O)O)O[C@@H]5[C@H](O[C@@H]([C@@H]([C@H]5O)O)O[C@@H]6[C@H](O[C@@H]([C@@H]([C@H]6O)O)O[C@@H]7[C@H](O[C@@H]([C@@H]([C@H]7O)O)O[C@@H]8[C@H](O[C@@H]([C@@H]([C@H]8O)O)O[C@@H]9[C@H](O[C@H](O2)[C@@H]([C@H]9O)O)CSCCC(=O)[O-])CSCCC(=O)[O-])CSCCC(=O)[O-])CSCCC(=O)[O-])CSCCC(=O)[O-])CSCCC(=O)[O-])CSCCC(=O)[O-])O)O)C(=O)[O-].[Na+].[Na+].[Na+].[Na+].[Na+].[Na+].[Na+].[Na+],b0979de47dc83cde6b563e7006b30f0cee96cf16b06419b6ea3d7c5a23f1b2fc
DB06209,6918456,"{""6918456"": 60}",unique,CC(=O)OC1=CC2=C(S1)CCN(C2)C(C3=CC=CC=C3F)C(=O)C4CC4,2752b58d1b5dd3052cb433173e9cbc1e926994776cef928ea9c8b89150382457
DB06210,,{},missing,,
DB06213,219024,"{""219024"": 11}",unique,CNC(=O)C1=CN(N=C1)C2=NC(=C3C(=N2)N(C=N3)[C@H]4[C@@H]([C@@H]([C@H](O4)CO)O)O)N,1ec164919ee33e81206c626ca8d7c7330b61f5f883ac873ae36c21aa691dcc34
DB06216,,{},missing,,
DB06218,219078,"{""219078"": 3}",unique,CC(=O)N[C@H](COC)C(=O)NCC1=CC=CC=C1,fabaa05419552176bc720ffad0011ce5a18aeec80e385613fd6b6f2b44372877
DB06226,9941306,"{""9941306"": 2}",unique,CC[C@H](C)[C@@H](C(=O)N[C@@H](CC1=CC=CC=C1)C(=O)NCC(=O)N[C@@H](CO)C(=O)N[C@@H](CC(C)C)C(=O)N[C@@H](C)C(=O)N[C@@H](CC2=CC=CC=C2)C(=O)N[C@@H](CC(C)C)C(=O)O)NC(=O)[C@H](CCCCN)N,40d43163c1a4abf900af0ff9dc5c46b5bcd2eb146302a43de7470c881f3916b4
DB06228,9875401,"{""9875401"": 74}",unique,C1COCC(=O)N1C2=CC=C(C=C2)N3C[C@@H](OC3=O)CNC(=O)C4=CC=C(S4)Cl,d1a372242d613d78a2818732b5f8dd9a43da210997b44c7be5ecc8781e26e50a
DB06233,11520894,"{""11520894"": 20}",unique,C[C@@H]1CC[C@H]2C[C@@H](/C(=C/C=C/C=C/[C@H](C[C@H](C(=O)[C@@H]([C@@H](/C(=C/[C@H](C(=O)C[C@H](OC(=O)[C@@H]3CCCCN3C(=O)C(=O)[C@@]1(O2)O)[C@H](C)C[C@@H]4CC[C@H]([C@@H](C4)OC)OP(=O)(C)C)C)/C)O)OC)C)C)/C)OC,d63c5079d841114676ee094a65e6790943d45fd6262ba24a686a5f30e066d017
DB06237,9869929,"{""9869929"": 4}",unique,COC1=C(C=C(C=C1)CNC2=NC(=NC=C2C(=O)NCC3=NC=CC=N3)N4CCC[C@H]4CO)Cl,5d85c860e65af18237466a2b8d03cbf2927ff04bb779be1c0ed1bf13690c33ae
DB06240,148201,"{""148201"": 2}",unique,COC1=C(C=C2CN(CCC2=C1)CCC3=CC=C(C=C3)NC(=O)C4=CC(=C(C=C4NC(=O)C5=CC6=CC=CC=C6N=C5)OC)OC)OC,0e89a3543e7053076a8f7522b80d6da4a642f279323137f6c38acddd5fac1ca6
DB06243,3009,"{""3009"": 10}",unique,C(CC(C(F)F)(C(=O)O)N)CN,2269f8fae1976479d460c710a3c82ceaf7a16924217c1481e3187b4583b932c0
DB06246,5472495,"{""5472495"": 3}",unique,CC\1=C(C2=C(/C1=C\C3=CC=C(C=C3)S(=O)(=O)C)C=CC(=C2)F)CC(=O)O,f4b53521ae3d8f31567968c92d0e597b5abb8ecff853621abc98a4588213e306
DB06260,16132300,"{""16132300"": 1}",unique,CC[C@H](C)[C@@H](C(=O)N[C@@H](CC(C)C)C(=O)N[C@@H](CC(=O)N)C(=O)O)NC(=O)[C@H](CO)NC(=O)[C@H](CC(=O)N)NC(=O)[C@H](CC(C)C)NC(=O)[C@H](CC1=CC=C(C=C1)O)NC(=O)[C@H](CCCCN)NC(=O)[C@H](CCCCN)NC(=O)[C@H](C(C)C)NC(=O)[C@H](C)NC(=O)[C@H](CCSC)NC(=O)[C@H](CCC(=O)N)NC(=O)[C@H](CCCCN)NC(=O)[C@H](CCCNC(=N)N)NC(=O)[C@H](CC(C)C)NC(=O)[C@H](CCCNC(=N)N)NC(=O)[C@H]([C@@H](C)O)NC(=O)[C@H](CC2=CC=C(C=C2)O)NC(=O)[C@H](CC(=O)N)NC(=O)[C@H](CC(=O)O)NC(=O)[C@H]([C@@H](C)O)NC(=O)[C@H](CC3=CC=CC=C3)NC(=O)[C@H](C(C)C)NC(=O)[C@H](C)NC(=O)[C@H](CC(=O)O)NC(=O)[C@H](CO)NC(=O)[C@H](CC4=CN=CN4)N,546855e159f9623c5edfebc039d602dfe71141618dbb7bf5dddac4b9c527b2d8
DB06262,92974,"{""92974"": 10}",unique,C1=CC(=C(C=C1[C@H]([C@@H](C(=O)O)N)O)O)O,e629c1242b93938b63312aaffc8fde8d7d231cf1d2b2ebf2d703f116df793212
DB06263,3035016,"{""3035016"": 4}",unique,CC(=O)[C@]1(C[C@@H](C2=C(C1)C(=C3C(=C2O)C(=O)C4=CC=CC=C4C3=O)O)O[C@H]5C[C@@H]([C@@H](CO5)O)O)N,dbf05bd7bb073a90c952c7f10f24e16bcdceb8f5f4048fa6209d1c55a5f6597d
DB06268,216235,"{""216235"": 4}",unique,CC1=CC2=C(C=C1CC(=O)C3=C(C=CS3)S(=O)(=O)NC4=C(C(=NO4)C)Cl)OCO2,dbdcf6ab96f943cf8336b3d4c6a7a9f8d85b4bc1079890ad65473794e9a582f4
DB06273,,{},missing,,
DB06282,1549000,"{""1549000"": 4}",unique,C1CN(CCN1CCOCC(=O)O)[C@H](C2=CC=CC=C2)C3=CC=C(C=C3)Cl,1ca4f5c607a77fabd48516ae45d1af941b031fc762130f3aa31b1a76881d284f
DB06285,16133850,"{""16133850"": 16}",unique,CC[C@H](C)[C@@H](C(=O)N[C@@H](CCC(=O)N)C(=O)N[C@@H](CC(C)C)C(=O)N[C@@H](CCSC)C(=O)N[C@@H](CC1=CNC=N1)C(=O)N[C@@H](CC(=O)N)C(=O)N[C@@H](CC(C)C)C(=O)NCC(=O)N[C@@H](CCCCN)C(=O)N[C@@H](CC2=CNC=N2)C(=O)N[C@@H](CC(C)C)C(=O)N[C@@H](CC(=O)N)C(=O)N[C@@H](CO)C(=O)N[C@@H](CCSC)C(=O)N[C@@H](CCC(=O)O)C(=O)N[C@@H](CCCNC(=N)N)C(=O)N[C@@H](C(C)C)C(=O)N[C@@H](CCC(=O)O)C(=O)N[C@@H](CC3=CNC4=CC=CC=C43)C(=O)N[C@@H](CC(C)C)C(=O)N[C@@H](CCCNC(=N)N)C(=O)N[C@@H](CCCCN)C(=O)N[C@@H](CCCCN)C(=O)N[C@@H](CC(C)C)C(=O)N[C@@H](CCC(=O)N)C(=O)N[C@@H](CC(=O)O)C(=O)N[C@@H](C(C)C)C(=O)N[C@@H](CC5=CNC=N5)C(=O)N[C@@H](CC(=O)N)C(=O)N[C@@H](CC6=CC=CC=C6)C(=O)O)NC(=O)[C@H](CCC(=O)O)NC(=O)[C@H](CO)NC(=O)[C@H](C(C)C)NC(=O)[C@H](CO)N,a57f2e3e8d6cd9e1cd22ce0f25e061577bcc505627324eb1a3048e427d77f3c3
DB06287,6918289,"{""6918289"": 68}",unique,C[C@@H]1CC[C@H]2C[C@@H](/C(=C/C=C/C=C/[C@H](C[C@H](C(=O)[C@@H]([C@@H](/C(=C/[C@H](C(=O)C[C@H](OC(=O)[C@@H]3CCCCN3C(=O)C(=O)[C@@]1(O2)O)[C@H](C)C[C@@H]4CC[C@H]([C@@H](C4)OC)OC(=O)C(C)(CO)CO)C)/C)O)OC)C)C)/C)OC,4078208c5d73ce0cbc488fc6e58fda44972dc868b7bd1cfe1ea9b300f5d4ded0
DB06288,2159,"{""2159"": 13}",unique,CCN1CCCC1CNC(=O)C2=CC(=C(C=C2OC)N)S(=O)(=O)CC,e31a1f7a94a347a80880de05dda154d1cbd514be80c425c5df1c26cac21c1a22
DB06290,24873435,"{""24873435"": 61, ""1203"": 6}",ambiguous_resolved_by_frequency,CC1=C(C=CC2=C1N=C(C=C2O[C@@H]3C[C@@H]4[C@@H](C3)C(=O)N(CCCC/C=C\[C@@H]5C[C@]5(NC4=O)C(=O)NS(=O)(=O)C6CC6)C)C7=NC(=CS7)C(C)C)OC,fab6bfd700d491bf72e7fd6b8aaf8b0f2c3b2eacd8c565881177a677a48ddb86
DB06292,9887712,"{""9887712"": 125}",unique,CCOC1=CC=C(C=C1)CC2=C(C=CC(=C2)[C@H]3[C@@H]([C@H]([C@@H]([C@H](O3)CO)O)O)O)Cl,4969b8b24244923b9ff5a9db185274f4d2f3b0344340cb4a93f0a9de97c91b53
DB06299,11217901,"{""11217901"": 3}",unique,CC1=CN(C(=O)C=C1)C2=CC=C(C=C2)O,923537619752909ae07aba4e28553742655bb63fa9fff34761cf9debc9a7f468
DB06311,9939609,"{""9939609"": 4}",unique,CCN(CC)CCN(CC1=CC=C(C=C1)C2=CC=C(C=C2)C(F)(F)F)C(=O)CN3C4=C(CCC4)C(=O)N=C3SCC5=CC=C(C=C5)F,6657bfe796144aa4e921dcc84d44807a7d9076649a3c6b969c7353f7ec7b9f75
DB06317,,{},missing,,
DB06322,,{},missing,,
DB06328,4113,"{""4113"": 4}",unique,CON,a3dbc4b644a9a2c51e74509ded5c46ccf31d84c65ca417fe0126af1555c66ceb
DB06334,53394037,"{""53394037"": 11}",unique,C1=CC(=CN=C1)C=CC(=O)NCC2=CC=C(C=C2)C(=O)NC3=C(C=CC(=C3)F)N,74d69be88f07d2779e2893091fb4e76759e5ef0587c6de27f3a2660e90afeab1
DB06335,11243969,"{""11243969"": 73, ""49800073"": 3}",ambiguous_resolved_by_frequency,C1[C@@H]2C[C@@H]2N([C@@H]1C#N)C(=O)[C@H](C34CC5CC(C3)CC(C5)(C4)O)N,a0e19f3561aedc979668a6ba5c424c98373327104573f987819dbc1b955d636a
DB06362,101524,"{""101524"": 1}",unique,CCN(CC)CCN1C(=O)C2=C3C4=C(C(=CC=C4)Cl)NC3=C5C(=C2C1=O)C6=C(N5[C@H]7[C@@H]([C@H]([C@@H]([C@H](O7)CO)OC)O)O)C(=CC=C6)Cl,a086e8806a00d40055b0a8b6ee6b8c4af1002a33a4efc5ea991492d7b7a956e9
DB06365,153970,"{""153970"": 3}",unique,CCCCCCCCCCCCCCCC(=O)NC1=NC(=O)N(C=C1)[C@H]2[C@H]([C@@H]([C@H](O2)CO)O)C#N,ab9f6d94794866ea086495f0cfde2ecd29386d8455a476f446651e1f3b5b1e0f
DB06366,,{},missing,,
DB06372,,{},missing,,
DB06374,23642301,"{""23642301"": 1}",unique,CCNCCC1=CC=C(C=C1)CN(CC)C2=C(C=CC(=C2)OC)[C@@H]3CCC4=C(C3)C=CC(=C4)O,49239491966737b5ab01fa576634524b70062d1e33ee21ebba735a1f5fe00e5d
DB06379,,{},missing,,
DB06393,128919,"{""128919"": 1}",unique,C1CN(CC=C1C2=CC(=CC=C2)C(F)(F)F)CCC3=CC4=CC=CC=C4C=C3,df1dd5480d1fd388337b2d0e9c6b648bdf0559b966f6eee8f3dc04026e0e5b5a
DB06399,,{},missing,,
DB06403,6918493,"{""6918493"": 3}",unique,CC1=CC(=NC(=N1)O[C@H](C(=O)O)C(C2=CC=CC=C2)(C3=CC=CC=C3)OC)C,b2ac3da8e61a6d42845a51f3d01c1cdd31a2cc6f50f8ceaf55c9884d31b8ecfb
DB06404,,{},missing,,
DB06410,5281107,"{""5281107"": 1}",unique,C[C@H](/C=C/[C@H](C)C(C)C)[C@H]1CC[C@@H]\2[C@@]1(CCC/C2=C\C=C/3\C[C@H](C[C@@H](C3=C)O)O)C,18af125f890e2683f264b90f9e9dd55d5e72d03b732fc23a93f130d3ae1bb3f1
DB06413,9690109,"{""9690109"": 4}",unique,C1=CC=C(C=C1)C(C2=CC=CC=C2)[S@](=O)CC(=O)N,d762bd8cd9c1aec9a0c204eea56efc042b7c671ac654fd641c1b6040275a625f
DB06415,,{},missing,,
DB06423,,{},missing,,
DB06441,9854012,"{""9854012"": 20}",unique,CSCCNC1=C2C(=NC(=N1)SCCC(F)(F)F)N(C=N2)[C@H]3[C@@H]([C@@H]([C@H](O3)COP(=O)(O)OP(=O)(C(P(=O)(O)O)(Cl)Cl)O)O)O,45c4e529e540a1534866c68df544eb0884924967cbfab0c9964de86959a02f71
DB06448,148195,"{""148195"": 25}",unique,C1CN(CCC1CC(=O)N2CCC(CC2)[C@@H]3C4=C(CCC5=C3N=CC(=C5)Br)C=C(C=C4Br)Cl)C(=O)N,c9764592241b36cf81e1cdd8d933e9be127bc737d0c59f2b4640efd8042342a7
DB06486,176167,"{""176167"": 19}",unique,CN1C=C(C2=CC=CC=C21)C3=C(C(=O)NC3=O)C4=CN(C5=CC=CC=C54)C6CCN(CC6)CC7=CC=CC=N7,688db52c93d5ec3e8d28a4b0a084b0ddbee853b99817fe80837423bb7660e41d
DB06515,5702546,"{""5702546"": 2}",unique,C[C@@H]1C[C@]2([C@H]3[C@H]4[C@]1([C@@H]5C=C(C(=O)[C@]5(CC(=C4)COC(=O)CC6=CC(=C(C=C6)O)OC)O)C)O[C@](O3)(O2)CC7=CC=CC=C7)C(=C)C,5286cf95c2181381f8274ff7778b1d30bc869733e6eab688ca1dd36c083230a7
DB06530,159603,"{""159603"": 2}",unique,CCOCC1=NC2=C(N1CC(C)(C)O)C3=CC=CC=C3N=C2N,ee24f767aa9bde53bdfb6ddc75dc21dcdfeba582f7a553c7bd16b4173af0ae65
DB06534,,{},missing,,
DB06554,3448,"{""3448"": 1}",unique,C1CNCC2=C1C(=O)NO2,493279e6aa3c4117a49d7ef6e5f9ce51e931bf546cebf0caf8451b7678927090
DB06573,,{},missing,,
DB06589,10113978,"{""10113978"": 104}",unique,CC1=C(C=C(C=C1)NC2=NC=CC(=N2)N(C)C3=CC4=NN(C(=C4C=C3)C)C)S(=O)(=O)N,bff9b4ca3bb140068b9b929b0747d46a5837507da55a7b118cd872f02a510dda
DB06590,9852981,"{""9852981"": 3}",unique,CCO/N=C(/C1=NSC(=N1)NP(=O)(O)O)\C(=O)N[C@H]2[C@@H]3N(C2=O)C(=C(CS3)SC4=NC(=CS4)C5=CC=[N+](C=C5)C)C(=O)[O-],89339bde7abe0626f54bbe28bbf3f23d65aa1d212bd9ee92bc3178652aba2d87
DB06592,,{},missing,,
DB06595,9829523,"{""9829523"": 19}",unique,C[C@@]12[C@@H]([C@@H](C[C@@H](O1)N3C4=CC=CC=C4C5=C6C(=C7C8=CC=CC=C8N2C7=C53)CNC6=O)N(C)C(=O)C9=CC=CC=C9)OC,94328bfcf38ef82c892b8704a57f67deaff8c73fae080eef57b173d423a04bef
DB06598,6918408,"{""6918408"": 1}",unique,CN1C=C(C=C1C(=O)NCCN=C(N)N)NC(=O)C2=CC(=CN2C)NC(=O)C3=CC(=CN3C)NC(=O)C4=CC(=CN4C)NC(=O)C(=C)Br,0ca0bc624998f29ff638974e3a734203ce75361f8c90e046d151e4804db6ed1b
DB06599,,{},missing,,
DB06602,,{},missing,,
DB06603,6918837,"{""6918837"": 68}",unique,CC1=C(C2=CC=CC=C2N1)CCNCC3=CC=C(C=C3)/C=C/C(=O)NO,cc9c6627157c9de354db086cefe2bd464066ec0515bc5323c8836726fcdf736d
DB06605,10182969,"{""10182969"": 42}",unique,COC1=CC=C(C=C1)N2C3=C(CCN(C3=O)C4=CC=C(C=C4)N5CCCCC5=O)C(=N2)C(=O)N,6c29b7d30551dcb14a4f241705ed05e0ae74be9b63570edebf44fefd62c42be7
DB06607,,{},missing,,
DB06608,115358,"{""115358"": 15}",unique,CC1=CC(=NC2=C1C(=C(C=C2NC(C)CCCN)OC)OC3=CC=CC(=C3)C(F)(F)F)OC,1c0f2bb9cb80069686f9b25931bb507458fafb17d57111164aca4bd5e078cde7
DB06612,,{},missing,,
DB06616,5328940,"{""5328940"": 15}",unique,CN1CCN(CC1)CCCOC2=C(C=C3C(=C2)N=CC(=C3NC4=CC(=C(C=C4Cl)Cl)OC)C#N)OC,a4dd141f3caa669de2666b21d3fb32ed7dd743b0c3904fd6c7a41846560c1ec4
DB06626,6450551,"{""6450551"": 64}",unique,CNC(=O)C1=CC=CC=C1SC2=CC3=C(C=C2)C(=NN3)/C=C/C4=CC=CC=N4,364d0ed067352fdd9fff05503db7fb6fb803e8616b26688e8244d5388ff9e4d9
DB06629,9910224,"{""9910224"": 18}",unique,CC1=CN=C(C(=N1)OC)NS(=O)(=O)C2=C(N=CC=C2)C3=CC=C(C=C3)C4=NN=CO4,8ceb38a1d6cac0683693a1d21f361e951ce471f74ac5fd5b2c841c40f6b0aea1
DB06634,9917021,"{""9917021"": 14}",unique,CC1=C(C=CC(=C1)F)[C@H]2C[C@H](CCN2C(=O)N(C)[C@H](C)C3=CC(=CC(=C3)C(F)(F)F)C(F)(F)F)N4CCN(CC4)C(=O)C,69c38c52637e4d341fb8fac43ccd4b9207928e0e434b56e43e879c35419af042
DB06641,148177,"{""148177"": 22}",unique,CCCCCCCCCCCCCCCCCCOP(=O)([O-])OC1CC[N+](CC1)(C)C,0996f5fa8962ad2f2ef1cbe127aeca682d3280242b4f682b613dc965cb6e87eb
DB06643,,{},missing,,
DB06647,,{},missing,,
DB06650,,{},missing,,
DB06655,44147092,"{""44147092"": 71}",unique,CCCCCCCCCCCCCCCC(=O)N[C@@H](CCC(=O)O)C(=O)NCCCC[C@@H](C(=O)N[C@@H](CCC(=O)O)C(=O)N[C@@H](CC1=CC=CC=C1)C(=O)N[C@@H]([C@@H](C)CC)C(=O)N[C@@H](C)C(=O)N[C@@H](CC2=CNC3=CC=CC=C32)C(=O)N[C@@H](CC(C)C)C(=O)N[C@@H](C(C)C)C(=O)N[C@@H](CCCNC(=N)N)C(=O)NCC(=O)N[C@@H](CCCNC(=N)N)C(=O)NCC(=O)O)NC(=O)[C@H](C)NC(=O)[C@H](C)NC(=O)[C@H](CCC(=O)N)NC(=O)CNC(=O)[C@H](CCC(=O)O)NC(=O)[C@H](CC(C)C)NC(=O)[C@H](CC4=CC=C(C=C4)O)NC(=O)[C@H](CO)NC(=O)[C@H](CO)NC(=O)[C@H](C(C)C)NC(=O)[C@H](CC(=O)O)NC(=O)[C@H](CO)NC(=O)[C@H]([C@@H](C)O)NC(=O)[C@H](CC5=CC=CC=C5)NC(=O)[C@H]([C@@H](C)O)NC(=O)CNC(=O)[C@H](CCC(=O)O)NC(=O)[C@H](C)NC(=O)[C@H](CC6=CN=CN6)N,733ba1d60387fc4417999306ba7fdbb39bbeb0cee4e706be614528dc252a6dde
DB06660,104974,"{""104974"": 3}",unique,CC(=O)NC1(CCN(CC1)CC[C@H](CN(C)C(=O)C2=CC=CC=C2)C3=CC(=C(C=C3)Cl)Cl)C4=CC=CC=C4,b70876073ee555f3fb826e10cc7da21d037b07b48770e9604ae5c424fe6f6fcf
DB06663,9941444,"{""9941444"": 6}",unique,C1[C@H](CN2[C@@H]1C(=O)N[C@H](C(=O)N[C@@H](C(=O)N[C@H](C(=O)N[C@H](C(=O)N[C@H](C2=O)CC3=CC=CC=C3)CC4=CC=C(C=C4)OCC5=CC=CC=C5)CCCCN)CC6=CNC7=CC=CC=C76)C8=CC=CC=C8)OC(=O)NCCN,bfba1dd4c510a0cc78ff670c1309d0877007c7d5a88ce0940e8ff6c89c93d543
DB06674,,{},missing,,
DB06681,,{},missing,,
DB06683,73115,"{""73115"": 1}",unique,CC1=CN(C(=O)NC1=O)[C@@H]2[C@@H]([C@H]([C@@H](O2)CO)O)F,1d9ed933144f46892ae472d397a8a569805a125f0c9a72e7ac8a7a46e86a300e
DB06685,216469,"{""216469"": 2}",unique,CCN(C1=CC=CC=C1)C(=O)C2=C(N(C3=C(C2=O)C(=CC=C3)Cl)C)O,714727542dddc9f2ca8cd234a1cc55ef4fb9219af4bbd4fa0727779d5795fa92
DB06688,,{},missing,,
DB06695,,{},missing,,
DB06697,68911,"{""68911"": 5}",unique,C[C@@H]1CC[C@H]2[C@H]([C@H](O[C@H]3[C@@]24[C@H]1CC[C@](O3)(OO4)C)OC)C,d13f6a94f836b617f95e525b6259b8db5af1950c073950f36d50fc9b16cac82e
DB06699,16136245,"{""16136245"": 31, ""16186010"": 1}",ambiguous_resolved_by_frequency,C[C@H](C(=O)N)NC(=O)[C@@H]1CCCN1C(=O)[C@H](CCCCNC(C)C)NC(=O)[C@H](CC(C)C)NC(=O)[C@@H](CC2=CC=C(C=C2)NC(=O)N)NC(=O)[C@H](CC3=CC=C(C=C3)NC(=O)[C@@H]4CC(=O)NC(=O)N4)NC(=O)[C@H](CO)NC(=O)[C@@H](CC5=CN=CC=C5)NC(=O)[C@@H](CC6=CC=C(C=C6)Cl)NC(=O)[C@@H](CC7=CC8=CC=CC=C8C=C7)NC(=O)C,87b44105142c939067611fc6fd2eefa65e5bac991da00d2793ee60eb05adeeed
DB06700,125017,"{""125017"": 5}",unique,CN(C)CC(C1=CC=C(C=C1)O)C2(CCCCC2)O,a9ab439664e03dcbe9bb9214ecfee10f3545ebe59683d171fd427c4828b3fb34
DB06702,6918558,"{""6918558"": 11}",unique,CC(C)C(=O)OC1=C(C=C(C=C1)CO)[C@H](CCN(C(C)C)C(C)C)C2=CC=CC=C2,812e058de460bcc20572ec173db58f3c1fd7bab7e64288a31ecaa936f0634707
DB06703,72057,"{""72057"": 8}",unique,C1CN(CCN(CCN(CCN1CC(=O)[O-])CC(=O)[O-])[C@H](CO)[C@@H](CO)O)CC(=O)[O-].[Ga+3],47bdd91a0b0c3ecf422a857dbee86999a217942faa7788b93135c50f520dd1e8
DB06704,71184,"{""71184"": 9}",unique,C1=CC(=CC(=C1)[131I])CN=C(N)N,0d7e2a412cd711b582786862b750eee45bd8285618b71a193ca43ee18511d321
DB06705,23724913,"{""23724913"": 2, ""11672461"": 1}",ambiguous_resolved_by_frequency,C1CC(CCC1OP(=O)([O-])OCC(CN(CCN(CC(=O)[O-])CC(=O)[O-])CC(=O)[O-])N(CC(=O)[O-])CC(=O)[O-])(C2=CC=CC=C2)C3=CC=CC=C3.O.[Na+].[Na+].[Na+].[Gd+3],8758cbd7d43a04644b8874f72c3b2b68d36867bda9a2d7e16cf1b07484ce541a
DB06718,25249,"{""25249"": 1}",unique,C[C@]12CC[C@H]3[C@H]([C@@H]1CC[C@]2(C)O)CC[C@@H]4[C@@]3(CC5=C(C4)NN=C5)C,4d660378252be12b82b72c4fde21a582b088bcc1da540f5b146740071bf38ee3
DB06719,50225,"{""50225"": 17}",unique,CCNC(=O)[C@@H]1CCCN1C(=O)[C@H](CCCN=C(N)N)NC(=O)[C@H](CC(C)C)NC(=O)[C@@H](COC(C)(C)C)NC(=O)[C@H](CC2=CC=C(C=C2)O)NC(=O)[C@H](CO)NC(=O)[C@H](CC3=CNC4=CC=CC=C43)NC(=O)[C@H](CC5=CN=CN5)NC(=O)[C@@H]6CCC(=O)N6,cbca8740efb63377665f0ab60289a9defc04165af141adcf27d9fa97c1873ee2
DB06724,10112,"{""10112"": 12}",unique,C(=O)([O-])[O-].[Ca+2],28260e8835bc76051e173d2f8ba3f5075490778201a997f7f0831e6cdcbcb16c
DB06769,65628,"{""65628"": 158, ""77082"": 11}",ambiguous_resolved_by_frequency,CN1C2=C(C=C(C=C2)N(CCCl)CCCl)N=C1CCCC(=O)O,5caf4659cb8f2af0dcf9e6c3d93c7a1ec837a4ade5beba8044ac2a0647f83582
DB06772,9854073,"{""9854073"": 40}",unique,CC1=C2[C@H](C(=O)[C@@]3([C@H](C[C@@H]4[C@]([C@H]3[C@@H]([C@@](C2(C)C)(C[C@@H]1OC(=O)[C@@H]([C@H](C5=CC=CC=C5)NC(=O)OC(C)(C)C)O)O)OC(=O)C6=CC=CC=C6)(CO4)OC(=O)C)OC)C)OC,f02a30aac2f3f787f38637b2725fdc28f020c4e60408b0b10c9834295d6dde53
DB06774,1548943,"{""1548943"": 8}",unique,CC(C)/C=C/CCCCC(=O)NCC1=CC(=C(C=C1)O)OC,23d89513902e82b365975e653ee13c225862b02c585923de75dddc16462bed4b
DB06779,,{},missing,,
DB06781,443936,"{""443936"": 1}",unique,CCCC(=O)O[C@@]1(CC[C@@H]2[C@@]1(C[C@@H]([C@]3([C@H]2C[C@@H](C4=CC(=O)C=C[C@@]43C)F)F)O)C)C(=O)COC(=O)C,54712382e3261e565635777424b59ca9c54d1db71da394a59a0cc61b45cb7738
DB06788,25077993,"{""25077993"": 8}",unique,CCNC(=O)[C@@H]1CCCN1C(=O)[C@H](CCCN=C(N)N)NC(=O)[C@H](CC(C)C)NC(=O)[C@@H](CC2=CN(C=N2)CC3=CC=CC=C3)NC(=O)[C@H](CC4=CC=C(C=C4)O)NC(=O)[C@H](CO)NC(=O)[C@H](CC5=CNC6=CC=CC=C65)NC(=O)[C@H](CC7=CN=CN7)NC(=O)[C@@H]8CCC(=O)N8,5e013f623542365ce8ab01639a860679ca1abadffbaf3343b454f7d38c790adc
DB06791,6918011,"{""6918011"": 5}",unique,C[C@H]([C@@H](C(=O)N)NC(=O)[C@@H]1CSSC[C@@H](C(=O)N[C@H](C(=O)N[C@@H](C(=O)N[C@H](C(=O)N[C@H](C(=O)N1)C(C)C)CCCCN)CC2=CNC3=CC=CC=C32)CC4=CC=C(C=C4)O)NC(=O)[C@@H](CC5=CC6=CC=CC=C6C=C5)N)O,296841f4d2f7ce9891c1ae7adb33ec193f722c6c4fad40e9b3c1d28f77a608f7
DB06800,5361918,"{""5361918"": 3}",unique,C[N+]1(CC[C@]23[C@@H]4C(=O)CC[C@]2([C@H]1CC5=C3C(=C(C=C5)O)O4)O)CC6CC6,d4913c33401a1db6f7a1b9f90d91700bc2f247184de61f17c96d64900e57faf8
DB06802,151075,"{""151075"": 3}",unique,C1=CC=C(C=C1)C(=O)C2=CC=CC(=C2N)CC(=O)N,0a87cd78b04ec8730ddba249167f14230a8b44df88562d269e7de37a1109f590
DB06803,4477,"{""4477"": 4}",unique,C1=CC(=C(C=C1[N+](=O)[O-])Cl)NC(=O)C2=C(C=CC(=C2)Cl)O,2f60a07c1d6b5aa3a285b49e5c99ca1e04a3cde8800078e6d29b5f4925ecab54
DB06809,65015,"{""65015"": 78}",unique,C1CNCCNCCCN(CCNC1)CC2=CC=C(C=C2)CN3CCCNCCNCCCNCC3,bc6b7b86911d9de57a2d9f6504d1c9b6ba20cdc92f4f2c1fe9c5a676c2bd3af5
DB06812,410087,"{""410087"": 10}",unique,C=CN1CCCC1=O.II,6ae2f1a0e9e0eb37a84a8712a4992d05b05b2bcd6ffdc86e053eefac7b48b766
DB06813,148121,"{""148121"": 18}",unique,C#CCC(CC1=CN=C2C(=N1)C(=NC(=N2)N)N)C3=CC=C(C=C3)C(=O)N[C@@H](CCC(=O)O)C(=O)O,e67bf57f458dc0ae1cbde846bd95c01aeb750f975400cc8177254a6968687b91
DB06817,54671008,"{""54671008"": 73, ""23668479"": 1}",ambiguous_resolved_by_frequency,CC1=NN=C(O1)C(=O)NC(C)(C)C2=NC(=C(C(=O)N2C)O)C(=O)NCC3=CC=C(C=C3)F,c5a0115799020e2c9ca22900d2bafe3a0e5fc5546f2d6a919b39cea9e19ac74c
DB06819,5258,"{""5258"": 4}",unique,C1=CC=C(C=C1)CCCC(=O)[O-].[Na+],2e1a0da2d5b08cf1ad4f89ceb9392b98ab0fcba6c5f0827035b6c73be0c8ee0e
DB06822,,{},missing,,
DB06824,71433,"{""5565"": 1, ""71433"": 2}",ambiguous_resolved_by_frequency,C(CNCCNCCN)N.Cl.Cl,71ac6eb14adbea12a3157781cc2a545d42a821494b2c089cb12e611d9957e98a
DB06825,25074470,"{""25074470"": 33, ""25080282"": 3}",ambiguous_resolved_by_frequency,CC(C)C[C@@H](C(=O)N[C@@H](CCCN=C(N)N)C(=O)N1CCC[C@H]1C(=O)NCC(=O)N)NC(=O)[C@@H](CC2=CNC3=CC=CC=C32)NC(=O)[C@H](CC4=CC=C(C=C4)O)NC(=O)[C@H](CO)NC(=O)[C@H](CC5=CNC6=CC=CC=C65)NC(=O)[C@H](CC7=CN=CN7)NC(=O)[C@@H]8CCC(=O)N8,b5062209de1752e45b47e536a2dab4b26da5d28d8761a9bbb3e620d017c49281
DB07101,9826528,"{""9826528"": 7}",unique,C1=CC(=C(C=C1I)F)NC2=C(C=CC(=C2F)F)C(=O)NOC[C@@H](CO)O,d62d4cc8a7e8cbf526c681734bec18295e4889542e820b7827e3125042cbef67
DB07232,11960529,"{""11960529"": 42}",unique,C[C@@]1(CCCN1)C2=NC3=C(C=CC=C3N2)C(=O)N,21ed0998c89138feec50ac968d522ef0ec1f8930ebeee25c67abe5bd707656b7
DB07795,5281614,"{""5281614"": 1}",unique,C1=CC(=C(C=C1C2=C(C(=O)C3=C(O2)C=C(C=C3)O)O)O)O,e0b4cde1baffd685fa3f3119a2f1efaa42ea4680760a0436984bb2423bf50962
DB08382,11516136,"{""11516136"": 1}",unique,C1CN(CC1(F)F)C(=O)[C@@H]2C[C@@H](CN2)N3CCN(CC3)C4=NC=CC=N4,e4f2d23e02c545a2b96ae0ff96e05f2b34fe141941eeb90c8454a8400bdd1d9c
DB08813,,{},missing,,
DB08815,213046,"{""213046"": 4}",unique,C1CC[C@H]([C@@H](C1)CN2CCN(CC2)C3=NSC4=CC=CC=C43)CN5C(=O)[C@H]6[C@@H]7CC[C@@H](C7)[C@H]6C5=O,9b73c3704b4b80e8becafa9270b8f2cceda48e6e1c5b774d6d3e4e6b0ec6415e
DB08816,9871419,"{""9871419"": 121}",unique,CCCSC1=NC(=C2C(=N1)N(N=N2)[C@@H]3C[C@@H]([C@H]([C@H]3O)O)OCCO)N[C@@H]4C[C@H]4C5=CC(=C(C=C5)F)F,c1588e5b114ec91b1574044fcd973f057be6aad53314de4508de65c14ee1f11e
DB08818,24759,"{""24759"": 5}",unique,CC(=O)N[C@H]1[C@@H](O[C@@H]([C@H](C1O[C@H]2[C@@H]([C@H]([C@@H]([C@H](O2)C(=O)O)O[C@H]3[C@@H](C([C@@H]([C@H](O3)CO)O)O[C@H]4[C@@H]([C@H]([C@@H]([C@H](O4)C(=O)O)O)O)O)NC(=O)C)O)O)O)CO)O,71be898335c80c3c382cfeba097624585306edcd7fd1f6ff843497b419bb62ca
DB08819,9868491,"{""9868491"": 3}",unique,CC(C)OC(=O)CCC/C=C\C[C@H]1[C@H](C[C@H]([C@@H]1/C=C/C(COC2=CC=CC=C2)(F)F)O)O,ff166d6cfcff45ac0645cb21d2fb46679f654c588af62eb2fdfcc9178a11184b
DB08820,16220172,"{""16220172"": 20}",unique,CC(C)(C)C1=CC(=C(C=C1NC(=O)C2=CNC3=CC=CC=C3C2=O)O)C(C)(C)C,1bf594c0779b6c3436aab797bf4af6092ef442d86d9ffc2eaf6df8c1af2e16a6
DB08826,2972,"{""2972"": 5}",unique,CC1=C(C(=O)C=CN1C)O,bd93d85d736cd6bd7abd48bb1c6e7df4f71c47ada39a6da895344c6dd29f05c8
DB08828,24776445,"{""24776445"": 17}",unique,CS(=O)(=O)C1=CC(=C(C=C1)C(=O)NC2=CC(=C(C=C2)Cl)C3=CC=CC=N3)Cl,3bc967a91ee9635ebc5b8402afab623c47560fee722c7b14553d6cab992669f0
DB08860,5282452,"{""5282452"": 18}",unique,C1CC1C2=NC3=CC=CC=C3C(=C2/C=C/[C@H](C[C@H](CC(=O)O)O)O)C4=CC=C(C=C4)F,abc9ef819d588d325a94f317b41211387e5b27d2b90d1f59320749b7506a33de
DB08862,,{},missing,,
DB08865,11626560,"{""11626560"": 41}",unique,C[C@H](C1=C(C=CC(=C1Cl)F)Cl)OC2=C(N=CC(=C2)C3=CN(N=C3)C4CCNCC4)N,1e2008d8adce85b4fba9212c2828618901a2ecc08265446b7c0ba640e7bdab47
DB08867,130904,"{""130904"": 5}",unique,CC(=O)[C@]1(CC[C@@H]2[C@@]1(C[C@@H](C3=C4CCC(=O)C=C4CC[C@@H]23)C5=CC=C(C=C5)N(C)C)C)OC(=O)C,174b769aba4948cb06490f1de8da93fc5540ed3cbdb77dd371ae80499ffbf8a5
DB08868,107970,"{""107970"": 4}",unique,CCCCCCCCC1=CC=C(C=C1)CCC(CO)(CO)N,14183ece73f2fe679ff4bb8d2e9dba9c69a668cd21a1f08c498c7e73ff912e0c
DB08870,,{},missing,,
DB08871,11354606,"{""11354606"": 65}",unique,C[C@@H]1C[C@@H]2CC[C@H]3C(=C)C[C@@H](O3)CC[C@]45C[C@@H]6[C@H](O4)[C@H]7[C@@H](O6)[C@@H](O5)[C@@H]8[C@@H](O7)CC[C@@H](O8)CC(=O)C[C@H]9[C@H](C[C@H](C1=C)O2)O[C@@H]([C@@H]9OC)C[C@@H](CN)O,f45fdfeb235b429283714ea24c424dd5ee1ed6bc7a5f6f6fe2804327334ab9d8
DB08873,10324367,"{""10324367"": 40, ""65648"": 1}",ambiguous_resolved_by_frequency,CC1([C@@H]2[C@H]1[C@H](N(C2)C(=O)[C@H](C(C)(C)C)NC(=O)NC(C)(C)C)C(=O)NC(CC3CCC3)C(=O)C(=O)N)C,caf6cc5f92904436d9f10c5e3af6bca4407dc8726050c8fe585cbd5ab5096906
DB08875,25102847,"{""25102847"": 103, ""25102846"": 1}",ambiguous_resolved_by_frequency,COC1=CC2=C(C=CN=C2C=C1OC)OC3=CC=C(C=C3)NC(=O)C4(CC4)C(=O)NC5=CC=C(C=C5)F,e1262472134d777bc94eadf0d64b73f35cccbfa34e79168d531abf0c6970354a
DB08877,25126798,"{""25126798"": 128}",unique,C1CCC(C1)[C@@H](CC#N)N2C=C(C=N2)C3=C4C=CNC4=NC=N3,0cc56b4f85df996c0588f3fef7378f200b1f225fad4a920a8895fb247839a15e
DB08879,,{},missing,,
DB08880,54684141,"{""54684141"": 15}",unique,C/C(=C(\C#N)/C(=O)NC1=CC=C(C=C1)C(F)(F)F)/O,4ffc561323e9c5a334a53c4620a64d3e009e8c25570ef0a5b4c730c2c9e1809f
DB08881,42611257,"{""42611257"": 71}",unique,CCCS(=O)(=O)NC1=C(C(=C(C=C1)F)C(=O)C2=CNC3=C2C=C(C=N3)C4=CC=C(C=C4)Cl)F,3387e120fe8421cbed11c04d6fd8f85e1668728628f2c747c23df337fb2ac94d
DB08882,10096344,"{""10096344"": 32}",unique,CC#CCN1C2=C(N=C1N3CCC[C@H](C3)N)N(C(=O)N(C2=O)CC4=NC5=CC=CC=C5C(=N4)C)C,8c63b39c79aca60f4defdc7791e44d5e7682c7ea10bfed53c8b4fa02a45021cb
DB08883,9924495,"{""9924495"": 2}",unique,C1=CC=C(C=C1)N2C=C(C=C(C2=O)C3=CC=CC=C3C#N)C4=CC=CC=N4,6c49f2b217bfc14e319e0bf021d2eefdf8c1b1fdd09c3a08680e74728c67a56f
DB08884,53240376,"{""53240376"": 3}",unique,CCOC1=CC=C(C=C1)C[C@@H](CN(CCN(CC(=O)[O-])CC(=O)[O-])CC(=O)[O-])N(CC(=O)[O-])CC(=O)[O-].[Na+].[Na+].[Gd+3],802d9c21d9bd4a237dca80361d9ce5193fa2d27cb3cf0a205ac2dd6f5db19322
DB08885,124490314,"{""124490314"": 47}",unique,COC[C@H]1CCCCN1C(=O)N2N=CC(=N2)C(C3=CC=CC=C3)(C4=CC=CC=C4)O,c0c62a8be74a642c4962957d202334963fd031a4d2b3307cda40416ee7971596
DB08886,,{},missing,,
DB08889,11556711,"{""11556711"": 180}",unique,CC(C)C[C@@H](C(=O)[C@]1(CO1)C)NC(=O)[C@H](CC2=CC=CC=C2)NC(=O)[C@H](CC(C)C)NC(=O)[C@H](CCC3=CC=CC=C3)NC(=O)CN4CCOCC4,61b1a22abd0d828af81bff727c8258643531807c270abdbb256d22aaadd3358a
DB08893,9865528,"{""9865528"": 21}",unique,C1=CC=C(C=C1)[C@H](CNCCC2=CC=C(C=C2)NC(=O)CC3=CSC(=N3)N)O,11d84f8e5b23be63e6cc454a1d958aa590c806256a4f8ca8282dafec4b26cdd4
DB08894,,{},missing,,
DB08895,9926791,"{""9926791"": 16}",unique,C[C@@H]1CCN(C[C@@H]1N(C)C2=NC=NC3=C2C=CN3)C(=O)CC#N,23c0b8f3c20f555484e3aeccaaed6bcf6a03f4cde85a7cb3626749dcb3506645
DB08896,11167602,"{""11167602"": 62}",unique,CNC(=O)C1=NC=CC(=C1)OC2=CC(=C(C=C2)NC(=O)NC3=CC(=C(C=C3)Cl)C(F)(F)F)F,bf49725fe225242d6ce67d760a942b52f17a0fed48271d7973de7cd15f4213bf
DB08898,,{},missing,,
DB08899,15951529,"{""15951529"": 135}",unique,CC1(C(=O)N(C(=S)N1C2=CC(=C(C=C2)C(=O)NC)F)C3=CC(=C(C=C3)C#N)C(F)(F)F)C,d9eb7b445cbf1625ba47e3df3354e4487606dc6e592c5147188fa2414bb0bf5e
DB08901,24826799,"{""24826799"": 15}",unique,CC1=C(C=C(C=C1)C(=O)NC2=CC(=C(C=C2)CN3CCN(CC3)C)C(F)(F)F)C#CC4=CN=C5N4N=CC=C5,a554ab82e4d35ef66e6a1d34c7711444e79c1f307e3218e966f4b2a7ac88ad73
DB08903,5388906,"{""5388906"": 57}",unique,CN(C)CC[C@@](C1=CC=CC2=CC=CC=C21)([C@H](C3=CC=CC=C3)C4=C(N=C5C=CC(=CC5=C4)Br)OC)O,9a1c1265c83d5e9f69ff2c9d118d5601cdf888c27a2f3b35b5bc359c094e8f03
DB08904,,{},missing,,
DB08907,24812758,"{""24812758"": 64}",unique,CC1=C(C=C(C=C1)[C@H]2[C@@H]([C@H]([C@@H]([C@H](O2)CO)O)O)O)CC3=CC=C(S3)C4=CC=C(C=C4)F,fa68fa720ad5bed41684dfc999414ebe19e8143898793aa6a7248a4df6e9d2fc
DB08908,637568,"{""637568"": 11}",unique,COC(=O)/C=C/C(=O)OC,703af18aa0b112c80bbb685f6b06b8c9301c275d3a489d770b65138e479cf187
DB08909,10482134,"{""10482134"": 3}",unique,C1=CC=C(C=C1)CCCC(=O)OCC(COC(=O)CCCC2=CC=CC=C2)OC(=O)CCCC3=CC=CC=C3,94a7a83fc56b4a9cb1a104f0389c72742f0a7b6e72206567cb4e1dd90782da06
DB08910,134780,"{""134780"": 152}",unique,C1CC(=O)NC(=O)C1N2C(=O)C3=C(C2=O)C(=CC=C3)N,e7a11005194689b89493aaa4b2142dbb920dc91ec97b4726a6719853f54d0628
DB08911,11707110,"{""11707110"": 182}",unique,CC1=C2C(=C(N(C1=O)C)NC3=C(C=C(C=C3)I)F)C(=O)N(C(=O)N2C4=CC=CC(=C4)NC(=O)C)C5CC5,e9ce42a21738e13e8639783da777f78f966aeb526bd248849a62f2933717260c
DB08912,44462760,"{""44462760"": 101}",unique,CC(C)(C)C1=NC(=C(S1)C2=NC(=NC=C2)N)C3=C(C(=CC=C3)NS(=O)(=O)C4=C(C=CC=C4F)F)F,76dc162ab2e8fe9fc711c1d3976c00db93aa67ae93dad8f436b5a60ac3fafeda
DB08916,10184653,"{""10184653"": 49}",unique,CN(C)C/C=C/C(=O)NC1=C(C=C2C(=C1)C(=NC=N2)NC3=CC(=C(C=C3)F)Cl)O[C@H]4CCOC4,61cc29fe05f2a38e5c2f547a54755a23bfe2e1f08acc0a1f07ab42603859ca40
DB08917,,{},missing,,
DB08930,54726191,"{""54726191"": 87, ""46216142"": 16}",ambiguous_resolved_by_frequency,C[C@@H]1CCO[C@@H]2N1C(=O)C3=C(C(=O)C(=CN3C2)C(=O)NCC4=C(C=C(C=C4)F)F)O,9360adde9abc6b8e1234781e3dae238fa4fb1cafe058f8e339e6e9bd8c20ee56
DB08931,11304743,"{""11304743"": 11}",unique,CN(C1=C(N=C(N=C1N)C2=NN(C3=C2C=CC=N3)CC4=CC=CC=C4F)N)C(=O)OC,8ec5982690b8998f77c1a1f2110041434b24441b86a09072bbbb444e581454a6
DB08932,16004692,"{""16004692"": 50}",unique,CCCNS(=O)(=O)NC1=C(C(=NC=N1)OCCOC2=NC=C(C=N2)Br)C3=CC=C(C=C3)Br,3ea9dc7371b5218fb02f57851c990808c422b05e9ac341daa9c97fbd445b6e9b
DB08934,45375808,"{""45375808"": 223}",unique,C[C@@H](C(=O)OC(C)C)N[P@](=O)(OC[C@@H]1[C@H]([C@@]([C@@H](O1)N2C=CC(=O)NC2=O)(C)F)O)OC3=CC=CC=C3,759c0fe2ed88de84b30c018d549145d258c7af095aed9463b38466adb7e56e91
DB08935,,{},missing,,
DB08937,,{},missing,,
DB09009,32170,"{""32170"": 6, ""32169"": 3}",ambiguous_resolved_by_frequency,CCCNC(C)C(=O)NC1=C(SC=C1C)C(=O)OC,4cea79a3592794b12e7cc3df5848615dc036cd6ed098db51de8c85efb967c77f
DB09020,2391,"{""2391"": 10}",unique,CC(=O)OC1=CC=C(C=C1)C(C2=CC=C(C=C2)OC(=O)C)C3=CC=CC=N3,1e27e8f1d8abb20ed3bc3606f73ddeeb45197e3261f80120204f6ac6a1737aea
DB09026,5493444,"{""5493444"": 45, ""6918427"": 4}",ambiguous_resolved_by_frequency,CC(C)[C@@H](CC1=CC(=C(C=C1)OC)OCCCOC)C[C@@H]([C@H](C[C@@H](C(C)C)C(=O)NCC(C)(C)C(=O)N)O)N,8fbeca41042089f30c2552f2cca61524b31dffa8d96cc44dd6539446c77c59de
DB09027,67505836,"{""67505836"": 15}",unique,CC(C)[C@@H](C(=O)N1CC2(CC2)C[C@H]1C3=NC=C(N3)C4=CC5=C(C=C4)C6=C(C5(F)F)C=C(C=C6)C7=CC8=C(C=C7)N=C(N8)[C@@H]9[C@H]1CC[C@H](C1)N9C(=O)[C@H](C(C)C)NC(=O)OC)NC(=O)OC,ce0c5f9e005e3ef28112d3c4a3ad731ae83daa94b19b0e4e46b801e2c18fd358
DB09028,10235,"{""10235"": 1}",unique,C1[C@H]2CNC[C@@H]1C3=CC=CC(=O)N3C2,7d53c9a48dac84ecd91aa4ddf9ef981eee3ca2c5e07e8628abe0e9eb77bf5623
DB09029,,{},missing,,
DB09030,10077130,"{""10077130"": 6}",unique,CCOC(=O)N[C@@H]1CC[C@@H]2[C@@H](C1)C[C@@H]3[C@H]([C@H]2/C=C/C4=NC=C(C=C4)C5=CC(=CC=C5)F)[C@H](OC3=O)C,2c4cb1c0aa7d7b64457398a8328d363eba3b4b8c52a02b12fc688fc1ccb0836c
DB09031,3599,"{""3599"": 5}",unique,CCCCCCCCCCCCCCCCOP(=O)([O-])OCC[N+](C)(C)C,d861918f924d6610aba251e7d3a566f5e1ad588c80201cafa67e05394db9515d
DB09033,,{},missing,,
DB09035,,{},missing,,
DB09036,,{},missing,,
DB09037,,{},missing,,
DB09038,11949646,"{""11949646"": 64}",unique,C1COC[C@H]1OC2=CC=C(C=C2)CC3=C(C=CC(=C3)[C@H]4[C@@H]([C@H]([C@@H]([C@H](O4)CO)O)O)O)Cl,b6ef9433b8fbbc05cf5465790b810aab5f8a3de5f60216b9d9703cc467e02dcb
DB09043,,{},missing,,
DB09045,,{},missing,,
DB09048,6451149,"{""6451149"": 6}",unique,CC1=CC=CC=C1C2=CC(=NC=C2N(C)C(=O)C(C)(C)C3=CC(=CC(=C3)C(F)(F)F)C(F)(F)F)N4CCN(CC4)C,ea02367019ff48a3f42884915bcec2ae3a0b5492764257e605583e1acb75bbc2
DB09052,,{},missing,,
DB09053,24821094,"{""24821094"": 218}",unique,C=CC(=O)N1CCC[C@H](C1)N2C3=NC=NC(=C3C(=N2)C4=CC=C(C=C4)OC5=CC=CC=C5)N,688e95d0891eeb1a230a54507b55f935ae3f763ceb99adaa4fb15685bea42fc7
DB09054,11625818,"{""11625818"": 47}",unique,CC[C@@H](C1=NC2=C(C(=CC=C2)F)C(=O)N1C3=CC=CC=C3)NC4=NC=NC5=C4NC=N5,1131a30182a04271647581b6d16238d8d5f414968d077d0f0911a7e3a9e2edf6
DB09055,5310993,"{""5310993"": 1}",unique,CC1=CN=C(C=[N+]1[O-])C(=O)O,51e9f62a2e04cfd705b79ffe0a7b6c53b8232d4c614133e24246b62553982d80
DB09061,644019,"{""644019"": 67}",unique,CCCCCC1=CC(=C(C(=C1)O)[C@@H]2C=C(CC[C@H]2C(=C)C)C)O,5adacfa4f440dcf629b2975911259fe43bd9d821a744b963ef74a11f91428585
DB09063,57379345,"{""57379345"": 20}",unique,CC1=CC(=C(C=C1C2CCNCC2)OC(C)C)NC3=NC=C(C(=N3)NC4=CC=CC=C4S(=O)(=O)C(C)C)Cl,e06375b9218b2eeab8c13be69ea4df3c44933d763761d5ddddbc6f534d3c5518
DB09065,25151504,"{""25151504"": 28}",unique,CC(C)C1=NC(=CS1)CN(C)C(=O)N[C@@H](CCN2CCOCC2)C(=O)N[C@H](CC[C@H](CC3=CC=CC=C3)NC(=O)OCC4=CN=CS4)CC5=CC=CC=C5,77c8e443a0566369ece67a378894e6637c955cc15f83da627bf2ba34fdbe2791
DB09066,,{},missing,,
DB09068,9966051,"{""9966051"": 1}",unique,CC1=CC(=C(C=C1)SC2=CC=CC=C2N3CCNCC3)C,46ae8f1e04c2035613f57a69339408d2b76f069a89bf70fa835b1f8c70742bf6
DB09072,23663870,"{""23663870"": 1}",unique,C(CC(=O)[O-])CO.[Na+],498f35a202fc71116160de03b73b718cc6356a04a31416db95af9b64f552d672
DB09073,5330286,"{""5330286"": 45}",unique,CC1=C(C(=O)N(C2=NC(=NC=C12)NC3=NC=C(C=C3)N4CCNCC4)C5CCCC5)C(=O)C,4e3c56cd1054aed2b4e9c2a848b4e8ad1b2d60116e2ed771e3f92ae309b9c2b4
DB09074,23725625,"{""23725625"": 170}",unique,C1CC1C(=O)N2CCN(CC2)C(=O)C3=C(C=CC(=C3)CC4=NNC(=O)C5=CC=CC=C54)F,9795cad8c81daba852e66a6cd67ecb2b596ee20b605d45e92493bc8196491336
DB09075,10280735,"{""10280735"": 23}",unique,CN1CCC2=C(C1)SC(=N2)C(=O)N[C@@H]3C[C@H](CC[C@@H]3NC(=O)C(=O)NC4=NC=C(C=C4)Cl)C(=O)N(C)C,6891cbfc24a20e7f78d5157e45c69acb9bee7a0bf4c90f05b14f54c8869f4de2
DB09077,,{},missing,,
DB09078,9823820,"{""9823820"": 112}",unique,COC1=CC2=NC=CC(=C2C=C1C(=O)N)OC3=CC(=C(C=C3)NC(=O)NC4CC4)Cl,27f024acd522bc4c7476721e28a7e6ad12c066b9be55943e6b0603763fc969f4
DB09079,9809715,"{""9809715"": 47}",unique,CN1CCN(CC1)CC(=O)N(C)C2=CC=C(C=C2)N/C(=C\3/C4=C(C=C(C=C4)C(=O)OC)NC3=O)/C5=CC=CC=C5,264079584b1a2321f4a0d6839b55b324f4ab77eac3a5b969bf21a03b9eec599d
DB09085,5411,"{""5411"": 2, ""8695"": 1}",ambiguous_resolved_by_frequency,CCCCNC1=CC=C(C=C1)C(=O)OCCN(C)C,c647a5943ad1852808a9cedb06f4a1fb936a63f219848060d6b3a8772c97b35a
DB09096,7187,"{""7187"": 6}",unique,C1=CC=C(C=C1)C(=O)OOC(=O)C2=CC=CC=C2,0950ffa63b04bd0b8d6e2a7c72c21f433919f3386f9b62a8e57f5b8e99ee94df
DB09102,25154714,"{""25154714"": 148}",unique,CC(C)[C@@H](C(=O)N1CCC[C@H]1C2=NC=C(N2)C3=CC=C(C=C3)C4=CC=C(C=C4)C5=CN=C(N5)[C@@H]6CCCN6C(=O)[C@H](C(C)C)NC(=O)OC)NC(=O)OC,7534323c54d3f9cbc6f2e49bc824df5427fdfa60d5bd4a138479dac9a2095a6e
DB09110,23662354,"{""23662354"": 92}",unique,C(CS(=O)(=O)[O-])S.[Na+],d90843b7bedbe888e28cedc528f56ac260f20448045beb6af2894341bf7ccccc
DB09113,,{},missing,,
DB09119,179344,"{""179344"": 12}",unique,CC(=O)O[C@H]1CC2=CC=CC=C2N(C3=CC=CC=C13)C(=O)N,2dfe5f628e347cbc7c901a0ccf49670101f4ef9477aeb2fa46d0f130f9664ccb
DB09122,,{},missing,,
DB09125,13344,"{""13344"": 9}",unique,C(C(=O)[O-])C(CC(=O)[O-])(C(=O)[O-])O.[K+].[K+].[K+],6c8eabede6fa2d7098d79bb95307c6d68903f48da2149037dd7375b67dd80621
DB09126,,{},missing,,
DB09128,11978813,"{""11978813"": 11}",unique,C1CN(CCN1CCCCOC2=CC3=C(C=C2)C=CC(=O)N3)C4=C5C=CSC5=CC=C4,18445f01b80661383facd10c2876f119f9e7a529a65c77937191fb92bdd0f2cc
DB09132,6918037,"{""6918037"": 3}",unique,CNC[C@@H]([C@H]([C@@H]([C@@H](CO)O)O)O)O.C1CN(CCN(CCN(CCN1CC(=O)O)CC(=O)[O-])CC(=O)[O-])CC(=O)[O-].[Gd+3],72efdc3583ce73d09d3d350638940d5e60f93fcc4c051eeff8c32e04b7c587bf
DB09134,3741,"{""3741"": 1}",unique,C(CO)N(C1=C(C(=C(C(=C1I)C(=O)NCC(CO)O)I)C(=O)NCC(CO)O)I)C(=O)CO,2418cc7506b27b0e9ce8440097aa39dbc74f37d61a428ad371574976f1705a71
DB09136,4695,"{""4695"": 3}",unique,CCN(CC)C1=CC=C(C=C1)C(=C2C=CC(=[N+](CC)CC)C=C2)C3=C(C=CC(=C3)S(=O)(=O)O)S(=O)(=O)O,08b2c9a71eadff07156f305de9c2322d4525a1d6288a6b262a63882f872a4275
DB09138,157443,"{""157443"": 3}",unique,C(P(=O)(O)O)P(=O)(O)O.[99Tc],858c7bee05a0e5aefd2773733d557a128d91d7a702c5ac759ca87c127a426e4c
DB09143,24775005,"{""24775005"": 10}",unique,C[C@@H]1CN(C[C@@H](O1)C)C2=NC=C(C=C2)NC(=O)C3=CC=CC(=C3C)C4=CC=C(C=C4)OC(F)(F)F,29b56ff6bbe9c24cfeb5591fea904614dc78c50b083b378a6f59cf0489d20079
DB09146,91663255,"{""91663255"": 6}",unique,C([C@@H]1[C@H]([C@@H]([C@H]([C@H](O1)O[C@]2([C@H]([C@@H]([C@H](O2)CO)O)O)CO)O)O)O)O.O.O.O.[OH-].[O-2].[O-2].[O-2].[O-2].[O-2].[O-2].[O-2].[O-2].[Na+].[Na+].[Fe+3].[Fe+3].[Fe+3].[Fe+3].[Fe+3],1a96bad69228ccfdcd624db26212abf2111a4aacc9f9faced53c40dace0e6b37
DB09148,11501341,"{""11501341"": 2}",unique,CNC1=CC=C(C=C1)/C=C/C2=CC=C(C=C2)OCCOCCOCC[18F],2d56be0fea00d3560243d585a5818f68a483409330b78bfa408e3deafb109e71
DB09149,57396865,"{""57396865"": 7}",unique,CNC1=CC=C(C=C1)/C=C/C2=CN=C(C=C2)OCCOCCOCCF,f264d18ccc6975656bf30583c36964cbe756e7f94b7d99fe7301b8dc67575e1d
DB09150,450503,"{""450503"": 13}",unique,C([C@@H]1[C@H]([C@@H]([C@H]([C@H](O1)O)[18F])O)O)O,ec79e2c8bfc88d5c1e0067480c580d1450cfdac4aaf65ff4647a2729b2d19087
DB09151,15950376,"{""15950376"": 1}",unique,CNC1=C(C=C(C=C1)C2=NC3=C(S2)C=C(C=C3)O)[18F],b93796a3a2e1172c51abd42dcfdbfca642d1f8d3cc42cea19cb16b60bfb654e5
DB09154,6224,"{""6224"": 3}",unique,C(C(=O)[O-])C(CC(=O)[O-])(C(=O)[O-])O.[Na+].[Na+].[Na+],6f7dd0f4194512a5e3b492cd6f49cefa30f1007def8d79586d50b0a4505d0070
DB09156,3736,"{""3736"": 1}",unique,CN(CC(CO)O)C(=O)C1=C(C(=C(C(=C1I)C(=O)NCC(CO)O)I)NC(=O)COC)I,0433f33fafac583b7a3b8d159913efcc6b254ccbf60f7a1a69f0063c0b908523
DB09183,56640146,"{""56640146"": 32, ""86291590"": 1}",ambiguous_resolved_by_frequency,CC(C)(C)C1=CC(=CC(=C1OC)C2=CC3=C(C=C2)C=C(C=C3)NS(=O)(=O)C)N4C=CC(=O)NC4=O,4652f7fcf4f083f56163ce8b46fb924d1f1efa772389c83ec7735bc0639bfe5b
DB09184,11186829,"{""11186829"": 22}",unique,COC1=C(C=C(C=C1)F)C[C@]([C@@H]2CNCCO2)(C3CCOCC3)O,89e87eea9852cc20a62be7ee646271e07a396b447269393eb668af64756b9707
DB09198,9826451,"{""9826451"": 9}",unique,CN(CCOC1=CC=C(C=C1)CC2C(=O)NC(=O)S2)C3=CC(=NC=N3)OC4=CC=C(C=C4)OC,70d265dac7b69498bee6feee09a8d8f1448dd3f027dbe87bfd3ab4cb3e96b9d5
DB09237,9822750,"{""9822750"": 2}",unique,CCOC(=O)C1=C(NC(=C([C@@H]1C2=CC=CC=C2Cl)C(=O)OC)C)COCCN,a832d8c0e7aa31651a94483227c0a407cb63aa882dfdc2bbe2f4a1d4929c62e6
DB09241,6099,"{""6099"": 8}",unique,CN(C)C1=CC2=C(C=C1)N=C3C=CC(=[N+](C)C)C=C3S2.[Cl-],9ff98eac6b863a35c7a823c750b5166a1160380257ac9d24b2a1024c194bde13
DB09242,4810,"{""4810"": 2}",unique,CC1=NC(=C(C(=N1)Cl)NC2=NCCN2)OC,415de62f8d66afa17040ec1f6278f27fc1366df689b2a9d736b773bd210d52e7
DB09255,,{},missing,,
DB09256,5386,"{""5386"": 9}",unique,C1CC(OC1)N2C=C(C(=O)NC2=O)F,d1dee87be3904f19dbec729b9c1c67daa08fb5f4c22dfe59855fdbd232205fed
DB09257,54679224,"{""54679224"": 2}",unique,C1=C(C(=CNC1=O)Cl)O,f5dcd1d57f14b97b837b4f9ccd04cfcfc4d40c153e807badef41811d567b156c
DB09263,,{},missing,,
DB09265,90472060,"{""90472060"": 17}",unique,CC[C@H](C)[C@@H](C(=O)N[C@@H](CCC(=O)O)C(=O)N[C@@H](CC1=CNC2=CC=CC=C21)C(=O)N[C@@H](CC(C)C)C(=O)N[C@@H](CCCCN)C(=O)N[C@@H](CC(=O)N)C(=O)NCC(=O)NCC(=O)N3CCC[C@H]3C(=O)N[C@@H](CO)C(=O)N[C@@H](CO)C(=O)NCC(=O)N[C@@H](C)C(=O)N4CCC[C@H]4C(=O)N5CCC[C@H]5C(=O)N[C@@H](CO)C(=O)N[C@@H](CCCCN)C(=O)N[C@@H](CCCCN)C(=O)N[C@@H](CCCCN)C(=O)N[C@@H](CCCCN)C(=O)N[C@@H](CCCCN)C(=O)N[C@@H](CCCCN)C(=O)N)NC(=O)[C@H](CC6=CC=CC=C6)NC(=O)[C@H](CC(C)C)NC(=O)[C@H](CCCNC(=N)N)NC(=O)[C@H](C(C)C)NC(=O)[C@H](C)NC(=O)[C@H](CCC(=O)O)NC(=O)[C@H](CCC(=O)O)NC(=O)[C@H](CCC(=O)O)NC(=O)[C@H](CCSC)NC(=O)[C@H](CCC(=O)N)NC(=O)[C@H](CCCCN)NC(=O)[C@H](CO)NC(=O)[C@H](CC(C)C)NC(=O)[C@H](CC(=O)O)NC(=O)[C@H](CO)NC(=O)[C@H]([C@@H](C)O)NC(=O)[C@H](CC7=CC=CC=C7)NC(=O)[C@H]([C@@H](C)O)NC(=O)CNC(=O)[C@H](CCC(=O)O)NC(=O)CNC(=O)[C@H](CC8=CNC=N8)N,181527d72b812e3a2dd37418dd72189373a5f21ff6ebb7a61c6feafbdb88372c
DB09274,6917864,"{""6917864"": 25}",unique,C[C@@H]1CC[C@H]2[C@H]([C@@H](O[C@H]3[C@@]24[C@H]1CC[C@](O3)(OO4)C)OC(=O)CCC(=O)O)C,f6f200bf50054620a6f3e0a5d911eb0cc80162a4c0b66446a805e1be4b2cd417
DB09275,118855609,"{""118855609"": 33, ""91886165"": 1}",ambiguous_resolved_by_frequency,C1C(=O)O[Bi](OC(=O)CC1(C(=O)[O-])O)OC(=O)C(CC(=O)[O-])(CC(=O)[O-])O.[K+].[K+].[K+],7b70118e12023ac78fe466d268bebabdf1b0f50a9a7d9faf10fb56ea06c086c1
DB09276,23985,"{""23985"": 1}",unique,[Au],b1521e0bc42d73ce03a0d88467751cd750279b323065ba1a0c85df2e66cb629a
DB09279,,{},missing,,
DB09280,16678941,"{""16678941"": 14}",unique,CC1=C(N=C(C=C1)NC(=O)C2(CC2)C3=CC4=C(C=C3)OC(O4)(F)F)C5=CC(=CC=C5)C(=O)O,c23d86f8196ed5e977a03f6e759664fa14d642eb0ef4c903502c80a5005abad2
DB09287,,{},missing,,
DB09289,68870,"{""68870"": 6}",unique,CN1C2=CC=CC=C2C(C3=C(S1(=O)=O)C=C(C=C3)Cl)NCCCCCCC(=O)O,a1e17f61c327e47f3e6ca8152490b855387bb9fca8003c7423f77f1fc36ee291
DB09291,10311306,"{""10311306"": 8}",unique,C[C@H](C1=CC(=CC(=C1)C(F)(F)F)C(F)(F)F)OC[C@]2(CC[C@]3(CCC(=O)N3)CN2)C4=CC=CC=C4,f6c71bcaad3122c53b274f3de4f53bf0b38c2039af3cdff5467733e97a19ca50
DB09296,54767916,"{""54767916"": 34}",unique,CC(C)[C@@H](C(=O)N1CCC[C@H]1C(=O)NC2=CC=C(C=C2)[C@@H]3CC[C@H](N3C4=CC=C(C=C4)C(C)(C)C)C5=CC=C(C=C5)NC(=O)[C@@H]6CCCN6C(=O)[C@H](C(C)C)NC(=O)OC)NC(=O)OC,2f3c3463e1df38c09a98af2d3ae0da1d854affde662d75d66a63a5aec6a06bbd
DB09297,68498031,"{""68498031"": 38}",unique,CC1=CN=C(C=N1)C(=O)N[C@H]2CCCCC/C=C\[C@H]3C[C@]3(NC(=O)[C@@H]4C[C@H](CN4C2=O)OC5=NC6=CC=CC=C6C7=CC=CC=C75)C(=O)NS(=O)(=O)C8CC8,95a428bb8aec4b76e6330a999ba15b5ee03d141e8f692bd864da7df6e2bc614b
DB09299,9574768,"{""9574768"": 7, ""71492247"": 5}",ambiguous_resolved_by_frequency,C[C@H](CN1C=NC2=C(N=CN=C21)N)OC[P@@](=O)(N[C@@H](C)C(=O)OC(C)C)OC3=CC=CC=C3,ae30dac250f61671553f0bbe274cd35f599da29302446de6cc7522b6fb3ff216
DB09300,6852391,"{""6852391"": 2}",unique,CCCC[N+]1([C@@H]2CC(C[C@H]1[C@H]3[C@@H]2O3)OC(=O)[C@H](CO)C4=CC=CC=C4)C.[Br-],2ebf1808d5160641d7ee589bac9fdd951360d805e84fd8337918f9a1d89afd87
DB09302,,{},missing,,
DB09303,,{},missing,,
DB09312,,{},missing,,
DB09313,3742,"{""3742"": 1, ""20055342"": 1, ""23688359"": 1}",ambiguous_resolved_by_frequency,CC(=O)N(C)C1=C(C(=C(C(=C1I)C(=O)NCC(=O)NC2=C(C(=C(C(=C2I)C(=O)O)I)C(=O)NCCO)I)I)C(=O)NC)I,2ed7e69e47d68573c195166ddc1f8d507b1dcd53401a3e5a9e0c948aff816e5e
DB09322,24424,"{""24424"": 3}",unique,[O-]S(=O)(=O)[O-].[Zn+2],0bf5af83bc69a0d17c42cfe21c8b2f086ec91098b3f4ea25acaa0562a872bb63
DB09327,104747,"{""104747"": 9}",unique,C1CC(OC1)N2C=C(C(=O)NC2=O)F.C1=CNC(=O)NC1=O,8c6d446bd598fe4b69621db56bdeef9b03a5fad451d3c32980eafafd9f0c0e6f
DB09330,71496458,"{""71496458"": 57}",unique,CN1C=C(C2=CC=CC=C21)C3=NC(=NC=C3)NC4=C(C=C(C(=C4)NC(=O)C=C)N(C)CCN(C)C)OC,08c3878115b2623bda66a98a478f32812479a8b6d079382605d69221d951343c
DB09331,,{},missing,,
DB09341,,{},missing,,
DB09357,131204,"{""131204"": 11}",unique,CC(C)(CO)[C@H](C(=O)NCCCO)O,7830c686a31dae132ac3b425aa0621e6f085625e705dfd20f2df3bba16d553c3
DB09393,,{},missing,,
DB09413,516951,"{""516951"": 8}",unique,OP(=O)(O)[O-].[K+],58c086d41272e312eed7744e285e6c6b3a6640dd99b90f3338bd164e5463e1be
DB09422,,{},missing,,
DB09447,,{},missing,,
DB09462,753,"{""753"": 3}",unique,C(C(CO)O)O,22abeaef25c4706622554e91cb9e211195b141eb969ff862c8f191c0fd8a14a2
DB09477,5462501,"{""5462501"": 4}",unique,C[C@@H](C(=O)N1CCC[C@H]1C(=O)O)N[C@@H](CCC2=CC=CC=C2)C(=O)O,1e3c6820c63c17806ef28285022474d32f76e9bd70c80d5d3d447738de6f2e93
DB09499,24477,"{""24477"": 12}",unique,[O-]S(=O)(=S)[O-].[Na+].[Na+],0f7538e74f70da8ecb9ace3c2ab06377e907664489777b6903a43ba4f43da07d
DB09539,,{},missing,,
DB09559,,{},missing,,
DB09564,,{},missing,,
DB09570,,{},missing,,
DB11058,,{},missing,,
DB11061,,{},missing,,
DB11074,6433516,"{""6433516"": 1}",unique,CO[Si](C)(C)O[Si](C)(C)C.O=[Si]=O,72aab5d3fc59891cd0ab472503df3d0552a5be1c1e0f347de994cc7dee637be9
DB11075,57503849,"{""57503849"": 8}",unique,CC(COC[C@@H]1[C@H]([C@@H]([C@H]([C@@H](O1)O[C@@H]2[C@H](O[C@H]([C@@H]([C@H]2OCC(C)O)OCC(C)O)OCC(C)O)COCC(C)O)OCC(C)O)OCC(C)O)OCC(C)O)O.COC[C@@H]1[C@H]([C@@H]([C@H]([C@@H](O1)O[C@@H]2[C@H](O[C@H]([C@@H]([C@H]2OC)OC)OC)COC)OC)OC)OC,d31f068a016703c93fe05011891313fda8ca8e7dd7553205d7b96a17bc5c086a
DB11077,,{},missing,,
DB11082,,{},missing,,
DB11126,9290,"{""9290"": 5}",unique,C([C@H]([C@H]([C@@H]([C@H](C(=O)[O-])O)O)O)O)O.C([C@H]([C@H]([C@@H]([C@H](C(=O)[O-])O)O)O)O)O.[Ca+2],d27c4ecf8e86c63b248867a3bd34aecf56bd84b14e32e1aa93171081d8b443f7
DB11127,24934,"{""24934"": 6}",unique,[O-][Se](=O)[O-].[Na+].[Na+],d82dd1fdd7d410cd35c7914988d5fb25b31a6e7502cf49f68c23b48b873fadbc
DB11157,2202,"{""2202"": 2}",unique,C1C2=C(C(=CC=C2)O)C(=O)C3=C1C=CC=C3O,c68f18c4a75d11a2d12224bd0261c58db63866cabd934c5ba4c74d50eb0542ad
DB11182,69439,"{""69439"": 2}",unique,C1=C2C(=C(C(=C1I)O)I)OC3=C(C(=C(C=C3C24C5=C(C(=C(C(=C5Cl)Cl)Cl)Cl)C(=O)O4)I)O)I,f1069e208b51ce753ee97a2cef59d6021d6baae5bc3727ab8c7164df40b988b2
DB11256,15341110,"{""15341110"": 2}",unique,CN1[C@H](CNC2=C1C(=O)N=C(N2)N)CNC3=CC=C(C=C3)C(=O)N[C@@H](CCC(=O)[O-])C(=O)[O-].[Ca+2],74bb533a87aeeafe1b08d7bdfcf7d1b25c2cb61639902499e48d1bdaefd25cb6
DB11311,,{},missing,,
DB11362,9913767,"{""9913767"": 8}",unique,CC(C)N(CCCCOCC(=O)NS(=O)(=O)C)C1=CN=C(C(=N1)C2=CC=CC=C2)C3=CC=CC=C3,ba23e7fc27a0f5a9130d5dc6446a0a06c9ccbf33f4448f20918f2deb13cb6dc9
DB11363,49806720,"{""49806720"": 12}",unique,CCC1=CC2=C(C=C1N3CCC(CC3)N4CCOCC4)C(C5=C(C2=O)C6=C(N5)C=C(C=C6)C#N)(C)C,0fd5246ae67b73de18abb599a84fe9534d6a8b79b73c5cb9c5a9405d5c3b791c
DB11385,77082,"{""77082"": 1}",unique,CN1C2=C(C=C(C=C2)N(CCCl)CCCl)N=C1CCCC(=O)O.Cl,e3d8dde83f24e1558e234ad575477bf86fdf0e0e56adfdc9f12516b3ab23005f
DB11428,68602,"{""68602"": 1}",unique,CC1=C(C(=CC=C1)C(C)C2=CN=CN2)C,4523f4888e9974bdca6b1aa17c033fded3e8027d5e2afd7a4bfc525707662aab
DB11431,9571036,"{""9571036"": 4}",unique,C[C@@H]\1C/C(=C/C[C@@H]2C[C@@H](C[C@@]3(O2)C/C(=N\OC)/[C@@H](C(O3)/C(=C/C(C)C)/C)C)OC(=O)[C@@H]4C=C([C@H]([C@@H]5[C@]4(/C(=C/C=C1)/CO5)O)O)C)/C,915554dc0b2859434e63718f8404190a0019cef729100a840e77b21e1943e016
DB11526,10074640,"{""10074640"": 9}",unique,CC1=C(C=C(C=C1)NC(=O)C2=CC=C(C=C2)CN3CCN(CC3)C)NC4=NC(=CS4)C5=CN=CC=C5,dce2508fe1b4aa9f0868bbf2af431eebd1bb815ef678d6b29e5d79d57b99246a
DB11560,53465279,"{""53465279"": 15}",unique,C1CC1C2=CC=C(C3=CC=CC=C23)N4C(=NN=C4Br)SCC(=O)O,b8134ae477c81957b20922f94c6604779e8bc17bf92bf6d3e65b75722184f8e6
DB11569,,{},missing,,
DB11574,71661251,"{""71661251"": 45}",unique,CC(C)[C@@H](C(=O)N1CCC[C@H]1C2=NC=C(N2)C3=CC4=C(C=C3)N5[C@@H](OC6=C(C5=C4)C=CC(=C6)C7=CN=C(N7)[C@@H]8CCCN8C(=O)[C@H](C(C)C)NC(=O)OC)C9=CC=CC=C9)NC(=O)OC,9cae7d13ec35919c715116527648532ecb77656dd7bfca440d84107c5a69a025
DB11575,44603531,"{""44603531"": 72}",unique,CC(C)(C)[C@H]1C(=O)N2C[C@@H](C[C@H]2C(=O)N[C@@]3(C[C@H]3C=C)C(=O)NS(=O)(=O)C4CC4)OC5=NC6=C(C=CC(=C6)OC)N=C5CCCCC[C@@H]7C[C@H]7OC(=O)N1,eed4ca2b06e851163edc1ee72a8c85ebb7364ae61059f83a9d5a891929aa85c6
DB11580,,{},missing,,
DB11581,49846579,"{""49846579"": 276}",unique,CC1(CCC(=C(C1)C2=CC=C(C=C2)Cl)CN3CCN(CC3)C4=CC(=C(C=C4)C(=O)NS(=O)(=O)C5=CC(=C(C=C5)NCC6CCOCC6)[N+](=O)[O-])OC7=CN=C8C(=C7)C=CN8)C,ef2ef7495883f06c310b30be7e76e633328b51c6ae0d17cdaf011b259ef8290f
DB11586,16076883,"{""16076883"": 33}",unique,CC(C)(C)[C@@H](C(=O)N1C[C@@H](C[C@H]1C(=O)N[C@@]2(C[C@H]2C=C)C(=O)NS(=O)(=O)C3CC3)OC4=NC=C(C5=C4C=C(C=C5)Cl)OC)NC(=O)OC(C)(C)C,2654a8004247c27907fa37d0d6dcce653cc25c4bc708e3146497130f6b872c67
DB11591,185460,"{""185460"": 1}",unique,CCOCCN1C2=CC=CC=C2N=C1C3CCN(CC3)CCC4=CC=C(C=C4)C(C)(C)C(=O)O,aeabf6fbaa76375bf981d81122b451948365bf880df58a00a1c1ee429f88d58a
DB11595,,{},missing,,
DB11596,149436,"{""149436"": 39, ""15150"": 2}",ambiguous_resolved_by_frequency,C1[C@@H](N(C2=C(N1)NC(=NC2=O)N)C=O)CNC3=CC=C(C=C3)C(=O)N[C@@H](CCC(=O)O)C(=O)O,b069538aef5ff3dc0d027cdbc68f79a20844786dd9e566c98cc6a450dfbb0600
DB11613,67683363,"{""67683363"": 2}",unique,C[C@H]1CC[C@H](N1C(=O)[C@H](C(C)C)NC(=O)OC)C2=NC3=C(N2)C=CC4=CC5=C(C=C43)OCC6=C5C=CC(=C6)C7=CN=C(N7)[C@@H]8C[C@@H](CN8C(=O)[C@@H](C9=CC=CC=C9)NC(=O)OC)COC,e1d9ad756e29a6f639a9b4a680d70cbf59361b252b53df0e0244b21bbdcb2347
DB11616,,{},missing,,
DB11617,42474,"{""42474"": 1}",unique,CC[C@]1(C[C@@H](C2=C(C3=C(C=C2[C@H]1C(=O)OC)C(=O)C4=C(C3=O)C(=CC=C4)O)O)O[C@H]5CC([C@@H]([C@@H](O5)C)O[C@H]6C[C@@H]([C@@H]([C@@H](O6)C)O[C@H]7CCC(=O)[C@@H](O7)C)O)N(C)C)O,43565e88da23e0e4a99637721fb3335bb9f02dec06ad17d9cab0a2665f821e99
DB11627,,{},missing,,
DB11632,76966913,"{""76966913"": 3}",unique,CC1=C(C(=[N+](C(=C1Cl)C)[O-])Cl)C2=N/C(=C/3\C=C(C(=O)C(=C3)O)[N+](=O)[O-])/ON2,93147231aa698f7e564dbbc397474764c24628bb40f161f089c852f08ab6591a
DB11633,6918485,"{""6918485"": 19}",unique,C[C@@H](C1=NC(=CS1)C2=CC=C(C=C2)C#N)[C@](CN3C=NC=N3)(C4=C(C=CC(=C4)F)F)O,a66800a3c8c9f017d809707ceaf1fb85b5ba963befe613abb97a83789f2eb546
DB11637,6480466,"{""6480466"": 17}",unique,C[C@@]1(CN2C=C(N=C2O1)[N+](=O)[O-])COC3=CC=C(C=C3)N4CCC(CC4)OC5=CC=C(C=C5)OC(F)(F)F,b6cbe79018ec737be8471333feb190bc12f888d2016f1a6153f1f7501031d95d
DB11641,6918295,"{""6918295"": 13}",unique,CC[C@@]12C=CCN3[C@@H]1[C@]4(CC3)[C@H]([C@]([C@@H]2OC(=O)C)(C(=O)OC)O)N(C5=CC(=C(C=C45)[C@]6(C[C@H]7C[C@H](CN(C7)CC8=C6NC9=CC=CC=C89)C(C)(F)F)C(=O)OC)OC)C,2ad07ee8cb7cb4f9595573c14981619a98aa1fb437e8516095e3f32c93f7f5c1
DB11646,,{},missing,,
DB11648,57826797,"{""57826797"": 18}",unique,CN1C(=C(C=N1)Cl)C2=C(SC(=C2)C(=O)N[C@@H](CC3=CC(=C(C=C3)F)F)CN)Cl,7314b78e2974e53729040b8c046c79686149b85bc2bc49e954f04a1d2f279351
DB11652,51039094,"{""51039094"": 45}",unique,CC1=C(C=CC(=C1)NC2=NC=NC3=C2C=C(C=C3)NC4=NC(CO4)(C)C)OC5=CC6=NC=NN6C=C5,6aea43e0d616eb53171e05d33b7ae0f3e67edf2c60b748fa4169b8013f96b0be
DB11655,49836058,"{""49836058"": 11}",unique,CC1=CC(=C2C(=C1)[C@H](CCCN2CC3CCC(CC3)C(=O)O)N(CC4=CC(=CC(=C4)C(F)(F)F)C(F)(F)F)C5=NN(N=N5)C)C,bba5c0ea968ae9630717f22b35c9605f3d99dce0763a9892e14747373a43b248
DB11656,5042,"{""5042"": 3}",unique,C1=CC=C2C(=C1)C(=CC(=O)N2)CC(C(=O)O)NC(=O)C3=CC=C(C=C3)Cl,d7bbcb2688926fe9edb1b9f219c710ecbbbebf5cca3f05b803cb6f8e4f02ebd6
DB11657,,{},missing,,
DB11663,17755052,"{""17755052"": 49}",unique,CS(=O)(=O)N1CCN(CC1)CC2=CC3=C(S2)C(=NC(=N3)C4=C5C=NNC5=CC=C4)N6CCOCC6,ababd3464e59c938b3e75558fd0091ceb60bed28beb2586710076d7430189528
DB11665,11349170,"{""11349170"": 1}",unique,COC1=CC=CC(=C1)NC2=NC=NN3C2=C(C=C3)CN4CC[C@H]([C@@H](C4)O)N,ca4fd6871ed7671163e4c502039fec7e00f32a88c870ad4535da283584d3fd57
DB11666,16654980,"{""16654980"": 39}",unique,C1COCCN1C2=NC(=NC(=C2)C3=CN=C(C=C3C(F)(F)F)N)N4CCOCC4,f46756bfeaa55579039f89dd3e63baf40e4702cca37cb393c4484bd48c6dcd63
DB11672,969516,"{""969516"": 14}",unique,COC1=C(C=CC(=C1)/C=C/C(=O)CC(=O)/C=C/C2=CC(=C(C=C2)O)OC)O,f4e230bc09df393f59c0b3a63cc7aaa803e913772adf9e27de45ded477586578
DB11678,9296,"{""9296"": 7}",unique,CS(=O)(=O)OCC(C(COS(=O)(=O)C)O)O,abe109d64b84dfe7d1cef11b2c626867479c8002a1736cbea94cb72223552022
DB11679,44480399,"{""44480399"": 8}",unique,CC1=C(C2=C(O1)C=C(C=C2)OC3=NC=NC4=CC(=C(C=C43)OC)OC)C(=O)NC,6e566f39405c6d0bf735bb137ceef8ba55d775e78e9c48b89c41bc872dee1af8
DB11680,,{},missing,,
DB11684,52918385,"{""52918385"": 3}",unique,COCC1(C(=O)C2CCN1CC2)CO,6637acf51a648f58ca3fe8e100390618841d6b32a1b722d8ee5daef81979d3ea
DB11685,,{},missing,,
DB11689,10127622,"{""10127622"": 62}",unique,CN1C=NC2=C1C=C(C(=C2F)NC3=C(C=C(C=C3)Br)Cl)C(=O)NOCCO,62fbecc348bd873018e3b0ffcac25fea6e98ba69cd5f8a9fffc34c1783d22e7a
DB11693,6918486,"{""6918486"": 2}",unique,CC[C@H]1C(=O)N(CC(=O)N([C@H](C(=O)N[C@H](C(=O)N([C@H](C(=O)N[C@H](C(=O)N[C@@H](C(=O)N([C@H](C(=O)N([C@H](C(=O)N([C@H](C(=O)N([C@H](C(=O)N1)[C@@H]([C@H](C)C/C=C/C=C)O)C)C(C)C)C)CC(C)C)C)CC(C)C)C)C)C)CC(C)C)C)C(C)C)CC(C)C)C)C,49058fed5940da6cbad71ee202102fc32e08f28391fd02218e5330a49b4771dc
DB11697,46216796,"{""46216796"": 14}",unique,C1CCN(C1)CCOC2=C3COC/C=C/COCC4=CC(=CC=C4)C5=NC(=NC=C5)NC(=C3)C=C2,b871df853bbe831d86773a35c5deea6ba97f079d5ab3fd544393f52e36c51dae
DB11698,10453870,"{""10453870"": 17}",unique,C1=CC=C2C(=C1)C=C(S2)CC3=C(C=CC(=C3)[C@H]4[C@@H]([C@H]([C@@H]([C@H](O4)CO)O)O)O)F,791efc1059f95acdcbee4a710ec29b7a5264c8bf5b7b1d330459ab719dc81900
DB11699,72165,"{""72165"": 3}",unique,CN1[C@H]2CC[C@H]1CC(C2)OC(=O)C3=CNC4=CC=CC=C43,232065172369fe5a3a20d09b531aab758a63c2ecf61bc5ebc48a7a7ed19fd0ff
DB11703,71226662,"{""71226662"": 77}",unique,CC#CC(=O)N1CCC[C@H]1C2=NC(=C3N2C=CN=C3N)C4=CC=C(C=C4)C(=O)NC5=CC=CC=N5,f5b6b3e3442e0f19b756c013f1eca5dfa65b2ce6cbb33623cbac6958134f6296
DB11708,57928403,"{""57928403"": 10}",unique,C1[C@@H]2CC3(C[C@@H](C2NC4=C5C=CNC5=NC=C4C(=O)N)CC1C3)O,858ec97d5ae79157296928bba17a15a42c4a4a9075e184c924a544d7df29e133
DB11712,46199646,"{""46199646"": 2}",unique,CC(C)(CO)C1=CC2=CC(=C(C=C2N1C[C@H](CO)O)F)NC(=O)C3(CC3)C4=CC5=C(C=C4)OC(O5)(F)F,d1a1098e712221030769dab3c89ba0607c245e10f0c1e1f5ce963ef98b867e24
DB11713,91936863,"{""91936863"": 27}",unique,CC(C)[C@@H](C(=O)N1CCC[C@H]1C2=NC=C(N2)C3=CC4=C(C=C3)N5[C@@H](OC6=C(C5=C4)C(=CC(=C6)C7=CN=C(N7)[C@@H]8CCCN8C(=O)[C@H](C(C)C)NC(=O)OC)F)C9=CN=C(S9)C1CC1)NC(=O)OC,937e08accd8cc961009b7f80b537334b654f3a55730f69cbcf380100379c0dc2
DB11714,,{},missing,,
DB11717,44608567,"{""44608567"": 50}",unique,C1=CC(=C(C=C1N/C(=C\2/C(=NON2)NCCNS(=O)(=O)N)/N=O)Br)F,dadff3aa0379d7adf9383d0a6814f07e8bb6c9499a8f5c0fb3a4765d59818e70
DB11718,50922675,"{""50922675"": 40}",unique,C[C@@H](CNC1=NC=CC(=N1)C2=CN(N=C2C3=C(C(=CC(=C3)Cl)NS(=O)(=O)C)F)C(C)C)NC(=O)OC,e2304dabb2fa039ed2d2dd07819c1e2759875051e36e38c8dc534212169dbdab
DB11723,11253490,"{""11253490"": 1}",unique,B([C@@H]1CCCN1C(=O)CN[C@@H]2CCNC2)(O)O,7f055c461b8abd521a0bb53db7cec1b5a98c5dd97c4c2d405d2486484fb80837
DB11725,197033,"{""197033"": 2}",unique,CC1=CC2=C(C=C1)N(C3=C2CN(CC3)C)CCC4=CN=C(C=C4)C,a5004f84c4963417ea55cfca4094f92ab7e7092e36c7158d7cbf4bfcb1e08010
DB11730,44631912,"{""44631912"": 108, ""57334219"": 1}",ambiguous_resolved_by_frequency,CN(C)C(=O)C1=CC2=CN=C(N=C2N1C3CCCC3)NC4=NC=C(C=C4)N5CCNCC5,d4a97d7f135310bc31629fc140d3aa824299ed09fc5989dbdfab619b6295ea77
DB11737,22024915,"{""22024915"": 12, ""44609731"": 1}",ambiguous_resolved_by_frequency,C#CC1=CC(=CC=C1)NC2=NC=NC3=CC4=C(C=C32)OCCOCCOCCO4,0d906998a21d3c3910716808928a1e23e8a7dc7e4b705d54bb72c7880a71fe1e
DB11739,15981397,"{""15981397"": 21}",unique,CNCC1=CN(C(=C1)C2=CC=CC=C2F)S(=O)(=O)C3=CN=CC=C3,60dba2b6f55b281def172d39fa7f6ba8065c12f4d8dcbdbdc9c493febed46e68
DB11740,24856436,"{""24856436"": 51}",unique,CC(C)(C1=NC(=CC=C1)N2C3=NC(=NC=C3C(=O)N2CC=C)NC4=CC=C(C=C4)N5CCN(CC5)C)O,9a1e353707171df1642fa47e1167b9007f3fc3c3642044faf161d1cd117834be
DB11741,16662431,"{""16662431"": 8}",unique,CCN(CC)CCN1CCC2=C(C1=O)C(=C(N2)/C=C\3/C4=C(C=CC(=C4)F)NC3=O)C,c48e326b1d4e05387eb07e8a23668dd41bd088c4987f64674e2724cc707ed981
DB11743,24788740,"{""24788740"": 19}",unique,C[C@@H]1C[C@H](C2=C1C(=NC=N2)N3CCN(CC3)C(=O)[C@H](CNC(C)C)C4=CC=C(C=C4)Cl)O,51c3aeed0ceab23f400225cf13bc32792bc08f04c2af039befe2cb023264d1b3
DB11746,,{},missing,,
DB11752,5280757,"{""5280757"": 7}",unique,CCC/C=C/C=C/C(=O)O[C@H]1/C(=C/C(=O)OC)/C[C@H]2C[C@@H](OC(=O)C[C@@H](C[C@@H]3C[C@@H](C([C@@](O3)(C[C@@H]4C/C(=C/C(=O)OC)/C[C@@H](O4)/C=C/C([C@@]1(O2)O)(C)C)O)(C)C)OC(=O)C)O)[C@@H](C)O,f3f9948b119f5ec2f4f6c65869d002f67a6434372f1d46f7299695c304e83085
DB11754,,{},missing,,
DB11757,5311037,"{""5311037"": 1}",unique,CCN1C2=C(C(=O)N(C1=O)CC)N(C(=N2)/C=C/C3=CC(=C(C=C3)OC)OC)C,c3a8708bd8fb6fb14d990c88c6e3f4f01049af14796a446de235b8b129172963
DB11759,,{},missing,,
DB11760,44819241,"{""44819241"": 64}",unique,CN1C(=NC=N1)[C@@H]2[C@H](N=C3C=C(C=C4C3=C2NNC4=O)F)C5=CC=C(C=C5)F,edec53c0976dc4b8ad2b06305d9f456a00f8034a8dfb2cf005ddb66532ba2010
DB11762,11347535,"{""11347535"": 8}",unique,C[C@]12[C@H](C(=O)N[C@]1(C(=O)O2)[C@H]([C@H]3CCCC=C3)O)CCCl,8a6b9e077a5c947047c319adbb488a3433182ef4cb506b4ec3cdb2d7e2e867e4
DB11767,,{},missing,,
DB11770,68770,"{""68770"": 7}",unique,CC(C)(C)NCC(COC1=CC=C(C=C1)NC(=O)NC2CCCCC2)O,f872bc49ff4f41343c630bf012568f6c2e0403eb07602b7384da5eaa943f8c92
DB11771,,{},missing,,
DB11772,1893730,"{""1893730"": 4}",unique,CC1=CC=C(C=C1)S(=O)(=O)NC2=NC3=CC=CC=C3N=C2NC4=CC5=NSN=C5C=C4,6740669b12912b6791a05288852031f3d67e192b7ed7c1f7b219fe2083edf0fa
DB11776,,{},missing,,
DB11779,11285588,"{""11285588"": 46}",unique,CC(C)(C)OC(=O)N[C@H]1CCCCC/C=C\[C@@H]2C[C@]2(NC(=O)[C@@H]3C[C@H](CN3C1=O)OC(=O)N4CC5=C(C4)C(=CC=C5)F)C(=O)NS(=O)(=O)C6CC6,5f3b50fc7dc7487b43138ddfd98ddbf0486bf7bba0bd20948a973338c0a312e9
DB11781,15547703,"{""15547703"": 2}",unique,CC(C)C[C@H]([C@@H](C(=O)NO)O)C(=O)N[C@@H](C1=CC=CC=C1)C(=O)OC2CCCC2,94c84ab994525fa52c2e53c92215e0da9f84f387242d72bc22257c1a28b3c347
DB11782,49836020,"{""49836020"": 5}",unique,CC[C@@H](C(=O)N1C[C@H](C[C@H]1CC2=C(NC3=C2C=CC(=C3)F)C4=C(C5=C(N4)C=C(C=C5)F)C[C@@H]6C[C@@H](CN6C(=O)[C@H](CC)NC(=O)[C@H](C)NC)O)O)NC(=O)[C@H](C)NC,26eb10e6857d999f849289feb26809c8a0c42ade1775399655a9b4c2b26ae914
DB11787,11539025,"{""11539025"": 7}",unique,CC(C)(C)CN1C2=C(C=CC(=N2)C3=C(N=C(N3)C(C)(C)C)C4=CC=C(C=C4)F)N=C1N,bd6b743effedee3292234d1e04a60ebd41e6c96e8460e234a8c334decba136fc
DB11788,,{},missing,,
DB11791,25145656,"{""25145656"": 30}",unique,CNC(=O)C1=C(C=C(C=C1)C2=NN3C(=CN=C3N=C2)CC4=CC5=C(C=C4)N=CC=C5)F,a491e7ac32c7490f7a86849ba009bc98404e137a30a8b3cf4403992fcfaad8eb
DB11793,24958200,"{""24958200"": 88}",unique,C1C[C@H](CNC1)C2=CC=C(C=C2)N3C=C4C=CC=C(C4=N3)C(=O)N,e78390133a96481902d4f2bc5c201b1b2c1da8f5bd212c594141331c712be145
DB11794,59472121,"{""59472121"": 10}",unique,CC(C)S(=O)(=O)C1=CC=C(C=C1)C2=CN=C(C(=N2)C3=CC(=NO3)C4=CC=C(C=C4)CNC)N,c5c276d518f883caff76a6f457830b595aded29571fda3c84da890f1be0c79f2
DB11800,9911830,"{""9911830"": 13}",unique,CC1=CC(=NO1)NC(=O)NC2=C(C=C(C=C2)OC3=C4C=C(C(=CC4=NC=C3)OC)OC)Cl,e01627175a0e6f3c3d1acefc0d0654116d66837fe358bace49eb3b3c471aedb3
DB11803,,{},missing,,
DB11805,10302451,"{""10302451"": 33}",unique,CN1CCN(CC1)CCOC2=CC3=C(C(=C2)OC4CCOCC4)C(=NC=N3)NC5=C(C=CC6=C5OCO6)Cl,a40135d15379d6f44b5b35877b079a957ec707203f138cfbe226fba0b33c1aee
DB11808,42601552,"{""42601552"": 18}",unique,CC(C)C(=O)NC1=NC(=CS1)C2=NC3=C(C=CC(=C3Br)OC)C(=C2)O[C@@H]4C[C@H](N(C4)C(=O)[C@H](C(C)(C)C)NC(=O)OC5CCCC5)C(=O)N[C@@]6(C[C@H]6C=C)C(=O)O,228c3f97b4d7ab9f5daf36b6d5fecb8e3a1258d0acb831b26330d77af0901c34
DB11811,12082259,"{""12082259"": 7}",unique,CC(=O)NCCOC(=O)[C@@H](C1=CC=C(C=C1)Cl)OC2=CC=CC(=C2)C(F)(F)F,4f73060d9388cfc8b2e530d505c8cea82e384d05eec01b1c19c96f861c91b799
DB11815,,{},missing,,
DB11817,44205240,"{""44205240"": 33}",unique,CCS(=O)(=O)N1CC(C1)(CC#N)N2C=C(C=N2)C3=C4C=CNC4=NC=N3,b10506dcfc4257e7aa040625afa2c892230c5119c2d7d3958cc05988cbd3c6e2
DB11820,6842999,"{""6842999"": 2}",unique,CC1CS(=O)(=O)CCN1/N=C/C2=CC=C(O2)[N+](=O)[O-],a24b8fed8a9b57f6f5a0000060acbbbd26eea0c0bd01ee78c82f8f9ebff83562
DB11823,182137,"{""182137"": 22}",unique,CN[C@@]1(CCCCC1=O)C2=CC=CC=C2Cl,0eb39e4dfab92b911187a79ee8f3c9ac5cbbd8ba6b2412767331e6a0a90e9c8f
DB11824,46908929,"{""46908929"": 3}",unique,CCC1=CC=C(C=C1)CC2=CC3=C(CO[C@@]34[C@@H]([C@H]([C@@H]([C@H](O4)CO)O)O)O)C=C2,c4a1de026e4f12672554432d45dddf7b445d5f4ef04ceace162b9c33fca0380f
DB11827,44814423,"{""44814423"": 14}",unique,CCOC1=CC=C(C=C1)CC2=C(C=CC(=C2)[C@@]34[C@@H]([C@H]([C@@H]([C@@](O3)(CO4)CO)O)O)O)Cl,4848614670b539c059154b469660770d8563cd1a2b0b38374153e6f4011c1d5b
DB11828,9915743,"{""9915743"": 81}",unique,CCOC1=C(C=C2C(=C1)N=CC(=C2NC3=CC(=C(C=C3)OCC4=CC=CC=N4)Cl)C#N)NC(=O)/C=C/CN(C)C,42a7031aca09f8256c95abb3624faf07b8037ae8782e3b107b659db6bed94469
DB11830,9865515,"{""9865515"": 7}",unique,C1=CC=C(C(=C1)N)NC(=O)C2=CC=C(C=C2)CNC3=NC=CC(=N3)C4=CN=CC=C4,c6873cdfa036a5512bcadc1b406df4f26104392d13626175292c2971ace94f6c
DB11832,10366136,"{""10366136"": 8, ""18435899"": 2}",ambiguous_resolved_by_frequency,CC1(COC1)COC2=CC3=C(C=C2)N(C=N3)C4=NC5=C(C=CC=C5N6CCC(CC6)N)C=C4,a496d85c4018b63b8ea6631a813bd7ecd2daca87912e78440507f4e0c8f9216c
DB11834,,{},missing,,
DB11836,45375953,"{""45375953"": 27}",unique,CC(C)N1C2=NC=NC(=C2C(=N1)C3=CC4=C(C=C3)OC(=N4)N)N,b37a9b937a6d778c80db8721ba25f4d8b618a1b3c346ff2987248e7cc98990b0
DB11840,,{},missing,,
DB11841,4261,"{""4261"": 40}",unique,C1=CC=C(C(=C1)N)NC(=O)C2=CC=C(C=C2)CNC(=O)OCC3=CN=CC=C3,f82fce599fcd18de744c3fba7b9cb5b5828c6c77f02d83b04c6a30f5b9b9e665
DB11842,,{},missing,,
DB11843,49853967,"{""49853967"": 9}",unique,CC(C)S(=O)(=O)N[C@H]1COC[C@H]1OC2=CC=C(C=C2)C3=CC=C(S3)C#N,e13366333e8ff3653fd4bfd7457688adcf8d9a737bf2a7498b0a5831a8d968b8
DB11845,25031915,"{""25031915"": 7}",unique,CNC(=O)C1=CC=CC2=C1C=CC(=C2)OC3=C4C=C(C(=CC4=NC=C3)OCC5(CC5)N)OC,a86ab3b49438b45f7732a7ee1129b6fd58f48ef9e8ee55746e9715fd8b759627
DB11849,,{},missing,,
DB11850,,{},missing,,
DB11853,10348973,"{""10348973"": 13}",unique,CN(C)CC1=C(SC2=C1C(=O)N(C(=O)N2CC3=C(C=CC=C3F)F)C4=NN=C(C=C4)OC)C5=CC=C(C=C5)NC(=O)NOC,35ef84430ee6a28ffa797cc7fe20f5e332508303dbaade6d013f3d754f6ecefb
DB11855,11753673,"{""11753673"": 10}",unique,CN(CCN1CCC(CC1)OC(=O)NC2=CC=CC=C2C3=CC=CC=C3)C(=O)C4=CC=C(C=C4)CN5CCC(CC5)C(=O)N,1384f2bdb921aa3eda4258e922603529a80c318d3209ca171e1732569a83f39f
DB11857,,{},missing,,
DB11861,,{},missing,,
DB11864,10117987,"{""10117987"": 5}",unique,COCCOC1=CC=C(C=C1)N2CCN(CC2)CCN3C4=C(C=N3)C5=NC(=NN5C(=N4)N)C6=CC=CO6,2fb4574d8710c312241a3e194d730414c6f2e773ff2ac6ef58b25cdd4e798a7f
DB11866,,{},missing,,
DB11869,5281884,"{""5281884"": 1}",unique,C/C=C/C[C@@H](C)C(=O)[C@H]1C(=O)N[C@H](C(=O)N(CC(=O)N([C@H](C(=O)N[C@H](C(=O)N([C@H](C(=O)N[C@H](C(=O)N[C@@H](C(=O)N([C@H](C(=O)N([C@H](C(=O)N([C@H](C(=O)N1C)C(C)C)C)CC(C)C)C)CC(C)C)C)C)C)CC(C)C)C)C(C)C)CC(C)C)C)C)C(C)C,dfec0b947a1d4a10e7ec95542058217e0bee8504c94b8d2c8c4272d0d2db0c60
DB11873,54767229,"{""54767229"": 10}",unique,CC(C)(C(=O)O)SC1=C(C=NC=C1)C2=CC=C(C3=CC=CC=C32)C#N,6a7cf037fda358c01d3f9a239dc49a161896e8a1cb88ad9995162968bcca893f
DB11881,,{},missing,,
DB11884,,{},missing,,
DB11885,25017411,"{""25017411"": 41}",unique,CC1=CC2=C(N1)C=CC(=C2F)OC3=C4C=C(C(=CC4=NC=C3)OCC5(CC5)N)OC,0446e350b30c91e8bdcf6519fe816a2c8d1a1b4a48c531a3b45642042e57b02a
DB11890,176873,"{""176873"": 12}",unique,CC(C)[C@H]1C(=O)N[C@H](C(=O)NCC(=O)N[C@H](C(=O)N[C@@H](C(=O)N1C)CC2=CC=CC=C2)CC(=O)O)CCCN=C(N)N,1ba55e8f630e8e2918d5360ae6164e771059a904acc652e8bbb956d52889b4b1
DB11891,54575456,"{""54575456"": 3}",unique,CN(CC1=CC2=C(S1)C(=NC(=N2)C3=CN=C(C=C3)OC)N4CCOCC4)C5=NC=C(C=N5)C(=O)NO,417ba3f16b08c8c0e598f1cad5bb1cb7b18e8da11b119503eafb3e551f279d90
DB11893,46883536,"{""46883536"": 4}",unique,C1=CC(=CC=C1S(=O)(=O)N(CC2=C(C=C(C=C2)C3=NOC=N3)F)[C@H](CCC(F)(F)F)C(=O)N)Cl,340fa2104d10b70f2fca01f5023e9b78363f4e3882abf74c445cf26dd8fdc4b8
DB11894,9832447,"{""9832447"": 1}",unique,CC1=CC(=CC(=C1N)C)OC2=CC3=C(C=C2)N=C(N3C)COC4=CC=C(C=C4)CC5C(=O)NC(=O)S5,6680796a16cb9aafb67177e500329899dcb39dbc11afba90375b5f5c6e7a4e76
DB11895,71728433,"{""71728433"": 3}",unique,C[C@@H](C(=O)N[C@@H](CCCCN)C(=O)N[C@@H](CC(C)C)C(=O)N[C@@H](CCC(=O)N)C(=O)N1CCC[C@H]1C(=O)N[C@@H](CCCNC(=N)N)C(=O)O)NC(=O)[C@@H]2CCCN2C(=O)[C@@H]3CCCN3C(=O)[C@H](CCCCN)NC(=O)[C@H](CCCCN)NC(=O)[C@H](CO)NC(=O)[C@H](CCC(=O)O)NC(=O)[C@H](CCCCN)NC(=O)[C@H](CCCNC(=N)N)NC(=O)[C@H](CCC(=O)N)NC(=O)[C@H](CCC(=O)N)NC(=O)[C@H](C(C)C)NC(=O)[C@H](CCCNC(=N)N)NC(=O)[C@H](CCC(=O)N)NC(=O)[C@H](CC4=CNC=N4)NC(=O)[C@H](CCC(=O)O)NC(=O)[C@@H]5CCCN5C(=O)[C@H](CO)NC(=O)[C@H](CC(C)C)NC(=O)[C@H](CC6=CC=CC=C6)NC(=O)[C@H](CO)NC(=O)[C@H](CO)NC(=O)CN,37bd328276ba7f245bd897bb1f960d8021a3ad43441f9b032513e7d2003a252e
DB11896,44516953,"{""44516953"": 25}",unique,CN(C)C1CCN(CC1)C(=O)C2=CC=C(C=C2)NC(=O)NC3=CC=C(C=C3)C4=NC(=NC(=N4)N5CCOCC5)N6CCOCC6,6732994ebc1cef22b9dc669a97774ad2c442dbd80b8ab1186642bafa02dc1366
DB11899,16224745,"{""16224745"": 10}",unique,CN1C=C(C=N1)C2=C3N=C(C(=C(N3N=C2)N)Br)C4CCCNC4,e26f6398841e8498c11166437f20787fcd9d8cf67499801379cd55201bb7181e
DB11901,24872560,"{""24872560"": 41}",unique,CNC(=O)C1=C(C=C(C=C1)N2C(=S)N(C(=O)C23CCC3)C4=CC(=C(N=C4)C#N)C(F)(F)F)F,97d386b2b9b363797bd627d5849455672dc209e2a6b55d816abd8ac9f10ae4ff
DB11902,9892860,"{""9892860"": 1}",unique,CCC1=C2C(=NN1CCOC)C(=O)N=C(N2)C3=C(N=CC(=C3)S(=O)(=O)N4CCN(CC4)CC)OCC,90383931c0333cf703d751d4ca6766c872f60e23d52441eb68638c1f2a014f00
DB11906,16137348,"{""16137348"": 13}",unique,C[C@H](C(=O)N)NC(=O)[C@@H]1CCCN1C(=O)[C@H](CCCCNC(C)C)NC(=O)[C@H](CC(C)C)NC(=O)[C@@H](CC2=CC=C(C=C2)NC(=O)C)NC(=O)[C@H](CC3=CC=C(C=C3)NC(=O)C)NC(=O)[C@H](CO)NC(=O)[C@@H](CC4=CN=CC=C4)NC(=O)[C@@H](CC5=CC=C(C=C5)Cl)NC(=O)[C@@H](CC6=CC7=CC=CC=C7C=C6)NC(=O)C,8c92dddb7b9420e74ed2f8c84c08e242887b576911cd19d3d5fc0b4940317f20
DB11907,57335384,"{""57335384"": 2}",unique,CC(=O)N1CCN(CC1)C2=CC(=C(C=C2)NC3=NC=C(C(=N3)NC4=CC(=CC=C4)NC(=O)C=C)C(F)(F)F)OC,3c0022aed640817aed3a9ef8ed4e7112567f8ed344b3a2b57086f97a8dbd7a13
DB11910,11697697,"{""11697697"": 24}",unique,CC1=NC2=CC=CC(=C2C(=O)N1C3=CC=C(C=C3)OCCCN4CCCC4)C(F)(F)F,9d5cc15cb00390e160d780e9131bab9a5c768caad49d28f4a1875e57aa856292
DB11911,10090485,"{""10090485"": 23}",unique,CC1=NC(=CC=C1)C2=NN3CCCC3=C2C4=C5C=C(C=CC5=NC=C4)C(=O)N,6c0b1aaa83e79bd9711a9168c6fb958427fc122c6504fe7b6c9d3cdef230ff31
DB11913,10029385,"{""10029385"": 3}",unique,C1CCN(CC1)C(=O)N2CCN3C=C(C4=CC(=CC(=C43)C2)F)C5=C(C(=O)NC5=O)C6=CN=C7N6C=CC=C7,2f5dde6aca068f6e74b1dff8a65a98eacef1ea865a2ed1166190f7aae888856c
DB11914,,{},missing,,
DB11918,71587872,"{""71587872"": 14}",unique,C1[C@@H]([C@H](O[C@H]1N2C=NC3=C2NC(=NC3=O)N)COP(=O)(O)O[C@H]4C[C@@H](O[C@@H]4CO)N5C=NC(=NC5=O)N)O,f252b476e3b40c0992938ae3292087a81102be4e78e515a82c2e8468071298a0
DB11919,,{},missing,,
DB11920,16686147,"{""16686147"": 2}",unique,C([C@H](CP(=O)O)F)N,c3f687aa009ac13f3410a78e223ceed7b456e29ff0aca1a4f91b79c560491c4a
DB11925,25262792,"{""25262792"": 5, ""24946280"": 1}",ambiguous_resolved_by_frequency,C[C@H]1COCCN1C2=NC(=NC3=C2C=CC(=N3)C4=CC(=CC=C4)C(=O)NC)N5CCOC[C@@H]5C,00e015579197082486040e8dc758e51fbfc5aa5f89542971c13819a30e0d636e
DB11929,24765256,"{""24765256"": 21}",unique,CC[C@@H]1C[C@@]1(C(=O)NS(=O)(=O)C2CC2)NC(=O)[C@@H]3C[C@@H]4CN3C(=O)[C@@H](NC(=O)OCC(CCCCC5=C6CN(CC6=CC=C5)C(=O)O4)(C)C)C(C)(C)C,6a246b61c6f518e060b06246f3514b0f068d83e88330f90d48b56ab1c5ec70b6
DB11936,10472693,"{""10472693"": 5}",unique,CC(C)(CCCCCC(CCCCCC(C)(C)C(=O)O)O)C(=O)O,740170c7fdd9da8b6880d4cda43ff4d420557ee1f3faa5af5133ad54dfe47fff
DB11940,,{},missing,,
DB11941,10160238,"{""10160238"": 10}",unique,C1=CC(=C(C=C1Cl)Cl)C(=O)NS(=O)(=O)C2=CC=C(S2)Br,0f9d1b2bdc70094c9a49e5363b3583b57a1e181714a1082c9ab320c712a32f4e
DB11942,71481097,"{""71481097"": 97}",unique,C1=CN=C(C=N1)NNC(=O)/C=C\N2C=NC(=N2)C3=CC(=CC(=C3)C(F)(F)F)C(F)(F)F,b4ab01974fca369239f57dbe38b831d51070352bc92ce9f76188b42e3249aa67
DB11945,,{},missing,,
DB11950,11949652,"{""11949652"": 4}",unique,CC1=NN(C(=C1)N2CCN(CC2)[C@H]3C[C@H](NC3)C(=O)N4CCSC4)C5=CC=CC=C5,d81601c183e814d0fd59fcf9cf897112d92e4b2e0a626b27d18ac9cd05fc19aa
DB11952,50905713,"{""50905713"": 21}",unique,C[C@@H](C1=CC2=C(C(=CC=C2)Cl)C(=O)N1C3=CC=CC=C3)NC4=NC=NC5=C4NC=N5,12ebc59be9393fe715047b36a1e57394d766a12b05d53d9123dc382d1eca4aca
DB11958,11234052,"{""11234052"": 7}",unique,CC1=CC2=C(N1)C=CC(=C2F)OC3=NC=NN4C3=C(C(=C4)OC[C@@H](C)O)C,646caa290713578077ac0f39f2e5e06426d078dd94ff068e4864a81cd553ec92
DB11963,11511120,"{""11511120"": 9}",unique,COC1=C(C=C2C(=C1)N=CN=C2NC3=CC(=C(C=C3)F)Cl)NC(=O)/C=C/CN4CCCCC4,76b0774ee2ba4157ba5717cad75b2c146b105899cb273960d88b9c95f42bbdfb
DB11964,214351,"{""214351"": 15}",unique,CC1=C(C=CN=C1CS(=O)C2=NC3=C(N2)C=C(C=C3)N4C=CC=C4)OC,cde3a3e477fe8513366e06115f25fa57320bcad7023fe605e0ad6e79b2b780b4
DB11967,10288191,"{""10288191"": 76}",unique,CN1C=NC2=C1C=C(C(=C2F)NC3=C(C=C(C=C3)Br)F)C(=O)NOCCO,8b0638da42fc039fcbb69d47bfc4606142e8ab9bf1b8c4108a1ee103521640ec
DB11972,,{},missing,,
DB11978,25166913,"{""25166913"": 17}",unique,CN1CC[C@H](C[C@@H]1C2=NC3=CC=CC=C3N2)NC(=O)NC4=CC=C(C=C4)C#N,e7b71c08717d830f3e42455fa15641f25cf411bea98f2a22248413b5cfe2ef00
DB11986,25141092,"{""25141092"": 15}",unique,CN1CCN(CC1)C2=CC(=C(C=C2)C(=O)NC3=NNC4=C3C=C(C=C4)CC5=CC(=CC(=C5)F)F)NC6CCOCC6,2a2150ecdf04d5d6de55c86598ae8eb37c0ef3af086dffb126d2ee3382b174ba
DB11988,,{},missing,,
DB11992,46209133,"{""46209133"": 5}",unique,CS(=O)(=O)N1C=C2CN(CC2=N1)[C@@H]3C[C@@H]([C@H](OC3)C4=C(C=CC(=C4)F)F)N,9cd0942cbcf0024be7a7405235921557360a28df14a557661fcfcbae00cd4c6c
DB11995,9918581,"{""9918581"": 2}",unique,C1CCC(CC1)N2CCN(CC2)C3=C(N=C(S3)NC(=O)C4=CC(=C(N=C4)N5CCC(CC5)C(=O)O)Cl)C6=CC(=CS6)Cl.C(=C\C(=O)O)\C(=O)O,ec58ec38856d5acb83db38bbe8f39991e1227e8732706d4139623299ec7cf571
DB11998,5282192,"{""5282192"": 3}",unique,C1=C(C(=O)NC(=O)N1[C@H]2[C@H]([C@@H]([C@H](O2)CO)O)O)/C=C/Br,559935df8232ab699c7311136c61e1e341e15e400d7322539458cc41cbecf08e
DB11999,9952884,"{""9952884"": 3}",unique,CN[C@H]1CN(C[C@@H]1OC)C2=NC3=C(C=C2)C(=O)C(=CN3C4=NC=CS4)C(=O)O,92749f67eb2c11f41467193b0eac5577070b405d71a5dfa563c2b192c01778fe
DB12000,24871506,"{""24871506"": 5}",unique,CC1=CC(=CC(=C1OCCO)C)C2=NC(=O)C3=C(N2)C=C(C=C3OC)OC,975a52c71302d533d23a63530688e9660b3a05862847917a8ddca951aa3c9367
DB12001,46220502,"{""46220502"": 121}",unique,CCN1CCN(CC1)CC2=CN=C(C=C2)NC3=NC=C(C(=N3)C4=CC5=C(C(=C4)F)N=C(N5C(C)C)C)F,73b99aa78d5fbd7bee5ca28238a043c23ba0380af6ed7a58a44523c0fe1f4a8f
DB12008,46700756,"{""46700756"": 15}",unique,COC1=C(C(=CC=C1)OCCCN)C2=CC(=NN2)NC3=NC=C(N=C3)C#N,6dc5b668ba58da5994b42b501a70fa78922a38ba1d76aea952ccdd2100fdf475
DB12010,11671467,"{""11671467"": 11}",unique,CC1(C(=O)N(C2=C(O1)C=CC(=N2)NC3=NC(=NC=C3F)NC4=CC(=C(C(=C4)OC)OC)OC)COP(=O)(O)O)C,e1e496e4059240386b21abc0e4639bdfd9228dcddc8ec954bebe2058d0aa06d5
DB12015,56649450,"{""56649450"": 78}",unique,CC1=C(SC(=N1)NC(=O)N2CCC[C@H]2C(=O)N)C3=CC(=NC=C3)C(C)(C)C(F)(F)F,222085a5ce9d317005e3f5ccaffb95c6cc598f58526fa9c2320571bb77fe8df6
DB12018,,{},missing,,
DB12019,6918574,"{""6918574"": 7}",unique,CC1=C2[C@@H]3[C@H]([C@@]4(CC[C@@H]5[C@]([C@H]4[C@@H]([C@@](C2(C)C)(C[C@@H]1OC(=O)[C@@H]([C@H](C6=C(C=CC=N6)F)NC(=O)OC(C)(C)C)O)O)OC(=O)C7=CC=CC=C7)(CO5)OC(=O)C)C)O[C@@H](O3)CN(C)C,db592650e65fb3635f4e4de7f9abd87d47597a5e9162132d90cb3dd84c07df79
DB12023,,{},missing,,
DB12026,89921642,"{""89921642"": 1}",unique,CC[C@@H]1[C@@H]2CN([C@@H]1C(=O)N[C@@]3(C[C@H]3C(F)F)C(=O)NS(=O)(=O)C4(CC4)C)C(=O)[C@@H](NC(=O)O[C@@H]5C[C@H]5CCCCC(C6=NC7=C(C=C(C=C7)OC)N=C6O2)(F)F)C(C)(C)C,836ae121e97cae24cb768ed4df789b9e85260d8f9482c6008bc0cc0dfbe43f6c
DB12044,11570626,"{""11570626"": 17}",unique,C[C@@H](C1=CC=C(C=C1)C(=O)NCCC(=O)O)N2C(=CC(=N2)C3=CC(=CC(=C3)Cl)Cl)C4=CC5=C(C=C4)C=C(C=C5)OC,811d13fd03dd826220b3819549ace9ca37a43e3aedf2d7ead04d2faf05cf56fc
DB12045,16122663,"{""16122663"": 5}",unique,CC(C)C(=O)OC[C@@H]1[C@H]([C@@]([C@@H](O1)N2C=CC(=NC2=O)N)(C)F)OC(=O)C(C)C,17b7803b859a9625b9d241f9b3b27b3708dfa58df63580c69fee04cfa41e9454
DB12047,,{},missing,,
DB12048,68289010,"{""68289010"": 11}",unique,C[C@@H](C1=CN2C=CN=C2C=C1)N3C4=NC(=CN=C4N=N3)C5=CN(N=C5)C,8de632f5747a8c1d875ea315c7846919d3f5d417e8f958504a270cbabd9a80cf
DB12050,71236992,"{""71236992"": 10}",unique,C[C@@H](C(=O)N[C@H]1C2=CC=CC=C2C3=C(N=CC=C3)N(C1=O)CCO)NC(=O)CCC(F)(F)F,0579d96d20752841e285c3bdf01c7cde9b0220a9348f2f6308a394a1d0f94651
DB12051,66673837,"{""66673837"": 2}",unique,CS(=O)(=O)NC1=CC2=C(C=C1)NC(=C3C(=O)[C@@H]4[C@H]5CC[C@H](C5)[C@@H]4N(C3=O)CC6=CC=C(C=C6)F)NS2(=O)=O,5aa04c508076d1de6e29670edead454a7643faaa7b1f70ca23129d36356aa535
DB12053,,{},missing,,
DB12056,,{},missing,,
DB12060,15950826,"{""15950826"": 14}",unique,C1C(CN1C(=O)CBr)([N+](=O)[O-])[N+](=O)[O-],8a002ff60b7cc805408991f2bb724994d83abbaeb5c8517dbc6a934fefe9ee6e
DB12062,,{},missing,,
DB12066,9883029,"{""9883029"": 13}",unique,CNC(=O)C1=CC2=C(C=C1)C=C(C=C2)C3(CCN4C3=CN=C4)O,a57564c7aad740a0d0b23581af3f1fb2398fe91562bcb0a36799ce675901da1e
DB12077,,{},missing,,
DB12085,,{},missing,,
DB12090,,{},missing,,
DB12101,67335295,"{""67335295"": 26}",unique,C1CC(=O)NC(=O)[C@H]1N2CC3=C(C2=O)C=CC=C3OCC4=CC=C(C=C4)CN5CCOCC5,aad28dd75e73fb95677fe1f810241997399a9c6413deb339aacb524120970813
DB12105,10236037,"{""10236037"": 2}",unique,CCC[C@@H](C)C[C@@H](CC(=O)O)N,6fdcbe937718abbde8227b86ed11007aff099debd0e20c089251dcc83bf09a6e
DB12108,51001932,"{""51001932"": 23}",unique,CC1=NN(C(=N1)C2=CN3CCOC4=C(C3=N2)C=CC(=C4)C5=CN(N=C5)C(C)(C)C(=O)N)C(C)C,1d54e93a8b8e389945e8bba81ff31e89e40c7c5730b9cb9fb401c2001ea6f442
DB12109,24770514,"{""24770514"": 3}",unique,C1=CC=C(C=C1)CSCCC(CCCCC(=O)O)SCC2=CC=CC=C2,bb2da3bed47c61d03466d2d8dfe2f1725393745503ae6894bbbe5636888ad006
DB12119,,{},missing,,
DB12121,59473233,"{""59473233"": 13}",unique,C1COCCN1C2=CC=C(C=C2)NC3=NC(=CN4C3=NC=C4)C5=CC6=C(C=C5)C=NN6,630557ef4f6908b7264e140fb7d7000a1b3e994a94d5b49218f19a05f7bcb0b0
DB12126,439201,"{""439201"": 5}",unique,C1C[C@H](N(C1)C(=O)[C@@H]2CCCN2C(=O)[C@H](CCCN=C(N)N)N)C(=O)NCC(=O)N[C@@H](CC3=CC=CC=C3)C(=O)N[C@@H](CO)C(=O)N4CCC[C@H]4C(=O)N[C@@H](CC5=CC=CC=C5)C(=O)N[C@@H](CCCN=C(N)N)C(=O)O,f04a9e56a52c5c9f3431eed05c817e68603ee457a1b0cd63d1534c6ad42ab885
DB12130,71731823,"{""71731823"": 14}",unique,C[C@@H]1C2=C(C=CC(=C2)F)C(=O)N(CC3=NN(C(=C3C4=CC(=C(N=C4)N)O1)C#N)C)C,f245b9ed32fb83f485ba8f5efab75f73c44f557af830edd71e2fc59f358d1674
DB12139,11513676,"{""11513676"": 26}",unique,CC[C@H]1C(=O)N([C@@H](C(=O)N([C@H](C(=O)N[C@H](C(=O)N([C@H](C(=O)N[C@H](C(=O)N[C@@H](C(=O)N([C@H](C(=O)N([C@H](C(=O)N([C@H](C(=O)N([C@H](C(=O)N1)[C@@H]([C@H](C)C/C=C/C)O)C)C(C)C)C)CC(C)C)C)CC(C)C)C)C)C)CC(C)C)C)C(C)C)C(C)C)CC)C)C,c42a4fa13739513c39e9d539645d172a98df718df91d5767e0ac22b418933225
DB12141,49803313,"{""49803313"": 26}",unique,CCC1=C(N=C(C(=N1)C(=O)N)NC2=CC(=C(C=C2)N3CCC(CC3)N4CCN(CC4)C)OC)NC5CCOCC5,2877fc36f894b4cc6fd08f6d4f02266d1f3bb20fbb112a94ffebc6dbd4e2c693
DB12142,,{},missing,,
DB12146,6918736,"{""23696523"": 1, ""6918736"": 3}",ambiguous_resolved_by_frequency,COC1=C(C=C(C=C1)CS(=O)(=O)/C=C/C2=C(C=C(C=C2OC)OC)OC)NCC(=O)O,ae84c37ee41c577d1fdc24301de65d4f36f6c1c24c805e63fb8f29f3c8040868
DB12147,67462786,"{""67462786"": 12}",unique,CC(C)NCCN(C1=CC2=NC(=CN=C2C=C1)C3=CN(N=C3)C)C4=CC(=CC(=C4)OC)OC,1398d4174b9ebeb007d36bab1bb15a4cf4a1eb2b4bb08f096b145855d2d6e239
DB12152,,{},missing,,
DB12153,13804,"{""13804"": 2}",unique,C[N+](C)(C)CCOP(=O)([O-])OP(=O)(O)OC[C@@H]1[C@H]([C@H]([C@@H](O1)N2C=CC(=NC2=O)N)O)O,31488f0d8cdb4dcbbe63b87fbb3bf43f896e80cb88a7499194f09cd77797781f
DB12154,53380437,"{""53380437"": 18}",unique,C1CN(CCC1N2CC(C2)(CC#N)N3C=C(C=N3)C4=C5C=CNC5=NC=N4)C(=O)C6=C(C(=NC=C6)C(F)(F)F)F,e45358259382a42f56692064dc5f1fc481e4bd783000e8cf713692600c34c840
DB12155,10331844,"{""10331844"": 37}",unique,CC(=O)C1=CC2=C(O1)C(=O)C3=CC=CC=C3C2=O,49649c078bb4d49982ada7d999c698251912e82f0f2e0d5242c8ad808b04778b
DB12157,,{},missing,,
DB12159,,{},missing,,
DB12160,656604,"{""656604"": 3}",unique,CC(C)(C(=O)N[C@@H](CS)C(=O)O)S,581e719a241d6c8ca9a60d3c1c982c9a5092426a483e0cb28e3e04735eb54c94
DB12163,5160,"{""5160"": 2}",unique,CN(C)CC(COC1=CC=CC=C1CCC2=CC(=CC=C2)OC)OC(=O)CCC(=O)O,361d797f7efadcf56262743931fb1a233e51c6d11196cde33900d7f5eb88a239
DB12167,,{},missing,,
DB12170,57751161,"{""57751161"": 1}",unique,CCC[C@H](C(C)(C)C)N(C(=O)C1=CC(=CC(=C1)C)C)NC(=O)C2=C(C(=CC=C2)OC)CC,82be52d6c0ce9917db49d3f5f1fda5e1ff3d787f8f7458359a57fd601526ea9b
DB12172,23009,"{""23009"": 2}",unique,C1COCCN1CCN2C=NC=C2[N+](=O)[O-],a57940d2a7f0050f39944649fe29d853dacf6353a05c5235d2166592f4bb0c60
DB12180,25254071,"{""25254071"": 11}",unique,CC1=C(SC2=C1N=C(N=C2N3CCOCC3)C4=CN=C(N=C4)N)CN5CCN(CC5)C(=O)[C@H](C)O,e56fda06d0e6d778767ae83fb748383257b7b48cc51a21866b572f6b1d139d8b
DB12191,,{},missing,,
DB12202,,{},missing,,
DB12203,11618368,"{""11618368"": 4}",unique,CC1(CCN(CC1)C(=O)NC2=NC3=C(C=CC(=C3S2)N4CCOCC4)OC)O,f8543c1b1335bc652ecc58614c311208fb461abc038824e54de4627dbea4bebc
DB12205,,{},missing,,
DB12218,25227436,"{""25227436"": 24}",unique,C1CN(CCC1(C(=O)N[C@@H](CCO)C2=CC=C(C=C2)Cl)N)C3=NC=NC4=C3C=CN4,c0004a4d6acfd31c12f8d4376c2bc65f3de79499352b6f805070a78f154d0b74
DB12230,2472,"{""2472"": 1}",unique,CCCC(=O)N1CCCN(CC1)C2=NC3=CC(=C(C=C3C(=N2)N)OC)OC,4401048777c487e3f5395c71465fdd117fddb4497a0832dd072486674cda09ec
DB12237,9797017,"{""9797017"": 6}",unique,CC(=NCCSCC[C@@H](C(=O)O)N)N,743923566841acab95dcf68a25cfb61f08c0053fccfff0e03b2a7273df5a74dd
DB12240,,{},missing,,
DB12242,11152667,"{""11152667"": 2}",unique,C1C[C@@H](CNC1)NC(=O)C2=C(C=C(S2)C3=CC(=CC=C3)F)NC(=O)N,5ecc731c0e5c8400fc004aab20906fd2a90d6961a8c25b6f9908ffa337dea869
DB12248,5606,"{""5606"": 1}",unique,CC(C)(C)NCC(C1=CC=CC=C1Cl)O,83f70e7e619e01260275e2b7a161ee0edb589c5a68c3b1cc405135df948c2672
DB12250,,{},missing,,
DB12253,56941241,"{""56941241"": 2}",unique,CC/C(=C(/C1=CC=C(C=C1)/C=C/C(=O)O)\C2=CC3=C(C=C2)NN=C3)/C4=C(C=C(C=C4)F)Cl,15f164144c9b903405d761ad51145621f881bee35d2e50077c482ce3b1d97aea
DB12277,,{},missing,,
DB12281,,{},missing,,
DB12282,25117126,"{""25117126"": 14}",unique,CNC(=O)C1=CC=C(C=C1)NC2=NC=C(C(=N2)NCC3=NC=CN=C3N(C)S(=O)(=O)C)C(F)(F)F,d60de63a9e5932b213ec3a02dba95bbc8c9d0da32fef33ce697396f0919c1de8
DB12283,16126873,"{""16126873"": 6}",unique,CC(C)C(=O)OC[C@@]1([C@H]([C@H]([C@@H](O1)N2C=CC(=NC2=O)N)OC(=O)C(C)C)OC(=O)C(C)C)N=[N+]=[N-].Cl,5d5e1e42e49001d986809ce643d37584e04954e1de8bf1430e18d101c14e51dd
DB12296,,{},missing,,
DB12303,16049404,"{""16049404"": 5}",unique,CCCN(CCC)C(=O)C1=CC2=C(C=C(C=C2)C3=CC=C(C=C3)C(=O)N4CCCC4)N=C(C1)N,bea33d8c9f65b4573ea7a161e6a336d83019cda82108c678b678e5984b487c02
DB12307,42642645,"{""42642645"": 3}",unique,COC1=CC2=C(C=CN=C2C=C1OCCCN3CCOCC3)OC4=C(C=C(C=C4)NC(=O)C5(CC5)C(=O)NC6=CC=C(C=C6)F)F,9c12a67db67b4e8a4c89764d8b4911d166b21e7ac89d4efe852bf8da2fb74806
DB12313,55483,"{""55483"": 1}",unique,C1=CC=C(C=C1)CCNCCCCCCNCCC2=CC(=C(C=C2)O)O,3a99eb53d228524d2181712b76cdb302083977c98197f1ef644fcdeb66ec1ca9
DB12317,,{},missing,,
DB12320,10295295,"{""10295295"": 1}",unique,CC1(CCC(C2=C1C=C(C(=C2)/C=C/C3=CC=C(C=C3)C(=O)O)CN4C=CC=N4)(C)C)C,d0b68ba569264b47a3ffa9d1664753e15c35fd8ba7dc84fcd382f51056c68a43
DB12325,53358942,"{""53358942"": 24}",unique,CC(C)(C)C[C@H]1[C@]([C@H]([C@@H](N1)C(=O)NC2=C(C=C(C=C2)C(=O)O)OC)C3=C(C(=CC=C3)Cl)F)(C#N)C4=C(C=C(C=C4)Cl)F,30883ad76da525e5d9991febf2bb199cc95958f77b9a3eec8b4663bacad0be4d
DB12332,9931954,"{""9931954"": 2}",unique,CNCC1=CC=C(C=C1)C2=C3CCNC(=O)C4=C3C(=CC(=C4)F)N2,776c194416a10d948d933595bc694677f6cd1dcabbaef5e47173cbfcb414ea19
DB12340,24978538,"{""24978538"": 18}",unique,CC1(CCC(=C(C1)CN2CCN(CC2)C3=CC=C(C=C3)C(=O)NS(=O)(=O)C4=CC(=C(C=C4)N[C@H](CCN5CCOCC5)CSC6=CC=CC=C6)S(=O)(=O)C(F)(F)F)C7=CC=C(C=C7)Cl)C,10d1737bcc3601e099a05645e21995dd1dc6d75c4714a18927a2a42eab07cfc1
DB12359,16736529,"{""16736529"": 2}",unique,CC1=CN=C(C(=C1OC)C)CN2C=NC3=C2N=C(N=C3Cl)N,817de7f5add1c57ecc381533657712f0daeea2180f2be5dda746ad32fd5784b1
DB12360,,{},missing,,
DB12364,10275777,"{""10275777"": 1}",unique,CN(C)C(=N)C1=CC=C(C=C1)C(=O)NC2=C(C=C(C=C2)OC)C(=O)NC3=NC=C(C=C3)Cl,2120c5f52147a5e3f332fd171811d93422b383e316ae9915f68585a4f37752f8
DB12369,10296883,"{""10296883"": 5}",unique,CN1CCN(CC1)C2=NC3=CC=CC=C3C(=N2)C4=C(C(=O)NC4=O)C5=CNC6=CC=CC=C65,e2ec2990fbe6e0f40a1b0e375b976280b4db4132555515967e3db1dd3a355d8e
DB12376,53340666,"{""53340666"": 11}",unique,C1=CC=C(C=C1)N(C2=CC=CC=C2)C3=NC=C(C=N3)C(=O)NCCCCCCC(=O)NO,f3dc148dd2bbd64fc566392941c2899b0bb6b6bb9791b30abba59324549e2d67
DB12377,44129647,"{""44129647"": 4}",unique,C1C[C@H](N2C[C@@H]1N(C2=O)OS(=O)(=O)O)C(=O)NC3CCNCC3,670285df924785155d59358d425296a331112e85ca25f539760a71189d051a32
DB12380,46940575,"{""46940575"": 2}",unique,C[C@@H](C(=O)N[C@@H](C1CCCCC1)C(=O)N2CCC[C@H]2C(=O)NC3=C(N=NS3)C4=CC=CC=C4)NC,2de05caa45fa0bae3de38a0cf7d6fd96d8389bd886fd80e32a319bc5e08eb3af
DB12381,,{},missing,,
DB12383,100802,"{""100802"": 1}",unique,C1[C@@H]([C@H](O[C@H]1N2C=C(C(=NC2=O)N)Cl)CO)O,37bb43f37fa90468cf342f75ba3b840701fbe174a87785f4019c0157c5d948af
DB12389,25052630,"{""25052630"": 8}",unique,C1[C@H](COC2=C1C=C(C=C2F)F)N3C(=CNC3=S)CCNCC4=CC=CC=C4,3ebed6c74aba12f889ab21bebe41f6808d151383f0466ceb3f2c60c26df55ad3
DB12390,11539381,"{""11539381"": 2}",unique,CC1=C(C=CC(=C1)SCC2=NN(N=C2C)C3=CC=C(C=C3)C(F)(F)F)OCC(=O)O,827ee34dd7eb17aa417a536ea2773c5767b2bbb777fc514f313566cd45b51e07
DB12392,11609955,"{""11609955"": 1}",unique,CN(C)CC1=CC=C(C=C1)S(=O)(=O)N2C=CC(=C2)/C=C/C(=O)NO,d2ea8192975f6e15ddaa588f2b257c7cf583d89648768c04f4c4a3accf0fe4ae
DB12401,2448,"{""2448"": 2}",unique,C1CN(CCC1(C2=CC=C(C=C2)Br)O)CCCC(=O)C3=CC=C(C=C3)F,42e7882c0f896c65060f7d70cf66ef4fc3299ff19331ce23b29800aa6198becf
DB12406,501254,"{""501254"": 1}",unique,C[C@H](CCCCN1C(=O)C2=C(N=CN2C)N(C1=O)C)O,98f06dbd80cca0997dfbda588967d09b46447273147174ad53d8b9dee5003b34
DB12407,65985,"{""65985"": 1}",unique,CN(CC(CO)O)C(=O)C1=C(C(=C(C(=C1I)NC(=O)C(CO)CO)I)C(=O)N(C)CC(CO)O)I,6787572547b2b8df33bb5e15589cdd48bd0ed3939a74864dfd4f5984cc51779b
DB12411,46215462,"{""46215462"": 4}",unique,C1CCN(C1)[C@H]2CCC3=C(CC2)C=C(C=C3)NC4=NN(C(=N4)N)C5=NN=C6C(=C5)CCCC7=CC=CC=C76,2ade7d7f2a5baa7ad1a69cd7e6e267a122c69cf17cb0888e6be6f6d69133f3e4
DB12412,11953153,"{""11953153"": 8}",unique,C1CC(CN(C1=O)C[C@H](CC(=O)N2CCC3=C(C2)N=C(N=C3C(F)(F)F)C(F)(F)F)N)(F)F,cbf28105a55e6abe53b00f27d0e72997cba4c7c2abdfd337eb20bf46ae9ecfc6
DB12427,9852175,"{""9852175"": 2}",unique,CC1=C(C=CC(=C1)F)[C@H]2C[C@H](CCN2C(=O)N(C)[C@H](C)C3=CC(=CC(=C3)C(F)(F)F)C(F)(F)F)N4CCN5[C@H](C4)CCC5=O,ece08523b0e8dfd0d966d485f654024d6bdea6bf705992fdba7ece51a88457cb
DB12436,6918331,"{""6918331"": 20}",unique,COC1=C(C=C(C=C1)N2C(=NN=N2)C(F)(F)F)CN[C@H]3CCCN[C@H]3C4=CC=CC=C4,41b6047df9d42f5d6d4eed2c1357d0c717d57b79b270b826861e16498c9e9a31
DB12442,5288674,"{""5288674"": 2}",unique,C[C@H]1C[C@@H]([C@@H]([C@H](/C=C(/[C@@H]([C@H](/C=C\C=C(\C(=O)NC2=CC(=O)C(=C(C1)C2=O)NCCN(C)C)/C)OC)OC(=O)N)\C)C)O)OC,ac0181391f4a3dff0302aba11d7c8d03cf39b541ba400f3a6cb226ae9b9a86b9
DB12447,4410,"{""4410"": 1}",unique,CC1CCC2=C3N1C=C(C(=O)C3=CC(=C2N4CCC(CC4)O)F)C(=O)O,a238ea18227f7f44ea64c257de22ed4fd902babe93bf68c78635718241d69c0c
DB12451,6479267,"{""6479267"": 1}",unique,CC[C@H]1C(=O)N([C@@H](C(=O)N([C@H](C(=O)N[C@H](C(=O)N([C@H](C(=O)N[C@H](C(=O)N[C@@H](C(=O)N([C@H](C(=O)N([C@H](C(=O)N([C@H](C(=O)N([C@H](C(=O)N1)[C@@H]([C@H](C)C/C=C/C)O)C)C(C)C)C)CC(C)C)C)CC(C)C)C)C)C)CC(C)C)C)C(C)C)CC(C)(C)O)C)SCCN(C)C)C,a18fdca37305fc4939d4e1c1fd289716852762827826f07e95c2630a657b2984
DB12459,6456014,"{""6918340"": 1, ""6456014"": 1}",ambiguous_resolved_by_frequency,CC[C@@]1(C2=C(COC1=O)C(=O)N3CC4=C(C5=CC=CC=C5N=C4C3=C2)CCNC(C)C)O,99c9bee8273931eecd2151637a02a655a067c0264cc6d08f751967e6824396cb
DB12460,,{},missing,,
DB12466,492405,"{""492405"": 10}",unique,C1=C(N=C(C(=O)N1)C(=O)N)F,89f49d866525e3ba6dfa638892742feff8b21526e53d250718186a082a7b35d8
DB12471,46871657,"{""46871657"": 3}",unique,C[C@H](C(C)C)[C@]1(CC[C@@]2([C@H]3CC[C@H]4[C@]5(COC[C@]4(C3=CC[C@]2([C@@H]1C(=O)O)C)C[C@H]([C@@H]5OC[C@@](C)(C(C)(C)C)N)N6C(=NC=N6)C7=CC=NC=C7)C)C)C,89eed12cc0e4f952eab7edfb3c33176152c8ab82b4a1895d57f0f399cb859744
DB12474,5857,"{""5857"": 1}",unique,C[C@]12CC[C@H]3[C@H]([C@@H]1CC[C@]2(C#C)O)CCC4=CCCC[C@H]34,eb5b47e83aef67f4f4366d81a4e803d4c46ba964ee690f47db27e99066274411
DB12482,5282338,"{""5282338"": 1}",unique,CC(C)N(CCNC(=O)C1=CSC(=N1)NC(=O)C2=CC(=C(C=C2O)OC)OC)C(C)C,2ece516615e8b7a00e7ba421c963a742f52ff569253172c63782216982feadc6
DB12483,24989044,"{""24989044"": 35}",unique,COC1=C(C=CC2=C1N=C(N3C2=NCC3)NC(=O)C4=CN=C(N=C4)N)OCCCN5CCOCC5,5277525c885456d05fced2ab4ffdd7f0435bfc36955dc32e6263223ea0b03b53
DB12484,29243,"{""29243"": 11}",unique,C1CN(C(=O)NC1O)[C@H]2[C@@H]([C@@H]([C@H](O2)CO)O)O,b5f702b83dd5e010da67e51cae36b066ce31e07b135fcd5cf31af219f73bc830
DB12485,50981,"{""50981"": 1}",unique,C1CCN(CC1)CC(CN2C=CN=C2[N+](=O)[O-])O,d7b6905694033eebad26ebe676bfb25e48ed55b32c4f6a4784e176e20093cd80
DB12489,,{},missing,,
DB12491,24857286,"{""24857286"": 4}",unique,CC1=CC(=CC(=C1C2=CC=CC(=C2)COC3=CC4=C(C=C3)[C@@H](CO4)CC(=O)O)C)OCCCS(=O)(=O)C,6a5a1047098b5b925e71dffa4f2aba2be40973b1ffddb78f03502f298a42cdc9
DB12500,16722836,"{""16722836"": 9}",unique,CC1=CN=C(N=C1NC2=CC(=CC=C2)S(=O)(=O)NC(C)(C)C)NC3=CC=C(C=C3)OCCN4CCCC4,bcf10a307a5caabc983114f46596fb69be371ffe3685cc4e6c08e522861958df
DB12511,9890879,"{""9890879"": 2}",unique,CC1=C(N=C(O1)C2=CC=CC=C2)COC3=CC=C(C=C3)CO/N=C(\CCC(=O)O)/C4=CC=CC=C4,39a72e3aa8465226c3e26e711722a2220b2571572ccbb95898e90e03a6659710
DB12513,71811910,"{""71811910"": 20}",unique,C[C@@]12CC[C@]3(CCC(C[C@H]3[C@H]1C(=O)C=C4[C@]2(CC[C@@H]5[C@@]4(C=C(C(=O)C5(C)C)C#N)C)C)(C)C)NC(=O)C(C)(F)F,934151100fcc489b694751245679897c015c336c512a1ea2eb911f24b04d4836
DB12517,11328898,"{""11328898"": 4}",unique,C[C@@H]1CN(C[C@@H](C1(C2=CC=CC=C2)O)C)C(=O)[C@@H]3CN(C[C@H]3C4=C(C=C(C=C4)F)F)C(C)(C)C,303969d4907d540280019a9a9cb1a6d03c50338e19b395bfe9908bb966de15a5
DB12520,,{},missing,,
DB12530,,{},missing,,
DB12550,49848070,"{""49848070"": 1}",unique,CN1C(=CC=N1)C2=NN=C(C3=CC=CC=C32)N4CCC(CC4)N(C)C(=O)C5=C(C=C(C=C5)F)C(F)(F)F,c26e051fc96332d2d2633ad7a275ca0f17dc05ecc3859c413833f9d2d9bf3f77
DB12551,54459,"{""54459"": 1}",unique,C1CN=C(N1)C2COC3=CC=CC=C3O2,d3549d3cdaae11b89cd06806290dc3151079eb626095e1c1d6cc8866d4cc3034
DB12565,11749858,"{""11749858"": 4}",unique,CN(C)CC1=C(OC2=CC=CC=C21)C(=O)NCCOC3=CC=C(C=C3)C(=O)NO,18a1c10e90f63a4349a8c34cc25cf6df96182bff596ea69a1fad210bbe58644b
DB12573,,{},missing,,
DB12589,,{},missing,,
DB12609,,{},missing,,
DB12615,42613186,"{""42613186"": 4}",unique,C[C@@]1(CO[C@@H]([C@@H]([C@H]1NC)O)O[C@H]2[C@@H](C[C@@H]([C@H]([C@@H]2O)O[C@@H]3[C@@H](CC=C(O3)CNCCO)N)N)NC(=O)[C@H](CCN)O)O,b08155dccdb8bb19e738d4639acdc4efe8ff8badeb0d7b94d8f8405ba910f48e
DB12617,104762,"{""104762"": 2}",unique,C1=NC(=C(N1[C@H]2[C@@H]([C@@H]([C@H](O2)CO)O)O)O)C(=O)N,b031ea35dfef946925f1038f3ca38f0959d4fd5f783078fb9b022424c72f5f3f
DB12623,18376177,"{""18376177"": 2}",unique,C1=CC(=CC(=C1)OCC(=O)O)CN(CC2=CC=C(C=C2)N3C=CC=N3)S(=O)(=O)C4=CN=CC=C4,3f66c624a6d85baacb2c4e939d7daa2e8a2a18ad565321fa5f2f0e4cd4e29eb9
DB12625,25022354,"{""25022354"": 3}",unique,CC(C)(C)OC[C@@H]1C(=O)NCCN1C(=O)C[C@@H](CC2=CC(=C(C=C2F)F)F)N,b822db155a8158e53eee0e8d825f592ca13a60b0465131ce31f11ab8ba96b6ef
DB12637,5311505,"{""5311505"": 2}",unique,C[C@@]12C[C@@H](C3=C4CCC(=O)C=C4CC[C@H]3[C@@H]1CC[C@@]2(CCCO)O)C5=CC=C(C=C5)N(C)C,af23ace75dc65630b7cca494354f1982829c50a6f36500c915715c81c80e4f38
DB12638,9549213,"{""9549213"": 5}",unique,CC(C)NCCCN1C2=NC=NC(=C2N=C1SC3=C(C=C4C(=C3)OCO4)I)N,d84f36537a62f46d8964c7e1795715104d03459370d24680adea2f6e1a7ca9fe
DB12665,5280804,"{""5280804"": 1}",unique,C1=CC(=C(C=C1C2=C(C(=O)C3=C(C=C(C=C3O2)O)O)O[C@H]4[C@@H]([C@H]([C@@H]([C@H](O4)CO)O)O)O)O)O,6d2feaafed356612ada7f6305e59f64a54e58e6ba0eed314bf710659932f6166
DB12667,666418,"{""666418"": 3}",unique,CCCC1=NC=CC(=C1)C(=S)N,644778ada1435bb9f25fce8a411bb97cdc463aa9272859ad06d44c09778baa03
DB12674,57327016,"{""57327016"": 21, ""34457"": 1}",ambiguous_resolved_by_frequency,CC1=CC2=C([C@@H]3[C@@H]4[C@H]5C6=C(C(=C7C(=C6[C@@H](N4[C@H]([C@H](C2)N3C)O)COC(=O)[C@@]8(CS5)C9=C(CCN8)C2=C(N9)C=CC(=C2)OC)OCO7)C)OC(=O)C)C(=C1OC)O,c1b26f6d4330eb602a405c2ed9df78da78ffa67edd51a9385c41dddcd2f62549
DB12676,445117,"{""445117"": 9}",unique,C1[C@@H]2CN(CN2C3=C(N1)NC(=NC3=O)N)C4=CC=C(C=C4)C(=O)N[C@@H](CCC(=O)O)C(=O)O,f790c75f76065871d512a71dd7e1d625ee64a30d1709272126daf3d53aea8c3f
DB12687,46241268,"{""46241268"": 4}",unique,CCCCOC1=NC(=C2C(=N1)N(CC(=O)N2)CC3=CC=CC(=C3)CN4CCCC4)N,6a000d7dd6bb109f80eb2865ac58baab2651b5cae6979a660fe5a8a509d89d7d
DB12690,,{},missing,,
DB12701,,{},missing,,
DB12709,6050,"{""6050"": 1}",unique,CCCC(=O)OCC(COC(=O)CCC)OC(=O)CCC,7b621495267e5f014b604cf9ed3dbf685f6957e335643c81cd34b08d25d579d6
DB12710,4744,"{""4744"": 2}",unique,CN1CCN(CC1)CCCN2C3=CC=CC=C3SC4=CC=CC=C42,93cf959d1e7bea63755c50c304d0f9ea0e4a2770d44a0f78981b0de33338cb91
DB12713,24831714,"{""24831714"": 13}",unique,CCOC1=CC=C(C=C1)CC2=C(C=CC(=C2)[C@H]3[C@@H]([C@H]([C@@H]([C@H](O3)SC)O)O)O)Cl,2d578fd1f24bbc3a98afbad3a4227455e02c946f4e7074b5f3d2530a984a1bfb
DB12734,,{},missing,,
DB12740,,{},missing,,
DB12747,,{},missing,,
DB12755,,{},missing,,
DB12780,71743,"{""71743"": 2}",unique,C1CC2=C(C=CC(=C2)OC(=O)C3=CC=CO3)N(C1)C(=O)C(Cl)Cl,e6d97cd3dd32017c10b6391f1d27483d4eb9203bd8860ea406e65737c2ba96c8
DB12783,2327,"{""2327"": 15}",unique,C1=CC(=C(C(=C1CNNC(=O)C(CO)N)O)O)O,9db8e5a9d21f743ab1f2194d922a1f4447370f358bae1a8a4a4128aed1f3f0a4
DB12814,,{},missing,,
DB12824,,{},missing,,
DB12826,,{},missing,,
DB12827,405012,"{""405012"": 23}",unique,CN1C=C(C2=CC=CC=C21)C[C@H](C(=O)O)N,b10155329dccc5016d98b2e45e4dbe82157a21683c86176974536f477d6c37c4
DB12836,11677589,"{""11677589"": 1}",unique,CCC1=NC2=C(N1C3=CC=C(C=C3)CCNC(=O)NS(=O)(=O)C4=CC=C(C=C4)C)C=C(N=C2C)C,4d429d843bd9cc0ae23820cdf8bb0679aa1a71aae887d438247162c121bd54eb
DB12843,11541511,"{""11541511"": 1}",unique,C[C@H]1[C@@H]([C@H](C[C@@H](O1)O[C@H]2CC[C@]3([C@@H](C2)CC[C@@H]4[C@@H]3CC[C@]5([C@@]4(C[C@@H]([C@@H]5C6=CC(=O)OC6)OC(=O)C)O)C)C)OC)O,1d664b2452de727607937a432d10db13c83f1af63b9e48b3bbfbe7935885fbb7
DB12845,,{},missing,,
DB12851,56843415,"{""56843415"": 2}",unique,CC1=CN(C(=O)NC1=O)C2CC(C(O2)COP(=S)(O)OC3C4C(OC3(CO4)COP(=S)(O)OC5CC(OC5COP(=S)(O)OC6C7C(OC6(CO7)CO)N8C=CC(=NC8=O)N)N9C=CC(=NC9=O)N)N1C=NC2=C(N=CN=C21)N)OP(=S)(O)OCC1C(CC(O1)N1C=C(C(=O)NC1=O)C)OP(=S)(O)OCC12COC(C1OP(=S)(O)OCC13COC(C1OP(=S)(O)OCC1C(CC(O1)N1C=CC(=NC1=O)N)OP(=S)(O)OCC1C(CC(O1)N1C=NC4=C(N=CN=C41)N)OP(=S)(O)OCC14COC(C1OP(=S)(O)OCC1C(CC(O1)N1C=NC5=C(N=CN=C51)N)OP(=S)(O)OCC15COC(C1OP(=S)(O)OCC1C(CC(O1)N1C=C(C(=O)NC1=O)C)OP(=S)(O)OCC16COC(C1OP(=S)(O)OCC17COC(C1O)C(O7)N1C=CC(=NC1=O)N)C(O6)N1C=CC(=NC1=O)N)C(O5)N1C=CC(=NC1=O)N)C(O4)N1C=CC(=NC1=O)N)C(O3)N1C=C(C(=O)NC1=O)C)C(O2)N1C=NC2=C1N=C(NC2=O)N,90c7cdb3a989ab7ec95babf14f9709df1cc184f2dd85e7c1c4bc08be3e8c7d47
DB12854,56931136,"{""56931136"": 3}",unique,CC1=C(C=C(C=C1)Cl)N2C(=O)C3=CC=CC=C3C2(C4=CC5=C(C=C4)N=C(N5)NC(=O)OC)O,1bdbb4f4ac9b8c3cd0f39ecb7d8b999483e5a697f16eccbcd3eb8c18228b1eb2
DB12867,16363,"{""16363"": 2}",unique,C1CN(CCC1N2C3=CC=CC=C3NC2=O)CCCC(=O)C4=CC=C(C=C4)F,323ff6659da2922c06bf6c92b6a2d12d160356304291bb0994736903a472067c
DB12874,24889392,"{""24889392"": 24}",unique,CC(C)(C)C1=CC(=NO1)NC(=O)NC2=CC=C(C=C2)C3=CN4C5=C(C=C(C=C5)OCCN6CCOCC6)SC4=N3,9ebe66c707e3ec68078cec11008028a40f8f3c5da29604d24f55bbfcca57d8e9
DB12887,66558664,"{""66558664"": 24}",unique,CCN(C1CCOCC1)C2=CC(=CC(=C2C)C(=O)NCC3=C(C=C(NC3=O)C)C)C4=CC=C(C=C4)CN5CCOCC5,b84ee5ec1233512593c25fe75bb37b58f149523e96d68400a214b3bfc9df1b32
DB12893,,{},missing,,
DB12896,45102284,"{""45102284"": 2}",unique,CCOC1=NC(=NC2=C1N=CN2[C@H]3[C@]([C@H]4[C@H](O3)CO[P@](=O)(O4)OC(C)C)(C)F)N,84e4ddc77f9d2a08edaf74b4fc5bb935a17804c059450c74b35e6cdf420ad4f5
DB12907,,{},missing,,
DB12925,23649181,"{""23649181"": 4}",unique,COC1=C(C(=CC(=C1)[C@@H]2C3=C(C(=C(C=C3)N)N)OC(=C2C#N)N)Br)OC,b332c2e6c4bddafde0eea5d3886ca1b8734c96814db7bccfcc1f60fc174748fd
DB12929,24771368,"{""24771368"": 6}",unique,C1CC(C1)N2CCCN(CC2)C(=O)C3=CN=C(C=C3)OC4=CC=C(C=C4)F,9e142b6d02c63f83e8e2e6b919241edb140c1c852a1ebb5f9220f9ed6ae100c8
DB12941,67171867,"{""67171867"": 5}",unique,C[C@@H](CN1C=CC(=N1)C2=CC(=C(C=C2)C#N)Cl)NC(=O)C3=NNC(=C3)C(C)O,4c971d73e6c1e985698727325ca26dc04a07a0f0f1a3ed77775da1669c77b488
DB12954,65720,"{""65720"": 2}",unique,C1C(C(=O)NO1)N=CC2=CC=C(C=C2)C=NC3CONC3=O,4177a519e8561d7b70dc733f854c74a4d0d52563db5d827603c2fa6e1dea7423
DB12956,,{},missing,,
DB12957,515328,"{""515328"": 2}",unique,C1[C@@H]([C@H](O[C@H]1N2C=C(C(=NC2=O)N)F)CO)O,2eb32c152013a93c6ad2d069813ac5bdc067e3ba6e194aa904be031f8e6d470f
DB12974,45380979,"{""45380979"": 2}",unique,C[C@H]([C@@H](C)OC1=NC(=NC=C1C(F)(F)F)NC2=CC=C(C=C2)S(=N)(=O)C3CC3)O,903b312ecadea0097266a41856b82c92d49d7ad945470510bbd850b838344c58
DB12978,25151352,"{""25151352"": 24, ""1203"": 6}",ambiguous_resolved_by_frequency,C1=CC(=NC=C1CC2=CNC3=C2C=C(C=N3)Cl)NCC4=CN=C(C=C4)C(F)(F)F,9cb530ab116301f86045e437edd1195810a00f9b06f42b605c417a2a62c3c847
DB12984,6918260,"{""6918260"": 5}",unique,CC1=C2[C@H](C(=O)[C@]34C[C@H]3C[C@@H]5[C@]([C@H]4[C@@H]([C@@](C2(C)C)(C[C@@H]1OC(=O)[C@@H]([C@H](C6=CC=CC=C6)NC(=O)OC(C)(C)C)O)O)OC(=O)C7=CC=CC=C7)(CO5)OC(=O)C)OC(=O)C,3b159cdf625b7ac9f5b9a15ce32350b97d0ea242f8c9f3c0371858aefd90985a
DB12985,11538455,"{""11538455"": 8}",unique,CN1C=C(C2=CC=CC=C21)CNCC3CCN(CC3)C4=NC=C(C=N4)C(=O)NO,e5285cabaed502d489a7882a09f3814866c03dd1f13fb85b2fca3cb5f64457ef
DB13005,25066467,"{""25066467"": 6}",unique,CC(C)(C)C1=NN(C(=C1)NC(=O)NC2=C(C=C(C=C2)OC3=CC(=NC=C3)C(=O)NC)F)C4=CC5=C(C=C4)N=CC=C5,f8beadc5518301eedd4e74793f6ff42b3d69681c6e224663cb8534032d2fbd2b
DB13007,,{},missing,,
DB13017,,{},missing,,
DB13026,28061,"{""28061"": 3}",unique,CC1=NC=C(N1CC(CCl)O)[N+](=O)[O-],6296dd5b8f6ec0891b65b3831142c45d5801294b4bc7bb098de6dc3f43bb5d34
DB13048,,{},missing,,
DB13049,,{},missing,,
DB13069,39214,"{""39214"": 1}",unique,CC1=NC=C(C(=N1)N)CNC(=O)N(CCCl)N=O,3278bab51ba9af1bd09804e1586b56af48dcab2333171caa00b173696314c67b
DB13089,10114,"{""10114"": 1}",unique,C[C@]12CC[C@](C[C@H]1C3=CC(=O)[C@@H]4[C@]5(CC[C@@H](C([C@@H]5CC[C@]4([C@@]3(CC2)C)C)(C)C)O)C)(C)C(=O)O,9278f419928f97d3d658665b950a00a61102ef5e3494e0aaec752ede762b05a0
DB13100,5939,"{""5939"": 6}",unique,C(=NC(=N)N)(N)N,60b85946cdc50fac623d0538d4cbff6e7f4480dbf6466c5c18d6666d0b9ea544
DB13104,56960363,"{""56960363"": 1}",unique,C[C@@H]1CN(C[C@@H](N1)C)C(=O)C2=CC=C(C=C2)NC(=O)C3=NN=C(C(=C3)O[C@H](C)C4=C(C=CC(=C4Cl)F)Cl)N,52ad7bfcaa0ec6c20d78807ad08a3b821940e75e480cbeb7a7e229aec77b8b2d
DB13126,73388393,"{""73388393"": 23}",unique,CC1=C2C(=CC=C1)C(=N[C@@H](C(=O)N2)NC(=O)[C@H](CCC(F)(F)F)[C@H](CCC(F)(F)F)C(=O)N)C3=CC(=CC=C3)F,1e8af0e5580750517d1acbe363a0a3e82544da1617422237cdb798fe00d69e5a
DB13136,68942,"{""68942"": 2}",unique,C1=CC=C2C(=C1)C(=O)C(C2=O)C3=CC=C(C=C3)F,c76707541354ad23451689a65616e22177982410aae2bd00bb88f97c37d4fd51
DB13139,123600,"{""123600"": 11}",unique,CC(C)(C)NC[C@@H](C1=CC(=C(C=C1)O)CO)O,51b4a73f7b550ae3e3ccaf7cabf9440a4c654eec53ee6bfe8ba767a831abefd8
DB13144,,{},missing,,
DB13145,6917890,"{""6917890"": 14}",unique,C(C(=O)O)O.N.N.[Pt],954359fafefb03bedab52d22962404f4b003d9d8b754e560ebf84408ad8d99cd
DB13166,92400,"{""92400"": 2}",unique,C[C@H](CSC(=O)C1=CC=CC=C1)C(=O)N2C[C@H](C[C@H]2C(=O)O)SC3=CC=CC=C3,44217be8b0b7a3094e11bd6790e16fd03d1ec299e3fcbe3f39faebb71573a80a
DB13178,892,"{""892"": 1}",unique,C1(C(C(C(C(C1O)O)O)O)O)O,1792a414ce8988e1f9c26b10b19b590bbcab4a52c7f51da2b5616bf3d93b38d9
DB13281,,{},missing,,
DB13296,64949,"{""64949"": 1}",unique,C1=CC(=CC=C1C(=N)N)OCCCOC2=CC=C(C=C2)C(=N)N,4404ca35b021d82a980c63cb117feae864d3599ddf52f86e6b7710aa4bee15fa
DB13518,,{},missing,,
DB13529,29963,"{""29963"": 1}",unique,C1=CC(=C(C=C1O)S(=O)(=O)[O-])O.C1=CC(=C(C=C1O)S(=O)(=O)[O-])O.[Ca+2],44125ae8d4666d2d61431b7df04471d8934d74c72ffafdebe2825054ee02d1fb
DB13647,5198,"{""5198"": 2}",unique,CC1CCC(CC1)NC(=O)N(CCCl)N=O,793f09bd1cdb2289ac532915d280792b2f6324e367ebf4bd946321791e74a272
DB13732,64953,"{""64953"": 3}",unique,CNC[C@@H]([C@H]([C@@H]([C@@H](CO)O)O)O)O.O[Sb](=O)=O,3381fcf5e6f47ab8e02d43e60d414648ac21afeaa34f86e8487da0368907a056
DB13809,,{},missing,,
DB13811,,{},missing,,
DB13867,5311101,"{""5311101"": 10}",unique,C[C@@H]1C[C@H]2[C@@H]3C[C@@H](C4=CC(=O)C=C[C@@]4([C@]3([C@H](C[C@@]2([C@]1(C(=O)SCF)O)C)O)F)C)F,8ace2c735552ccbfd8cdb9e2280f09d4e18b9e1b431d7ed7a0709c7817a952a6
DB13868,60172,"{""60172"": 13}",unique,C1=NC(=C2C(=N1)N(C=N2)CCOCP(=O)(O)O)N,2cf01503f18746765fe36f8f2671eecdbf20e2a998b3452dcd8f0218a649b525
DB13873,64929,"{""64929"": 9}",unique,CC(C)(C(=O)O)OC1=CC=C(C=C1)C(=O)C2=CC=C(C=C2)Cl,5e9096a0aec12737e5ce3333838e24eb06b68def92240ea7ae992b2401e32ade
DB13874,89683805,"{""89683805"": 12}",unique,CC(C)(CNC1=NC(=NC(=N1)C2=NC(=CC=C2)C(F)(F)F)NC3=CC(=NC=C3)C(F)(F)F)O,163df62bdee202f5fc7f8f031301defed7605336ef8ecfe0ab367363d9418bb0
DB13877,9796068,"{""9796068"": 8}",unique,C1=CC(=C(C=C1C(=O)N)[N+](=O)[O-])I,8092db029c488b3fbac262bb4241c21b920d97decdb0ff96ed66cb21911b7f8d
DB13878,,{},missing,,
DB13879,,{},missing,,
DB13886,,{},missing,,
DB13919,2541,"{""2541"": 22}",unique,CCOC1=NC2=CC=CC(=C2N1CC3=CC=C(C=C3)C4=CC=CC=C4C5=NNN=N5)C(=O)O,35b2901799012341500f722872eaafe12201ebce3c2e639c3a859125fe5ef617
DB13923,,{},missing,,
DB13925,44400135,"{""44400135"": 1}",unique,C[C@H]([C@H]1C(=O)N[C@@H](CSSC[C@@H](C(=O)N[C@H](C(=O)N[C@@H](C(=O)N[C@H](C(=O)N1)CCCCN)CC2=CNC3=CC=CC=C32)CC4=CC=C(C=C4)O)NC(=O)[C@@H](CC5=CC=CC=C5)NC(=O)CN6CCN(CCN(CCN(CC6)CC(=O)[O-])CC(=O)[O-])CC(=O)[O-])C(=O)N[C@@H]([C@@H](C)O)C(=O)O)O.[Ga+3],8df3f4a4b0a72ca196c482a30f616f1fe458f24df0e87f90b9e29a7af223c1c4
DB13928,56843331,"{""56843331"": 26}",unique,CC[C@H](C)[C@@H](C(=O)N[C@@H](C)C(=O)N[C@@H](CC1=CNC2=CC=CC=C21)C(=O)N[C@@H](CC(C)C)C(=O)N[C@@H](C(C)C)C(=O)N[C@@H](CCCNC(=N)N)C(=O)NCC(=O)N[C@@H](CCCNC(=N)N)C(=O)NCC(=O)O)NC(=O)[C@H](CC3=CC=CC=C3)NC(=O)[C@H](CCC(=O)O)NC(=O)[C@H](CCCCNC(=O)COCCOCCNC(=O)COCCOCCNC(=O)CC[C@H](C(=O)O)NC(=O)CCCCCCCCCCCCCCCCC(=O)O)NC(=O)[C@H](C)NC(=O)[C@H](C)NC(=O)[C@H](CCC(=O)N)NC(=O)CNC(=O)[C@H](CCC(=O)O)NC(=O)[C@H](CC(C)C)NC(=O)[C@H](CC4=CC=C(C=C4)O)NC(=O)[C@H](CO)NC(=O)[C@H](CO)NC(=O)[C@H](C(C)C)NC(=O)[C@H](CC(=O)O)NC(=O)[C@H](CO)NC(=O)[C@H]([C@@H](C)O)NC(=O)[C@H](CC5=CC=CC=C5)NC(=O)[C@H]([C@@H](C)O)NC(=O)CNC(=O)[C@H](CCC(=O)O)NC(=O)C(C)(C)NC(=O)[C@H](CC6=CN=CN6)N,ce1ad006fdc7cdb6d9f9caa78a67632aad8d9f8ea515fe1b8a5d9357de2a2b17
DB13930,11719003,"{""11719003"": 4}",unique,CC(C)NC1=NC=C(C(=C1)C2=CNC(=C2)C(=O)N[C@H](CO)C3=CC(=CC=C3)Cl)Cl,a8fd1d80b6c980df7d87d0f1cf6a0f03bad6298509b5050e471b699b9b7e38e2
DB13943,441404,"{""441404"": 4}",unique,C[C@]12CC[C@H]3[C@H]([C@@H]1CC[C@@H]2OC(=O)CCC4CCCC4)CCC5=CC(=O)CC[C@]35C,1586e1e1a5ce6bd8394cd70475bc382a97cf419a82d677737c6098f648c22157
DB13981,91668,"{""91668"": 5}",unique,CC1=C[C@@H]2[C@H](CC[C@]3([C@H]2CC[C@@]3(C(=O)C)OC(=O)C)C)[C@@H]4C1=CC(=O)CC4,7dd42a8d672916e66239c5e413b41fbe061b88d0f29e013344f8d5db53692a03
DB13995,109374151,"{""109374151"": 6}",unique,[H+].[H+].[H+].[H+].[H+].[H+].[H+].[H+].[H+].C(C(=O)[O-])C(CC(=O)[O-])(C(=O)[O-])O.C(C(=O)[O-])C(CC(=O)[O-])(C(=O)[O-])O.C(C(=O)[O-])C(CC(=O)[O-])(C(=O)[O-])O.[O-]P(=O)([O-])OP(=O)([O-])[O-].[O-]P(=O)([O-])OP(=O)([O-])[O-].[O-]P(=O)([O-])OP(=O)([O-])[O-].[Fe+3].[Fe+3].[Fe+3].[Fe+3],57217ccbdc923ba6afd99ab12f6fed7fe01d0315679158ffb5f420037539d2e9
DB14003,86472,"{""86472"": 3}",unique,CC1=C(C(=C(C2=C1O[C@](CC2)(C)CCC[C@H](C)CCC[C@H](C)CCCC(C)C)C)OC(=O)C)C,dc86d683e06e08b216f48e707b6b4dead2868d5aceb8abdd72c747a835123173
DB14004,,{},missing,,
DB14009,,{},missing,,
DB14011,,{},missing,,
DB14039,,{},missing,,
DB14050,91158,"{""91158"": 6}",unique,CCCC1=CC(=C(C(=C1)O)C2C=C(CCC2C(=C)C)C)O,85c2edc2ed0f66a643c41643a199cdf714e6ab3a4b56bc6e1f2e5c50ca5a77f4
DB14055,54688261,"{""54688261"": 2}",unique,CC(=O)C[C@@H](C1=CC=CC=C1)C2=C(C3=CC=CC=C3OC2=O)O,4c9cfec08466fff9e6fbb7564f9b5f97116e87421928e028b2d00c87c65d5390
DB14086,1203,"{""1203"": 17}",unique,C1C(C(OC2=CC(=CC(=C21)O)O)C3=CC(=C(C=C3)O)O)O,d307dd1bba851a2b0b67d492ab317fab92347bea325ff052f9502c635f9f0372
DB14126,464205,"{""464205"": 56, ""11954236"": 1}",ambiguous_resolved_by_frequency,C[C@H](CN1C=NC2=C(N=CN=C21)N)OCP(=O)(O)O,bed861aa41787af9a788802bddf2137d487c5ffa321b68bae7bf23cdad574539
DB14242,,{},missing,,
DB14276,,{},missing,,
DB14329,,{},missing,,
DB14473,,{},missing,,
DB14509,3028194,"{""3028194"": 7}",unique,[Li],9358a0e681880f2dca3dacf70647f9b88d6f0ce357e8fdc2f17b7b5c5658f4bf
DB14545,222786,"{""222786"": 3}",unique,C[C@]12CCC(=O)C=C1CC[C@@H]3[C@@H]2C(=O)C[C@]4([C@H]3CC[C@@]4(C(=O)CO)O)C,aaaa7c22bfeca9bca62aedb9341505e4bcedef7fa04953be0f4985e493a317f0
DB14566,,{},missing,,
DB14568,71657455,"{""71657455"": 4}",unique,C1CC(=O)N([C@@H]1C(=O)N(C2=CC(=CN=C2)F)[C@@H](C3=CC=CC=C3Cl)C(=O)NC4CC(C4)(F)F)C5=NC=CC(=C5)C#N,508ff2980affa2e6df762a3e2537d45130b0c2d9a2b77931587ff3e5bec52bde
DB14644,23680530,"{""23680530"": 2}",unique,C[C@H]1C[C@H]2[C@@H]3CC[C@@]([C@]3(C[C@@H]([C@@H]2[C@@]4(C1=CC(=O)C=C4)C)O)C)(C(=O)COC(=O)CCC(=O)[O-])O.[Na+],3b929f664167eec7ba62baf0ec8c3c858cc3c478fa415c8708e8bbca23bf1427
DB14646,,{},missing,,
DB14681,222786,"{""222786"": 1}",unique,C[C@]12CCC(=O)C=C1CC[C@@H]3[C@@H]2C(=O)C[C@]4([C@H]3CC[C@@]4(C(=O)CO)O)C,aaaa7c22bfeca9bca62aedb9341505e4bcedef7fa04953be0f4985e493a317f0
DB14707,,{},missing,,
DB14723,46188928,"{""46188928"": 1}",unique,C1C[C@@H](N(C1)C2=NC3=C(C=NN3C=C2)NC(=O)N4CC[C@@H](C4)O)C5=C(C=CC(=C5)F)F,664ac14d9eef9aa787146b664bfead6d9d20fb2814e57e3b41fe57f7579b254d
DB14726,,{},missing,,
DB14761,121304016,"{""121304016"": 29}",unique,CCC(CC)COC(=O)[C@H](C)N[P@](=O)(OC[C@@H]1[C@H]([C@H]([C@](O1)(C#N)C2=CC=C3N2N=CN=C3N)O)O)OC4=CC=CC=C4,553c526b6cdc1d3f2e9cfc26f847b3c0903613bf50c6cb84460076c47e8e4e37
DB14762,,{},missing,,
DB14765,11315474,"{""11315474"": 107}",unique,C1CCC(C1)(C#N)C2=CC=C(C=C2)NC(=O)C3=C(N=CC=C3)NCC4=CC=NC=C4,78514720d7eed920d6797c3e42275e03d25075835481ae615b440127a5d3db1b
DB14769,,{},missing,,
DB14776,,{},missing,,
DB14778,,{},missing,,
DB14781,,{},missing,,
DB14784,,{},missing,,
DB14785,86567195,"{""86567195"": 5}",unique,C[C@H]1CN(CCN1C2=CN=C(C=C2)NC3=CC(=CN(C3=O)C)C4=C(C(=NC=C4)N5CCN6C7=C(CC(C7)(C)C)C=C6C5=O)CO)C8COC8,c5ec2264b3f47cda7e647ad52f50348b4ecfe69df76be81a79d32d0236020ecd
DB14786,,{},missing,,
DB14793,57406853,"{""57406853"": 3}",unique,CCOC1=C(C=CC(=C1)C(C)(C)C)C2=N[C@@]([C@@](N2C(=O)N3CCN(CC3)CCCS(=O)(=O)C)(C)C4=CC=C(C=C4)Cl)(C)C5=CC=C(C=C5)Cl,451de55300803ceb1c6ee0a520bb6f9c24afc69b6636326a8df3b02c3bddcb1b
DB14800,,{},missing,,
DB14801,,{},missing,,
DB14811,,{},missing,,
DB14828,,{},missing,,
DB14829,,{},missing,,
DB14831,5497152,"{""5497152"": 1}",unique,CCCCCCCC/C=C\CCCCCCCC(=O)OCC(COP(=O)(O)O)O,faa3fc2183c94d5227f6b548a1853561d51714ed99c96753ae02948903b845c7
DB14845,49831257,"{""49831257"": 11}",unique,C1CC1C(=O)NC2=NN3C(=N2)C=CC=C3C4=CC=C(C=C4)CN5CCS(=O)(=O)CC5,e47386bd46aef4601d9fce8c58ad9e32b474d80b7e9549ce2f776605c93c0d12
DB14849,9838389,"{""9838389"": 10}",unique,C1=CC=C(C=C1)CC(=O)C2=CC(=C(C(=C2)O)O)[N+](=O)[O-],740357116092f3791b819a5a906aa4e61358aaa002f9ff26f4e2ba8e0ed30ce2
DB14851,,{},missing,,
DB14857,,{},missing,,
DB14865,,{},missing,,
DB14866,25190990,"{""25190990"": 1}",unique,CCN(CC)CCNC(=O)C1=C(NC(=C1C)/C=C\2/C3=C(C=CC(=C3)C4=CSC(=N4)C5=CC=CC=C5)NC2=O)C,a132e14eec081644f790f22fec7acaa8fd3a9232651d64cdfb472e3bc061c015
DB14867,,{},missing,,
DB14872,501391,"{""501391"": 2}",unique,CCCCN1C[C@@H]([C@H]([C@H]([C@H]1CO)O)O)O,ebc1d4f0da2075c170f8c1355531f02a765f3625151d674c0cb1a864f0a1cff3
DB14876,,{},missing,,
DB14889,,{},missing,,
DB14892,,{},missing,,
DB14895,44472635,"{""44472635"": 2}",unique,C1C[C@@H](N[C@@H]1CC2=CC=C(C=C2)NC(=O)[C@@H]3CCC4=NC=CC(=O)N34)[C@@H](C5=CC=CC=C5)O,73248bcecc052b0cd8362c999cc0ee4940c20dd48f67cc202c8548d794d96739
DB14901,,{},missing,,
DB14905,,{},missing,,
DB14912,121488170,"{""121488170"": 2}",unique,COCCOCCCC(=O)NCCCC[C@@H](C(=O)O)N,ff8e2c5b94e29f73a5b5b8a1a615940ef0088dca293f8cd4cf5cfc975686730e
DB14917,121596701,"{""121596701"": 8}",unique,C[C@@H]1COCCN1C2=NC(=NC(=C2)C3(CC3)[S@](=N)(=O)C)C4=CN=CC5=C4C=CN5,65f9ed5c3d46dec93f1687ab3526d147573584a2b0bbdf1de64f84fb1bcb2442
DB14920,,{},missing,,
DB14922,,{},missing,,
DB14924,,{},missing,,
DB14928,,{},missing,,
DB14935,70798655,"{""70798655"": 1}",unique,C1COCCN1C(=O)C2=CN=C3N2C=C(C=C3)C4=CC5=C(C=C4)OC(=N5)N,6f0ed0b17f2b002e22a564bf6006bad7c8cea4e28d7b744b4c8e222b09de4985
DB14939,91865076,"{""91865076"": 7}",unique,C1C[C@H]2C(=O)N[C@H](C(=O)N[C@H](C(=O)N[C@H](C(=O)N[C@@H](CSSC[C@@H](C(=O)N[C@H](C(=O)N[C@H](C(=O)N[C@H](C(=O)N[C@H](C(=O)N2C1)CCCCN)CCCCN)CCCNC(=O)N)CC3=CC=C(C=C3)O)NC(=O)[C@H](CC4=CC5=CC=CC=C5C=C4)NC(=O)[C@H](CCCNC(=N)N)NC(=O)[C@H](CCCNC(=N)N)NC(=O)C6=CC=C(C=C6)F)C(=O)N[C@@H](CCCNC(=N)N)C(=O)N)CCCNC(=O)N)CCCNC(=N)N)CC7=CC=C(C=C7)O,d4c768c86128a5e59ec4dbb5cbe12509873f15676f2a6a03567a1f682d7bfe78
DB14943,,{},missing,,
DB14947,,{},missing,,
DB14951,,{},missing,,
DB14958,,{},missing,,
DB14967,,{},missing,,
DB14976,73051463,"{""73051463"": 19}",unique,CN1C=C(C=N1)S(=O)(=O)N2CCC3=CC4=C(C[C@@]3(C2)C(=O)C5=NC=CC(=C5)C(F)(F)F)C=NN4C6=CC=C(C=C6)F,ec9a24f6d05a0fea6b7106d8d3694cc7dff4cd567e3d10e5d1a496e2583b617e
DB14986,,{},missing,,
DB14989,72950888,"{""72950888"": 30}",unique,C[C@@H](C1=C(C(=O)C2=C(O1)C=CC(=C2)F)C3=CC(=CC=C3)F)N4C5=NC=NC(=C5C(=N4)C6=CC(=C(C=C6)OC(C)C)F)N,9148fd30e92552e577a785cbdd5751c5429ac73422acf933e8ecac18047056bd
DB14993,51039030,"{""51039030"": 21}",unique,CCOC1=C(C=C2C(=C1)N=CC(=C2NC3=CC(=C(C=C3)OCC4=CC=CC=N4)Cl)C#N)NC(=O)/C=C/[C@H]5CCCN5C,b1e8e9564037803450f725c4a3bfd799d4f866fe93556dc45befc2d3b68ee892
DB14997,,{},missing,,
DB15001,,{},missing,,
DB15011,49841217,"{""49841217"": 1}",unique,CC1=C(C(=CC=C1)F)C(=O)N2CCC[C@@H]([C@@H]2C3=CC=C(C=C3)NC4CCCC4)C(=O)NC5=CC(=C(C=C5)C)C(F)(F)F,220d08f0d95bf12be4c645564d6ecb5fdc66fa7bfb0d1acb5e525bbd5e6aa117
DB15017,,{},missing,,
DB15026,53234134,"{""53234134"": 1}",unique,CC(C)(C(=O)O)O/N=C(/C1=NSC(=N1)N)\C(=O)N[C@H]2[C@@H]3N(C2=O)C(=C(CS3)C[N+]4=CC(=C(N4C)N)NC(=O)NCCN)C(=O)[O-],3000e2b77b5750aff4dd3c64a03575b1784cb28f968450faa6320e5fb2eddf63
DB15035,135565884,"{""135565884"": 24}",unique,C=CC(=O)N1CCC(CC1)[C@@H]2CCNC3=C(C(=NN23)C4=CC=C(C=C4)OC5=CC=CC=C5)C(=O)N,3b78a2ab53d7f56e77a9eca72fd10c98a24597469e565d0c0b516a70bdbb3d39
DB15036,25212148,"{""25212148"": 27}",unique,COCCNCC1=CN=C(C=C1)C2=CC3=NC=CC(=C3S2)OC4=C(C=C(C=C4)NC(=O)C5(CC5)C(=O)NC6=CC=C(C=C6)F)F,105c4e2e86e5ef9446e5619eee7ed357acd9a42821392257eb114ced51c3b0b9
DB15043,,{},missing,,
DB15044,,{},missing,,
DB15057,73755261,"{""73755261"": 1}",unique,C[C@@H](C(=O)OCC1=CC=CC=C1)NP(=O)(OC[C@@H]2[C@@H](C([C@@H](O2)N3C=CC(=NC3=O)N)(F)F)O)OC4=CC=CC=C4,096794dc100064e0933415c037f4d5a1033d0a6d083ccfdd3f23df66210fc28a
DB15074,,{},missing,,
DB15078,71611869,"{""71611869"": 3}",unique,CC1=CC2=C(C(=C1)OC)SC(=C2)C3=C4C(=NC=NN4C(=C3COC)CN5CCNC(=O)C5)N,f9ceafda0d8c87a0076880ba18e336a2e0cafbd8baac291961b9718ef895fa05
DB15082,,{},missing,,
DB15088,,{},missing,,
DB15091,58557659,"{""58557659"": 21}",unique,CC[C@@H]1CN(C[C@@H]1C2=CN=C3N2C4=C(NC=C4)N=C3)C(=O)NCC(F)(F)F,18b3ebface780bb6acaf7e5f4a42eb76b044db443fc3719c166571bb4afdc281
DB15100,,{},missing,,
DB15101,,{},missing,,
DB15106,,{},missing,,
DB15110,,{},missing,,
DB15113,,{},missing,,
DB15114,3035000,"{""3035000"": 2}",unique,C[C@@H]1C[C@H]2[C@@H]3CCC4=CC(=O)C=C[C@@]4(C3=CC[C@@]2([C@]1(C(=O)CO)O)C)C,cc8f67b0af016c234874b13d9da9e4451a9833e1af5f87ef6c22fbcf042cc602
DB15118,,{},missing,,
DB15133,25171648,"{""25171648"": 13}",unique,CN1CCC(CC1)COC2=CN=C(N=C2)C3=CC=CC(=C3)CN4C(=O)C=CC(=N4)C5=CC=CC(=C5)C#N,8c694edbb1d42c26a5ddf9666f7f03631eb8be04e37b0be467c08917d5b95b54
DB15140,,{},missing,,
DB15143,,{},missing,,
DB15151,,{},missing,,
DB15161,2826731,"{""2826731"": 2}",unique,[11CH3]NC1=CC=C(C=C1)C2=NC3=C(S2)C=C(C=C3)O,08ad74a810bc5ed0c0f8ee9bcb65c5738b1dba0a2736b9b5cfae9ae3cbe89dc1
DB15166,,{},missing,,
DB15171,,{},missing,,
DB15186,,{},missing,,
DB15187,56839178,"{""56839178"": 2}",unique,CN1CCN(CC1)CC2=CC=C(C=C2)NC3=NC=C(C(=N3)NC4=CC=CC=C4S(=O)(=O)N(C)C)Cl,fb8ce20f9757ca0bf55953a8c42425e575bc87c4743e2c7976397d4f9106a1c4
DB15189,9936746,"{""9936746"": 1}",unique,CC1=C(SC2=C1C(=N[C@H](C3=NN=C(N32)C)CC(=O)NC4=CC=C(C=C4)O)C5=CC=C(C=C5)Cl)C,d1477224d87668985c4edb7c1cbd67e8829359bf22c7fc57a428cb5d0c2656fb
DB15206,90055716,"{""90055716"": 39}",unique,C[C@H](C(=O)OC(C)C)N[P@@](=O)(OC[C@@H]1[C@H]([C@@]([C@@H](O1)N2C=CC(=O)NC2=O)(C)Cl)O)OC3=CC=CC=C3,925c125af2344b6452a04b2d042f96156ec0b044766733fd879af32ff41a469d
DB15207,,{},missing,,
DB15219,,{},missing,,
DB15227,54755438,"{""54755438"": 8}",unique,CC#CC(=O)N1CC[C@H](C1)N2C3=NC=NC(=C3N(C2=O)C4=CC=C(C=C4)OC5=CC=CC=C5)N,27e146d64192e106410f6da3b48b1a7c901ce2c42980cd245345038963c30b6d
DB15228,,{},missing,,
DB15232,71577426,"{""71577426"": 19}",unique,C1=CC=NC(=C1)CC(=O)NC2=NN=C(S2)CCCCC3=NN=C(C=C3)NC(=O)CC4=CC(=CC=C4)OC(F)(F)F,908d1643ddde6eca5279968c9837fae8327afc28ffaddfb6aac71a4af1b445e7
DB15233,118023034,"{""118023034"": 1}",unique,C[C@](C1=CC=C(C=C1)F)(C2=CN=C(N=C2)N3CCN(CC3)C4=NC=NN5C4=CC(=C5)C6=CN(N=C6)C)N,f1e36744e743d34a0a2771a21da13a0b6d18db9af92c6a7e6f3e8b2cb4fd3921
DB15245,91885568,"{""91885568"": 6}",unique,CC1=CC(=C(N1C)C(=O)C(=O)NC2=CC=C(C=C2)N3CCN(CC3)C4=NC=C(C=N4)F)C5=CC=CC=C5,50af94fa7a272bbc1a44548266fba4111446280e54d224cf94f24d0d4dffb48a
DB15247,59215954,"{""59215954"": 4}",unique,CC1=C(NC(=C1C(=O)N[C@H]2CCN(C2)C(=O)N(C)C)C)/C=C\3/C4=C(C=CC(=C4)F)NC3=O,dc54b9d5cedba890d9322cbd30fbde44ebb1e4bbb55a9522c093a77f1d1bd8d1
DB15257,,{},missing,,
DB15266,25161177,"{""25161177"": 6}",unique,C[C@H](C1=NC=C(S1)C(=O)NC2=NC=C(C(=C2)C(F)(F)F)Cl)NC(=O)C3=C(C(=NC=N3)N)Cl,e073ae4dbe0a1ab09bb27d810faf4317590a784650f23b6a02a9f82d2335909d
DB15271,,{},missing,,
DB15275,,{},missing,,
DB15277,,{},missing,,
DB15286,,{},missing,,
DB15295,86291103,"{""86291103"": 1}",unique,CC[C@@H](C1=C(C(=O)C2=CC=CC=C2O1)C3=CC(=CC=C3)F)NC4=NC=NC5=C4NC=N5,86929858ff54caccda438d350e5fe0a53b7cc4ec4b771891a89837eb5bb93e12
DB15302,,{},missing,,
DB15305,118513932,"{""118513932"": 3}",unique,CC1=CC(=NN2C1=NC(=C2)C)C3=CC(=O)N4C=C(C=CC4=N3)N5CCNC6(C5)CC6,d6073d6ab45a32dc824f6227327b22eeed52f21e672ef231f51749f9aa2a8efe
DB15311,,{},missing,,
DB15323,,{},missing,,
DB15352,,{},missing,,
DB15357,60809,"{""60809"": 1}",unique,CCCCCCOC1=NSN=C1C2=CCCN(C2)C,4592ce5574136e4b54b347f98b948c54fccaad57216a6deca33199beabe0e407
DB15363,,{},missing,,
DB15368,,{},missing,,
DB15372,,{},missing,,
DB15373,73415750,"{""73415750"": 1}",unique,C(CN(CC(=O)[O-])CC(=O)[O-])N(CCN(CC(=O)[O-])CC(=O)[O-])CC(=O)[O-].[Na+].[Tc+4],558000e7b0decd4e09daa4870ad203016c112ecbbbe0cb3c1ca6a43dad48f187
DB15386,,{},missing,,
DB15393,9808844,"{""9808844"": 2}",unique,CNC(=O)C1=NC=CC(=C1)COC2=NN=C(C3=C2OC=C3)NC4=CC=C(C=C4)Cl,cf28ee5ee7f2820e6163d6f68e09b9af048dbc262e1c6a3c9553c36c64485204
DB15408,24748573,"{""24748573"": 3}",unique,C1=CC(=CC(=C1)Cl)NC2=NC3=C(C=CC(=C3)C(=O)O)C4=C2C=CN=C4,f85d49553b8e8c9e5097e9d717b07efe3b43d6e616d4a5111064ee2834579211
DB15414,25191001,"{""25191001"": 2}",unique,[2H]C([2H])([2H])NC(=O)C1=NC=CC(=C1)OC2=CC=C(C=C2)NC(=O)NC3=CC(=C(C=C3)Cl)C(F)(F)F,da2a847c13a9dcca139b6eac645b423111879177fba9f2347253a018fcce2f97
DB15419,,{},missing,,
DB15421,,{},missing,,
DB15425,,{},missing,,
DB15432,,{},missing,,
DB15434,,{},missing,,
DB15435,118196485,"{""118196485"": 4}",unique,CC1=C(N(N=N1)C)C2=CC3=C(C4=C(N3[C@@H](C5CCOCC5)C6=CC=CC=C6)C=C(C=C4)C(C)(C)O)N=C2,ef07194da6a24b6f480f0a241a45e255d527a4de52a06bf95d050dfc014ce0a3
DB15442,,{},missing,,
DB15449,53340426,"{""53340426"": 2}",unique,C1=CC=C(C=C1)N(C2=CC=CC=C2Cl)C3=NC=C(C=N3)C(=O)NCCCCCCC(=O)NO,be5bea1ba42a533432efe6f179d2508ef2d0662548e36a493f3aa0b66f5ee925
DB15455,,{},missing,,
DB15456,54674461,"{""54674461"": 19}",unique,COC(=O)NC1=C(N=C(N=C1N)C2=NN(C3=C2C=C(C=N3)F)CC4=CC=CC=C4F)N,15de8fa020cf8d93b4beffe7a5fa0c0d7e78aa3484d698839591c7a25f0e13d3
DB15463,,{},missing,,
DB15471,,{},missing,,
DB15494,71661158,"{""71661158"": 1}",unique,C[C@H]([C@H]1C(=O)N[C@@H](CSSC[C@@H](C(=O)N[C@H](C(=O)N[C@@H](C(=O)N[C@H](C(=O)N1)CCCCN)CC2=CNC3=CC=CC=C32)CC4=CC=C(C=C4)O)NC(=O)[C@@H](CC5=CC=CC=C5)NC(=O)CN6CCN(CCN(CCN(CC6)CC(=O)[O-])CC(=O)[O-])CC(=O)[O-])C(=O)N[C@H](CO)[C@@H](C)O)O.[68Ga+3],edca5923d74b65aa03239d6ca932531eeb1876cff05c2c01a71dd3af3a372f59
DB15568,,{},missing,,
DB15570,,{},missing,,
DB15588,64945,"{""64945"": 2}",unique,C[C@@H]1CC[C@@]2(CC[C@@]3(C(=CC[C@H]4[C@]3(CC[C@@H]5[C@@]4(CC[C@@H](C5(C)C)O)C)C)[C@@H]2[C@H]1C)C)C(=O)O,cef1d7d49fe7fe51960e5be491df046568e79e125c40e759de02c46f91fa7b44
DB15631,,{},missing,,
DB15637,,{},missing,,
DB15649,,{},missing,,
DB15652,71665718,"{""71665718"": 6}",unique,CC(C)[C@@H](C(=O)N1CCC[C@H]1C2=NC3=C(N2)C=C(C=C3)C4=CC5=C(C=C4)C=C(C=C5)C6=CN=C(N6)[C@@H]7CCCN7C(=O)[C@H](C(C)C)NC(=O)OC)NC(=O)OC.Cl.Cl,1bad7c5a6e29b3b0a2cefe6574df4231a3ddd29197439fb906010343d5af4ef4
DB15690,450503,"{""450503"": 1}",unique,C([C@@H]1[C@H]([C@@H]([C@H]([C@H](O1)O)[18F])O)O)O,ec79e2c8bfc88d5c1e0067480c580d1450cfdac4aaf65ff4647a2729b2d19087
DB15765,,{},missing,,
DB15773,,{},missing,,
DB15850,,{},missing,,
DB15874,,{},missing,,
DB15965,,{},missing,,
DB16021,5355,"{""5355"": 1}",unique,CCN1CCCC1CNC(=O)C2=C(C=CC(=C2)S(=O)(=O)N)OC,baf91df9d0cea1cdaa8e33bfd26efa6932e31bc38aeafbde2aa995f36c45c492
DB16024,11967809,"{""11967809"": 15}",unique,CC1(C(=[N+](C2=C1C3=CC=CC=C3C=C2)CCCCS(=O)(=O)[O-])/C=C/C=C/C=C/C=C/4\C(C5=C(N4CCCCS(=O)(=O)[O-])C=CC6=CC=CC=C65)(C)C)C.[Na+],dafaad9fdbe3ed08e5ed2ba1cf2b08014b67a5230f97a95a4923efaf9d211e8e
DB16075,147569,"{""147569"": 1}",unique,C1=NC(=C2C(=N1)N(C(=N2)Cl)[C@H]3[C@@H]([C@@H]([C@H](O3)CO)O)O)N,ca1621896c2c3fea22cb8c1e63d6b9ec28b20c815628e461d0f07d68126bfbe5
DB16092,,{},missing,,
DB16095,,{},missing,,
DB16124,,{},missing,,
DB16130,12714644,"{""12714644"": 2}",unique,CS(=O)(=O)CCC#N,8b201e8875cd1a4b76e3b7dc0ebf3163b247986440b71a0bc7143892a94d3f8c
DB16150,,{},missing,,
DB16157,9934746,"{""9934746"": 2}",unique,CC1=CC(=C(C(=C1)C)N=C2C=C3C4=CC(=C(C=C4CCN3C(=O)N2CCNC(=O)N)OC)OC)C,7d29b00928c072768316ee5bc0e868d7e9b4e90de4b9732c81882d0330969c19
DB16166,,{},missing,,
DB16170,,{},missing,,
DB16173,49856296,"{""49856296"": 3}",unique,CC1(C2=NC(=C(N2CCN1C(=O)CN)NC3=CC=C(C=C3)F)C4=CC=C(C=C4)F)C,0656710a5b89ca27b92e500e7985d694d72b4c9f308f97985f80b3bc66b5f888
DB16186,,{},missing,,
DB16222,,{},missing,,
DB16225,,{},missing,,
DB16228,,{},missing,,
DB16240,,{},missing,,
DB16250,72703790,"{""72703790"": 18}",unique,CC1=NC=CC(=C1)C(=O)NC2=NC3=C(N2[C@@H]4CCCCN(C4)C(=O)/C=C/CN(C)C)C(=CC=C3)Cl,653a3a431571ee33914b5db8d87981c3e9dcc56e33e8550affbcbf3cb4d5399d
DB16252,,{},missing,,
DB16296,,{},missing,,
DB16322,,{},missing,,
DB16364,,{},missing,,
DB16370,,{},missing,,
DB16371,,{},missing,,
DB16383,,{},missing,,
DB16388,,{},missing,,
DB16399,,{},missing,,
DB16406,,{},missing,,
DB16409,,{},missing,,
DB16425,,{},missing,,
